fecha,producto_id,nombre,categoria,subcategoria,precio_base,es_estrella,unidades_vendidas,precio_venta,ingresos,año,mes,dia_mes,dia_semana,dia_semana_num,trimestre,semana_ano,num_dias_mes,es_fin_semana,es_festivo,es_Black_Friday,es_Cyber_Monday,es_Navidad,es_Ano_Nuevo,es_Verano,es_puente,dias_hasta_fin_mes,dias_hasta_fin_trimestre,dias_hasta_fin_ano,unidades_vendidas_lag1,unidades_vendidas_lag2,unidades_vendidas_lag3,unidades_vendidas_lag4,unidades_vendidas_lag5,unidades_vendidas_lag6,unidades_vendidas_lag7,unidades_vendidas_ma7,descuento_porcentaje,precio_competencia,ratio_precio,nombre_h,categoria_h,subcategoria_h,nombre_h_Adidas Own The Run Jacket,nombre_h_Adidas Own The Run Jacket,nombre_h_Adidas Ultraboost 23,nombre_h_Adidas Ultraboost 23,nombre_h_Asics Gel Nimbus 25,nombre_h_Asics Gel Nimbus 25,nombre_h_Bowflex SelectTech 552,nombre_h_Bowflex SelectTech 552,nombre_h_Columbia Silver Ridge,nombre_h_Columbia Silver Ridge,nombre_h_Decathlon Bandas Elásticas Set,nombre_h_Decathlon Bandas Elásticas Set,nombre_h_Domyos BM900,nombre_h_Domyos BM900,nombre_h_Domyos Kit Mancuernas 20kg,nombre_h_Domyos Kit Mancuernas 20kg,nombre_h_Gaiam Premium Yoga Block,nombre_h_Gaiam Premium Yoga Block,nombre_h_Liforme Yoga Pad,nombre_h_Liforme Yoga Pad,nombre_h_Lotuscrafts Yoga Bolster,nombre_h_Lotuscrafts Yoga Bolster,nombre_h_Manduka PRO Yoga Mat,nombre_h_Manduka PRO Yoga Mat,nombre_h_Merrell Moab 2 GTX,nombre_h_Merrell Moab 2 GTX,nombre_h_New Balance Fresh Foam X 1080v12,nombre_h_New Balance Fresh Foam X 1080v12,nombre_h_Nike Air Zoom Pegasus 40,nombre_h_Nike Air Zoom Pegasus 40,nombre_h_Nike Dri-FIT Miler,nombre_h_Nike Dri-FIT Miler,nombre_h_Puma Velocity Nitro 2,nombre_h_Puma Velocity Nitro 2,nombre_h_Quechua MH500,nombre_h_Quechua MH500,nombre_h_Reebok Floatride Energy 5,nombre_h_Reebok Floatride Energy 5,nombre_h_Reebok Professional Deck,nombre_h_Reebok Professional Deck,nombre_h_Salomon Speedcross 5 GTX,nombre_h_Salomon Speedcross 5 GTX,nombre_h_Sveltus Kettlebell 12kg,nombre_h_Sveltus Kettlebell 12kg,nombre_h_The North Face Borealis,nombre_h_The North Face Borealis,nombre_h_Trek Marlin 7,nombre_h_Trek Marlin 7,categoria_h_Fitness,categoria_h_Fitness,categoria_h_Outdoor,categoria_h_Outdoor,categoria_h_Running,categoria_h_Running,categoria_h_Wellness,categoria_h_Wellness,subcategoria_h_Banco Gimnasio,subcategoria_h_Banco Gimnasio,subcategoria_h_Bandas Elásticas,subcategoria_h_Bandas Elásticas,subcategoria_h_Bicicleta Montaña,subcategoria_h_Bicicleta Montaña,subcategoria_h_Bloque Yoga,subcategoria_h_Bloque Yoga,subcategoria_h_Cojín Yoga,subcategoria_h_Cojín Yoga,subcategoria_h_Esterilla Fitness,subcategoria_h_Esterilla Fitness,subcategoria_h_Esterilla Yoga,subcategoria_h_Esterilla Yoga,subcategoria_h_Mancuernas Ajustables,subcategoria_h_Mancuernas Ajustables,subcategoria_h_Mochila Trekking,subcategoria_h_Mochila Trekking,subcategoria_h_Pesa Rusa,subcategoria_h_Pesa Rusa,subcategoria_h_Pesas Casa,subcategoria_h_Pesas Casa,subcategoria_h_Rodillera Yoga,subcategoria_h_Rodillera Yoga,subcategoria_h_Ropa Montaña,subcategoria_h_Ropa Montaña,subcategoria_h_Ropa Running,subcategoria_h_Ropa Running,subcategoria_h_Zapatillas Running,subcategoria_h_Zapatillas Running,subcategoria_h_Zapatillas Trail,subcategoria_h_Zapatillas Trail
2025-11-01,PROD_001,Nike Air Zoom Pegasus 40,Running,Zapatillas Running,115,True,,115.0,,2025,11,1,Saturday,5,4,44,30,1,1,0,0,0,0,0,0,29,60,60,14.0,10.0,14.0,15.0,16.0,20.0,26.0,16.428571428571427,0.0,,,Nike Air Zoom Pegasus 40,Running,Zapatillas Running,,0,,0,,0,,0,,0,,0,,0,,0,,0,,0,,0,,0,,0,,0,,1,,0,,0,,0,,0,,0,,0,,0,,0,,0,,0,,0,,1,,0,,0,,0,,0,,0,,0,,0,,0,,0,,0,,0,,0,,0,,0,,0,,1,,0
2025-11-02,PROD_001,Nike Air Zoom Pegasus 40,Running,Zapatillas Running,115,True,,115.0,,2025,11,2,Sunday,6,4,44,30,1,0,0,0,0,0,0,0,28,59,59,,14.0,10.0,14.0,15.0,16.0,20.0,14.833333333333334,0.0,,,Nike Air Zoom Pegasus 40,Running,Zapatillas Running,,0,,0,,0,,0,,0,,0,,0,,0,,0,,0,,0,,0,,0,,0,,1,,0,,0,,0,,0,,0,,0,,0,,0,,0,,0,,0,,1,,0,,0,,0,,0,,0,,0,,0,,0,,0,,0,,0,,0,,0,,0,,0,,1,,0
2025-11-03,PROD_001,Nike Air Zoom Pegasus 40,Running,Zapatillas Running,115,True,,115.0,,2025,11,3,Monday,0,4,45,30,0,0,0,0,0,0,0,0,27,58,58,,,14.0,10.0,14.0,15.0,16.0,13.8,0.0,,,Nike Air Zoom Pegasus 40,Running,Zapatillas Running,,0,,0,,0,,0,,0,,0,,0,,0,,0,,0,,0,,0,,0,,0,,1,,0,,0,,0,,0,,0,,0,,0,,0,,0,,0,,0,,1,,0,,0,,0,,0,,0,,0,,0,,0,,0,,0,,0,,0,,0,,0,,0,,1,,0
2025-11-04,PROD_001,Nike Air Zoom Pegasus 40,Running,Zapatillas Running,115,True,,115.0,,2025,11,4,Tuesday,1,4,45,30,0,0,0,0,0,0,0,0,26,57,57,,,,14.0,10.0,14.0,15.0,13.25,0.0,,,Nike Air Zoom Pegasus 40,Running,Zapatillas Running,,0,,0,,0,,0,,0,,0,,0,,0,,0,,0,,0,,0,,0,,0,,1,,0,,0,,0,,0,,0,,0,,0,,0,,0,,0,,0,,1,,0,,0,,0,,0,,0,,0,,0,,0,,0,,0,,0,,0,,0,,0,,0,,1,,0
2025-11-05,PROD_001,Nike Air Zoom Pegasus 40,Running,Zapatillas Running,115,True,,115.0,,2025,11,5,Wednesday,2,4,45,30,0,0,0,0,0,0,0,0,25,56,56,,,,,14.0,10.0,14.0,12.666666666666666,0.0,,,Nike Air Zoom Pegasus 40,Running,Zapatillas Running,,0,,0,,0,,0,,0,,0,,0,,0,,0,,0,,0,,0,,0,,0,,1,,0,,0,,0,,0,,0,,0,,0,,0,,0,,0,,0,,1,,0,,0,,0,,0,,0,,0,,0,,0,,0,,0,,0,,0,,0,,0,,0,,1,,0
2025-11-06,PROD_001,Nike Air Zoom Pegasus 40,Running,Zapatillas Running,115,True,,115.0,,2025,11,6,Thursday,3,4,45,30,0,0,0,0,0,0,0,0,24,55,55,,,,,,14.0,10.0,12.0,0.0,,,Nike Air Zoom Pegasus 40,Running,Zapatillas Running,,0,,0,,0,,0,,0,,0,,0,,0,,0,,0,,0,,0,,0,,0,,1,,0,,0,,0,,0,,0,,0,,0,,0,,0,,0,,0,,1,,0,,0,,0,,0,,0,,0,,0,,0,,0,,0,,0,,0,,0,,0,,0,,1,,0
2025-11-07,PROD_001,Nike Air Zoom Pegasus 40,Running,Zapatillas Running,115,True,,115.0,,2025,11,7,Friday,4,4,45,30,0,0,0,0,0,0,0,0,23,54,54,,,,,,,14.0,14.0,0.0,,,Nike Air Zoom Pegasus 40,Running,Zapatillas Running,,0,,0,,0,,0,,0,,0,,0,,0,,0,,0,,0,,0,,0,,0,,1,,0,,0,,0,,0,,0,,0,,0,,0,,0,,0,,0,,1,,0,,0,,0,,0,,0,,0,,0,,0,,0,,0,,0,,0,,0,,0,,0,,1,,0
2025-11-08,PROD_001,Nike Air Zoom Pegasus 40,Running,Zapatillas Running,115,True,,115.0,,2025,11,8,Saturday,5,4,45,30,1,0,0,0,0,0,0,0,22,53,53,,,,,,,,,0.0,,,Nike Air Zoom Pegasus 40,Running,Zapatillas Running,,0,,0,,0,,0,,0,,0,,0,,0,,0,,0,,0,,0,,0,,0,,1,,0,,0,,0,,0,,0,,0,,0,,0,,0,,0,,0,,1,,0,,0,,0,,0,,0,,0,,0,,0,,0,,0,,0,,0,,0,,0,,0,,1,,0
2025-11-09,PROD_001,Nike Air Zoom Pegasus 40,Running,Zapatillas Running,115,True,,115.0,,2025,11,9,Sunday,6,4,45,30,1,0,0,0,0,0,0,0,21,52,52,,,,,,,,,0.0,,,Nike Air Zoom Pegasus 40,Running,Zapatillas Running,,0,,0,,0,,0,,0,,0,,0,,0,,0,,0,,0,,0,,0,,0,,1,,0,,0,,0,,0,,0,,0,,0,,0,,0,,0,,0,,1,,0,,0,,0,,0,,0,,0,,0,,0,,0,,0,,0,,0,,0,,0,,0,,1,,0
2025-11-10,PROD_001,Nike Air Zoom Pegasus 40,Running,Zapatillas Running,115,True,,115.0,,2025,11,10,Monday,0,4,46,30,0,0,0,0,0,0,0,0,20,51,51,,,,,,,,,0.0,,,Nike Air Zoom Pegasus 40,Running,Zapatillas Running,,0,,0,,0,,0,,0,,0,,0,,0,,0,,0,,0,,0,,0,,0,,1,,0,,0,,0,,0,,0,,0,,0,,0,,0,,0,,0,,1,,0,,0,,0,,0,,0,,0,,0,,0,,0,,0,,0,,0,,0,,0,,0,,1,,0
2025-11-11,PROD_001,Nike Air Zoom Pegasus 40,Running,Zapatillas Running,115,True,,115.0,,2025,11,11,Tuesday,1,4,46,30,0,0,0,0,0,0,0,0,19,50,50,,,,,,,,,0.0,,,Nike Air Zoom Pegasus 40,Running,Zapatillas Running,,0,,0,,0,,0,,0,,0,,0,,0,,0,,0,,0,,0,,0,,0,,1,,0,,0,,0,,0,,0,,0,,0,,0,,0,,0,,0,,1,,0,,0,,0,,0,,0,,0,,0,,0,,0,,0,,0,,0,,0,,0,,0,,1,,0
2025-11-12,PROD_001,Nike Air Zoom Pegasus 40,Running,Zapatillas Running,115,True,,115.0,,2025,11,12,Wednesday,2,4,46,30,0,0,0,0,0,0,0,0,18,49,49,,,,,,,,,0.0,,,Nike Air Zoom Pegasus 40,Running,Zapatillas Running,,0,,0,,0,,0,,0,,0,,0,,0,,0,,0,,0,,0,,0,,0,,1,,0,,0,,0,,0,,0,,0,,0,,0,,0,,0,,0,,1,,0,,0,,0,,0,,0,,0,,0,,0,,0,,0,,0,,0,,0,,0,,0,,1,,0
2025-11-13,PROD_001,Nike Air Zoom Pegasus 40,Running,Zapatillas Running,115,True,,115.0,,2025,11,13,Thursday,3,4,46,30,0,0,0,0,0,0,0,0,17,48,48,,,,,,,,,0.0,,,Nike Air Zoom Pegasus 40,Running,Zapatillas Running,,0,,0,,0,,0,,0,,0,,0,,0,,0,,0,,0,,0,,0,,0,,1,,0,,0,,0,,0,,0,,0,,0,,0,,0,,0,,0,,1,,0,,0,,0,,0,,0,,0,,0,,0,,0,,0,,0,,0,,0,,0,,0,,1,,0
2025-11-14,PROD_001,Nike Air Zoom Pegasus 40,Running,Zapatillas Running,115,True,,115.0,,2025,11,14,Friday,4,4,46,30,0,0,0,0,0,0,0,0,16,47,47,,,,,,,,,0.0,,,Nike Air Zoom Pegasus 40,Running,Zapatillas Running,,0,,0,,0,,0,,0,,0,,0,,0,,0,,0,,0,,0,,0,,0,,1,,0,,0,,0,,0,,0,,0,,0,,0,,0,,0,,0,,1,,0,,0,,0,,0,,0,,0,,0,,0,,0,,0,,0,,0,,0,,0,,0,,1,,0
2025-11-15,PROD_001,Nike Air Zoom Pegasus 40,Running,Zapatillas Running,115,True,,115.0,,2025,11,15,Saturday,5,4,46,30,1,0,0,0,0,0,0,0,15,46,46,,,,,,,,,0.0,,,Nike Air Zoom Pegasus 40,Running,Zapatillas Running,,0,,0,,0,,0,,0,,0,,0,,0,,0,,0,,0,,0,,0,,0,,1,,0,,0,,0,,0,,0,,0,,0,,0,,0,,0,,0,,1,,0,,0,,0,,0,,0,,0,,0,,0,,0,,0,,0,,0,,0,,0,,0,,1,,0
2025-11-16,PROD_001,Nike Air Zoom Pegasus 40,Running,Zapatillas Running,115,True,,115.0,,2025,11,16,Sunday,6,4,46,30,1,0,0,0,0,0,0,0,14,45,45,,,,,,,,,0.0,,,Nike Air Zoom Pegasus 40,Running,Zapatillas Running,,0,,0,,0,,0,,0,,0,,0,,0,,0,,0,,0,,0,,0,,0,,1,,0,,0,,0,,0,,0,,0,,0,,0,,0,,0,,0,,1,,0,,0,,0,,0,,0,,0,,0,,0,,0,,0,,0,,0,,0,,0,,0,,1,,0
2025-11-17,PROD_001,Nike Air Zoom Pegasus 40,Running,Zapatillas Running,115,True,,115.0,,2025,11,17,Monday,0,4,47,30,0,0,0,0,0,0,0,0,13,44,44,,,,,,,,,0.0,,,Nike Air Zoom Pegasus 40,Running,Zapatillas Running,,0,,0,,0,,0,,0,,0,,0,,0,,0,,0,,0,,0,,0,,0,,1,,0,,0,,0,,0,,0,,0,,0,,0,,0,,0,,0,,1,,0,,0,,0,,0,,0,,0,,0,,0,,0,,0,,0,,0,,0,,0,,0,,1,,0
2025-11-18,PROD_001,Nike Air Zoom Pegasus 40,Running,Zapatillas Running,115,True,,115.0,,2025,11,18,Tuesday,1,4,47,30,0,0,0,0,0,0,0,0,12,43,43,,,,,,,,,0.0,,,Nike Air Zoom Pegasus 40,Running,Zapatillas Running,,0,,0,,0,,0,,0,,0,,0,,0,,0,,0,,0,,0,,0,,0,,1,,0,,0,,0,,0,,0,,0,,0,,0,,0,,0,,0,,1,,0,,0,,0,,0,,0,,0,,0,,0,,0,,0,,0,,0,,0,,0,,0,,1,,0
2025-11-19,PROD_001,Nike Air Zoom Pegasus 40,Running,Zapatillas Running,115,True,,115.0,,2025,11,19,Wednesday,2,4,47,30,0,0,0,0,0,0,0,0,11,42,42,,,,,,,,,0.0,,,Nike Air Zoom Pegasus 40,Running,Zapatillas Running,,0,,0,,0,,0,,0,,0,,0,,0,,0,,0,,0,,0,,0,,0,,1,,0,,0,,0,,0,,0,,0,,0,,0,,0,,0,,0,,1,,0,,0,,0,,0,,0,,0,,0,,0,,0,,0,,0,,0,,0,,0,,0,,1,,0
2025-11-20,PROD_001,Nike Air Zoom Pegasus 40,Running,Zapatillas Running,115,True,,115.0,,2025,11,20,Thursday,3,4,47,30,0,0,0,0,0,0,0,0,10,41,41,,,,,,,,,0.0,,,Nike Air Zoom Pegasus 40,Running,Zapatillas Running,,0,,0,,0,,0,,0,,0,,0,,0,,0,,0,,0,,0,,0,,0,,1,,0,,0,,0,,0,,0,,0,,0,,0,,0,,0,,0,,1,,0,,0,,0,,0,,0,,0,,0,,0,,0,,0,,0,,0,,0,,0,,0,,1,,0
2025-11-21,PROD_001,Nike Air Zoom Pegasus 40,Running,Zapatillas Running,115,True,,115.0,,2025,11,21,Friday,4,4,47,30,0,0,0,0,0,0,0,0,9,40,40,,,,,,,,,0.0,,,Nike Air Zoom Pegasus 40,Running,Zapatillas Running,,0,,0,,0,,0,,0,,0,,0,,0,,0,,0,,0,,0,,0,,0,,1,,0,,0,,0,,0,,0,,0,,0,,0,,0,,0,,0,,1,,0,,0,,0,,0,,0,,0,,0,,0,,0,,0,,0,,0,,0,,0,,0,,1,,0
2025-11-22,PROD_001,Nike Air Zoom Pegasus 40,Running,Zapatillas Running,115,True,,115.0,,2025,11,22,Saturday,5,4,47,30,1,0,0,0,0,0,0,0,8,39,39,,,,,,,,,0.0,,,Nike Air Zoom Pegasus 40,Running,Zapatillas Running,,0,,0,,0,,0,,0,,0,,0,,0,,0,,0,,0,,0,,0,,0,,1,,0,,0,,0,,0,,0,,0,,0,,0,,0,,0,,0,,1,,0,,0,,0,,0,,0,,0,,0,,0,,0,,0,,0,,0,,0,,0,,0,,1,,0
2025-11-23,PROD_001,Nike Air Zoom Pegasus 40,Running,Zapatillas Running,115,True,,115.0,,2025,11,23,Sunday,6,4,47,30,1,0,0,0,0,0,0,0,7,38,38,,,,,,,,,0.0,,,Nike Air Zoom Pegasus 40,Running,Zapatillas Running,,0,,0,,0,,0,,0,,0,,0,,0,,0,,0,,0,,0,,0,,0,,1,,0,,0,,0,,0,,0,,0,,0,,0,,0,,0,,0,,1,,0,,0,,0,,0,,0,,0,,0,,0,,0,,0,,0,,0,,0,,0,,0,,1,,0
2025-11-24,PROD_001,Nike Air Zoom Pegasus 40,Running,Zapatillas Running,115,True,,115.0,,2025,11,24,Monday,0,4,48,30,0,0,0,0,0,0,0,0,6,37,37,,,,,,,,,0.0,,,Nike Air Zoom Pegasus 40,Running,Zapatillas Running,,0,,0,,0,,0,,0,,0,,0,,0,,0,,0,,0,,0,,0,,0,,1,,0,,0,,0,,0,,0,,0,,0,,0,,0,,0,,0,,1,,0,,0,,0,,0,,0,,0,,0,,0,,0,,0,,0,,0,,0,,0,,0,,1,,0
2025-11-25,PROD_001,Nike Air Zoom Pegasus 40,Running,Zapatillas Running,115,True,,115.0,,2025,11,25,Tuesday,1,4,48,30,0,0,0,0,0,0,0,0,5,36,36,,,,,,,,,0.0,,,Nike Air Zoom Pegasus 40,Running,Zapatillas Running,,0,,0,,0,,0,,0,,0,,0,,0,,0,,0,,0,,0,,0,,0,,1,,0,,0,,0,,0,,0,,0,,0,,0,,0,,0,,0,,1,,0,,0,,0,,0,,0,,0,,0,,0,,0,,0,,0,,0,,0,,0,,0,,1,,0
2025-11-26,PROD_001,Nike Air Zoom Pegasus 40,Running,Zapatillas Running,115,True,,115.0,,2025,11,26,Wednesday,2,4,48,30,0,0,0,0,0,0,0,0,4,35,35,,,,,,,,,0.0,,,Nike Air Zoom Pegasus 40,Running,Zapatillas Running,,0,,0,,0,,0,,0,,0,,0,,0,,0,,0,,0,,0,,0,,0,,1,,0,,0,,0,,0,,0,,0,,0,,0,,0,,0,,0,,1,,0,,0,,0,,0,,0,,0,,0,,0,,0,,0,,0,,0,,0,,0,,0,,1,,0
2025-11-27,PROD_001,Nike Air Zoom Pegasus 40,Running,Zapatillas Running,115,True,,115.0,,2025,11,27,Thursday,3,4,48,30,0,0,0,0,0,0,0,0,3,34,34,,,,,,,,,0.0,,,Nike Air Zoom Pegasus 40,Running,Zapatillas Running,,0,,0,,0,,0,,0,,0,,0,,0,,0,,0,,0,,0,,0,,0,,1,,0,,0,,0,,0,,0,,0,,0,,0,,0,,0,,0,,1,,0,,0,,0,,0,,0,,0,,0,,0,,0,,0,,0,,0,,0,,0,,0,,1,,0
2025-11-28,PROD_001,Nike Air Zoom Pegasus 40,Running,Zapatillas Running,115,True,,97.75,,2025,11,28,Friday,4,4,48,30,0,0,1,0,0,0,0,0,2,33,33,,,,,,,,,-15.0,,,Nike Air Zoom Pegasus 40,Running,Zapatillas Running,,0,,0,,0,,0,,0,,0,,0,,0,,0,,0,,0,,0,,0,,0,,1,,0,,0,,0,,0,,0,,0,,0,,0,,0,,0,,0,,1,,0,,0,,0,,0,,0,,0,,0,,0,,0,,0,,0,,0,,0,,0,,0,,1,,0
2025-11-29,PROD_001,Nike Air Zoom Pegasus 40,Running,Zapatillas Running,115,True,,115.0,,2025,11,29,Saturday,5,4,48,30,1,0,0,0,0,0,0,0,1,32,32,,,,,,,,,0.0,,,Nike Air Zoom Pegasus 40,Running,Zapatillas Running,,0,,0,,0,,0,,0,,0,,0,,0,,0,,0,,0,,0,,0,,0,,1,,0,,0,,0,,0,,0,,0,,0,,0,,0,,0,,0,,1,,0,,0,,0,,0,,0,,0,,0,,0,,0,,0,,0,,0,,0,,0,,0,,1,,0
2025-11-30,PROD_001,Nike Air Zoom Pegasus 40,Running,Zapatillas Running,115,True,,115.0,,2025,11,30,Sunday,6,4,48,30,1,0,0,0,0,0,0,0,0,31,31,,,,,,,,,0.0,,,Nike Air Zoom Pegasus 40,Running,Zapatillas Running,,0,,0,,0,,0,,0,,0,,0,,0,,0,,0,,0,,0,,0,,0,,1,,0,,0,,0,,0,,0,,0,,0,,0,,0,,0,,0,,1,,0,,0,,0,,0,,0,,0,,0,,0,,0,,0,,0,,0,,0,,0,,0,,1,,0
2025-11-01,PROD_002,Adidas Ultraboost 23,Running,Zapatillas Running,135,True,,135.0,,2025,11,1,Saturday,5,4,44,30,1,1,0,0,0,0,0,0,29,60,60,13.0,13.0,14.0,12.0,15.0,19.0,27.0,16.142857142857142,0.0,,,Adidas Ultraboost 23,Running,Zapatillas Running,,0,,1,,0,,0,,0,,0,,0,,0,,0,,0,,0,,0,,0,,0,,0,,0,,0,,0,,0,,0,,0,,0,,0,,0,,0,,0,,1,,0,,0,,0,,0,,0,,0,,0,,0,,0,,0,,0,,0,,0,,0,,0,,1,,0
2025-11-02,PROD_002,Adidas Ultraboost 23,Running,Zapatillas Running,135,True,,135.0,,2025,11,2,Sunday,6,4,44,30,1,0,0,0,0,0,0,0,28,59,59,,13.0,13.0,14.0,12.0,15.0,19.0,14.333333333333334,0.0,,,Adidas Ultraboost 23,Running,Zapatillas Running,,0,,1,,0,,0,,0,,0,,0,,0,,0,,0,,0,,0,,0,,0,,0,,0,,0,,0,,0,,0,,0,,0,,0,,0,,0,,0,,1,,0,,0,,0,,0,,0,,0,,0,,0,,0,,0,,0,,0,,0,,0,,0,,1,,0
2025-11-03,PROD_002,Adidas Ultraboost 23,Running,Zapatillas Running,135,True,,135.0,,2025,11,3,Monday,0,4,45,30,0,0,0,0,0,0,0,0,27,58,58,,,13.0,13.0,14.0,12.0,15.0,13.4,0.0,,,Adidas Ultraboost 23,Running,Zapatillas Running,,0,,1,,0,,0,,0,,0,,0,,0,,0,,0,,0,,0,,0,,0,,0,,0,,0,,0,,0,,0,,0,,0,,0,,0,,0,,0,,1,,0,,0,,0,,0,,0,,0,,0,,0,,0,,0,,0,,0,,0,,0,,0,,1,,0
2025-11-04,PROD_002,Adidas Ultraboost 23,Running,Zapatillas Running,135,True,,135.0,,2025,11,4,Tuesday,1,4,45,30,0,0,0,0,0,0,0,0,26,57,57,,,,13.0,13.0,14.0,12.0,13.0,0.0,,,Adidas Ultraboost 23,Running,Zapatillas Running,,0,,1,,0,,0,,0,,0,,0,,0,,0,,0,,0,,0,,0,,0,,0,,0,,0,,0,,0,,0,,0,,0,,0,,0,,0,,0,,1,,0,,0,,0,,0,,0,,0,,0,,0,,0,,0,,0,,0,,0,,0,,0,,1,,0
2025-11-05,PROD_002,Adidas Ultraboost 23,Running,Zapatillas Running,135,True,,135.0,,2025,11,5,Wednesday,2,4,45,30,0,0,0,0,0,0,0,0,25,56,56,,,,,13.0,13.0,14.0,13.333333333333334,0.0,,,Adidas Ultraboost 23,Running,Zapatillas Running,,0,,1,,0,,0,,0,,0,,0,,0,,0,,0,,0,,0,,0,,0,,0,,0,,0,,0,,0,,0,,0,,0,,0,,0,,0,,0,,1,,0,,0,,0,,0,,0,,0,,0,,0,,0,,0,,0,,0,,0,,0,,0,,1,,0
2025-11-06,PROD_002,Adidas Ultraboost 23,Running,Zapatillas Running,135,True,,135.0,,2025,11,6,Thursday,3,4,45,30,0,0,0,0,0,0,0,0,24,55,55,,,,,,13.0,13.0,13.0,0.0,,,Adidas Ultraboost 23,Running,Zapatillas Running,,0,,1,,0,,0,,0,,0,,0,,0,,0,,0,,0,,0,,0,,0,,0,,0,,0,,0,,0,,0,,0,,0,,0,,0,,0,,0,,1,,0,,0,,0,,0,,0,,0,,0,,0,,0,,0,,0,,0,,0,,0,,0,,1,,0
2025-11-07,PROD_002,Adidas Ultraboost 23,Running,Zapatillas Running,135,True,,135.0,,2025,11,7,Friday,4,4,45,30,0,0,0,0,0,0,0,0,23,54,54,,,,,,,13.0,13.0,0.0,,,Adidas Ultraboost 23,Running,Zapatillas Running,,0,,1,,0,,0,,0,,0,,0,,0,,0,,0,,0,,0,,0,,0,,0,,0,,0,,0,,0,,0,,0,,0,,0,,0,,0,,0,,1,,0,,0,,0,,0,,0,,0,,0,,0,,0,,0,,0,,0,,0,,0,,0,,1,,0
2025-11-08,PROD_002,Adidas Ultraboost 23,Running,Zapatillas Running,135,True,,135.0,,2025,11,8,Saturday,5,4,45,30,1,0,0,0,0,0,0,0,22,53,53,,,,,,,,,0.0,,,Adidas Ultraboost 23,Running,Zapatillas Running,,0,,1,,0,,0,,0,,0,,0,,0,,0,,0,,0,,0,,0,,0,,0,,0,,0,,0,,0,,0,,0,,0,,0,,0,,0,,0,,1,,0,,0,,0,,0,,0,,0,,0,,0,,0,,0,,0,,0,,0,,0,,0,,1,,0
2025-11-09,PROD_002,Adidas Ultraboost 23,Running,Zapatillas Running,135,True,,135.0,,2025,11,9,Sunday,6,4,45,30,1,0,0,0,0,0,0,0,21,52,52,,,,,,,,,0.0,,,Adidas Ultraboost 23,Running,Zapatillas Running,,0,,1,,0,,0,,0,,0,,0,,0,,0,,0,,0,,0,,0,,0,,0,,0,,0,,0,,0,,0,,0,,0,,0,,0,,0,,0,,1,,0,,0,,0,,0,,0,,0,,0,,0,,0,,0,,0,,0,,0,,0,,0,,1,,0
2025-11-10,PROD_002,Adidas Ultraboost 23,Running,Zapatillas Running,135,True,,135.0,,2025,11,10,Monday,0,4,46,30,0,0,0,0,0,0,0,0,20,51,51,,,,,,,,,0.0,,,Adidas Ultraboost 23,Running,Zapatillas Running,,0,,1,,0,,0,,0,,0,,0,,0,,0,,0,,0,,0,,0,,0,,0,,0,,0,,0,,0,,0,,0,,0,,0,,0,,0,,0,,1,,0,,0,,0,,0,,0,,0,,0,,0,,0,,0,,0,,0,,0,,0,,0,,1,,0
2025-11-11,PROD_002,Adidas Ultraboost 23,Running,Zapatillas Running,135,True,,135.0,,2025,11,11,Tuesday,1,4,46,30,0,0,0,0,0,0,0,0,19,50,50,,,,,,,,,0.0,,,Adidas Ultraboost 23,Running,Zapatillas Running,,0,,1,,0,,0,,0,,0,,0,,0,,0,,0,,0,,0,,0,,0,,0,,0,,0,,0,,0,,0,,0,,0,,0,,0,,0,,0,,1,,0,,0,,0,,0,,0,,0,,0,,0,,0,,0,,0,,0,,0,,0,,0,,1,,0
2025-11-12,PROD_002,Adidas Ultraboost 23,Running,Zapatillas Running,135,True,,135.0,,2025,11,12,Wednesday,2,4,46,30,0,0,0,0,0,0,0,0,18,49,49,,,,,,,,,0.0,,,Adidas Ultraboost 23,Running,Zapatillas Running,,0,,1,,0,,0,,0,,0,,0,,0,,0,,0,,0,,0,,0,,0,,0,,0,,0,,0,,0,,0,,0,,0,,0,,0,,0,,0,,1,,0,,0,,0,,0,,0,,0,,0,,0,,0,,0,,0,,0,,0,,0,,0,,1,,0
2025-11-13,PROD_002,Adidas Ultraboost 23,Running,Zapatillas Running,135,True,,135.0,,2025,11,13,Thursday,3,4,46,30,0,0,0,0,0,0,0,0,17,48,48,,,,,,,,,0.0,,,Adidas Ultraboost 23,Running,Zapatillas Running,,0,,1,,0,,0,,0,,0,,0,,0,,0,,0,,0,,0,,0,,0,,0,,0,,0,,0,,0,,0,,0,,0,,0,,0,,0,,0,,1,,0,,0,,0,,0,,0,,0,,0,,0,,0,,0,,0,,0,,0,,0,,0,,1,,0
2025-11-14,PROD_002,Adidas Ultraboost 23,Running,Zapatillas Running,135,True,,135.0,,2025,11,14,Friday,4,4,46,30,0,0,0,0,0,0,0,0,16,47,47,,,,,,,,,0.0,,,Adidas Ultraboost 23,Running,Zapatillas Running,,0,,1,,0,,0,,0,,0,,0,,0,,0,,0,,0,,0,,0,,0,,0,,0,,0,,0,,0,,0,,0,,0,,0,,0,,0,,0,,1,,0,,0,,0,,0,,0,,0,,0,,0,,0,,0,,0,,0,,0,,0,,0,,1,,0
2025-11-15,PROD_002,Adidas Ultraboost 23,Running,Zapatillas Running,135,True,,135.0,,2025,11,15,Saturday,5,4,46,30,1,0,0,0,0,0,0,0,15,46,46,,,,,,,,,0.0,,,Adidas Ultraboost 23,Running,Zapatillas Running,,0,,1,,0,,0,,0,,0,,0,,0,,0,,0,,0,,0,,0,,0,,0,,0,,0,,0,,0,,0,,0,,0,,0,,0,,0,,0,,1,,0,,0,,0,,0,,0,,0,,0,,0,,0,,0,,0,,0,,0,,0,,0,,1,,0
2025-11-16,PROD_002,Adidas Ultraboost 23,Running,Zapatillas Running,135,True,,135.0,,2025,11,16,Sunday,6,4,46,30,1,0,0,0,0,0,0,0,14,45,45,,,,,,,,,0.0,,,Adidas Ultraboost 23,Running,Zapatillas Running,,0,,1,,0,,0,,0,,0,,0,,0,,0,,0,,0,,0,,0,,0,,0,,0,,0,,0,,0,,0,,0,,0,,0,,0,,0,,0,,1,,0,,0,,0,,0,,0,,0,,0,,0,,0,,0,,0,,0,,0,,0,,0,,1,,0
2025-11-17,PROD_002,Adidas Ultraboost 23,Running,Zapatillas Running,135,True,,135.0,,2025,11,17,Monday,0,4,47,30,0,0,0,0,0,0,0,0,13,44,44,,,,,,,,,0.0,,,Adidas Ultraboost 23,Running,Zapatillas Running,,0,,1,,0,,0,,0,,0,,0,,0,,0,,0,,0,,0,,0,,0,,0,,0,,0,,0,,0,,0,,0,,0,,0,,0,,0,,0,,1,,0,,0,,0,,0,,0,,0,,0,,0,,0,,0,,0,,0,,0,,0,,0,,1,,0
2025-11-18,PROD_002,Adidas Ultraboost 23,Running,Zapatillas Running,135,True,,135.0,,2025,11,18,Tuesday,1,4,47,30,0,0,0,0,0,0,0,0,12,43,43,,,,,,,,,0.0,,,Adidas Ultraboost 23,Running,Zapatillas Running,,0,,1,,0,,0,,0,,0,,0,,0,,0,,0,,0,,0,,0,,0,,0,,0,,0,,0,,0,,0,,0,,0,,0,,0,,0,,0,,1,,0,,0,,0,,0,,0,,0,,0,,0,,0,,0,,0,,0,,0,,0,,0,,1,,0
2025-11-19,PROD_002,Adidas Ultraboost 23,Running,Zapatillas Running,135,True,,135.0,,2025,11,19,Wednesday,2,4,47,30,0,0,0,0,0,0,0,0,11,42,42,,,,,,,,,0.0,,,Adidas Ultraboost 23,Running,Zapatillas Running,,0,,1,,0,,0,,0,,0,,0,,0,,0,,0,,0,,0,,0,,0,,0,,0,,0,,0,,0,,0,,0,,0,,0,,0,,0,,0,,1,,0,,0,,0,,0,,0,,0,,0,,0,,0,,0,,0,,0,,0,,0,,0,,1,,0
2025-11-20,PROD_002,Adidas Ultraboost 23,Running,Zapatillas Running,135,True,,135.0,,2025,11,20,Thursday,3,4,47,30,0,0,0,0,0,0,0,0,10,41,41,,,,,,,,,0.0,,,Adidas Ultraboost 23,Running,Zapatillas Running,,0,,1,,0,,0,,0,,0,,0,,0,,0,,0,,0,,0,,0,,0,,0,,0,,0,,0,,0,,0,,0,,0,,0,,0,,0,,0,,1,,0,,0,,0,,0,,0,,0,,0,,0,,0,,0,,0,,0,,0,,0,,0,,1,,0
2025-11-21,PROD_002,Adidas Ultraboost 23,Running,Zapatillas Running,135,True,,135.0,,2025,11,21,Friday,4,4,47,30,0,0,0,0,0,0,0,0,9,40,40,,,,,,,,,0.0,,,Adidas Ultraboost 23,Running,Zapatillas Running,,0,,1,,0,,0,,0,,0,,0,,0,,0,,0,,0,,0,,0,,0,,0,,0,,0,,0,,0,,0,,0,,0,,0,,0,,0,,0,,1,,0,,0,,0,,0,,0,,0,,0,,0,,0,,0,,0,,0,,0,,0,,0,,1,,0
2025-11-22,PROD_002,Adidas Ultraboost 23,Running,Zapatillas Running,135,True,,135.0,,2025,11,22,Saturday,5,4,47,30,1,0,0,0,0,0,0,0,8,39,39,,,,,,,,,0.0,,,Adidas Ultraboost 23,Running,Zapatillas Running,,0,,1,,0,,0,,0,,0,,0,,0,,0,,0,,0,,0,,0,,0,,0,,0,,0,,0,,0,,0,,0,,0,,0,,0,,0,,0,,1,,0,,0,,0,,0,,0,,0,,0,,0,,0,,0,,0,,0,,0,,0,,0,,1,,0
2025-11-23,PROD_002,Adidas Ultraboost 23,Running,Zapatillas Running,135,True,,135.0,,2025,11,23,Sunday,6,4,47,30,1,0,0,0,0,0,0,0,7,38,38,,,,,,,,,0.0,,,Adidas Ultraboost 23,Running,Zapatillas Running,,0,,1,,0,,0,,0,,0,,0,,0,,0,,0,,0,,0,,0,,0,,0,,0,,0,,0,,0,,0,,0,,0,,0,,0,,0,,0,,1,,0,,0,,0,,0,,0,,0,,0,,0,,0,,0,,0,,0,,0,,0,,0,,1,,0
2025-11-24,PROD_002,Adidas Ultraboost 23,Running,Zapatillas Running,135,True,,135.0,,2025,11,24,Monday,0,4,48,30,0,0,0,0,0,0,0,0,6,37,37,,,,,,,,,0.0,,,Adidas Ultraboost 23,Running,Zapatillas Running,,0,,1,,0,,0,,0,,0,,0,,0,,0,,0,,0,,0,,0,,0,,0,,0,,0,,0,,0,,0,,0,,0,,0,,0,,0,,0,,1,,0,,0,,0,,0,,0,,0,,0,,0,,0,,0,,0,,0,,0,,0,,0,,1,,0
2025-11-25,PROD_002,Adidas Ultraboost 23,Running,Zapatillas Running,135,True,,135.0,,2025,11,25,Tuesday,1,4,48,30,0,0,0,0,0,0,0,0,5,36,36,,,,,,,,,0.0,,,Adidas Ultraboost 23,Running,Zapatillas Running,,0,,1,,0,,0,,0,,0,,0,,0,,0,,0,,0,,0,,0,,0,,0,,0,,0,,0,,0,,0,,0,,0,,0,,0,,0,,0,,1,,0,,0,,0,,0,,0,,0,,0,,0,,0,,0,,0,,0,,0,,0,,0,,1,,0
2025-11-26,PROD_002,Adidas Ultraboost 23,Running,Zapatillas Running,135,True,,135.0,,2025,11,26,Wednesday,2,4,48,30,0,0,0,0,0,0,0,0,4,35,35,,,,,,,,,0.0,,,Adidas Ultraboost 23,Running,Zapatillas Running,,0,,1,,0,,0,,0,,0,,0,,0,,0,,0,,0,,0,,0,,0,,0,,0,,0,,0,,0,,0,,0,,0,,0,,0,,0,,0,,1,,0,,0,,0,,0,,0,,0,,0,,0,,0,,0,,0,,0,,0,,0,,0,,1,,0
2025-11-27,PROD_002,Adidas Ultraboost 23,Running,Zapatillas Running,135,True,,135.0,,2025,11,27,Thursday,3,4,48,30,0,0,0,0,0,0,0,0,3,34,34,,,,,,,,,0.0,,,Adidas Ultraboost 23,Running,Zapatillas Running,,0,,1,,0,,0,,0,,0,,0,,0,,0,,0,,0,,0,,0,,0,,0,,0,,0,,0,,0,,0,,0,,0,,0,,0,,0,,0,,1,,0,,0,,0,,0,,0,,0,,0,,0,,0,,0,,0,,0,,0,,0,,0,,1,,0
2025-11-28,PROD_002,Adidas Ultraboost 23,Running,Zapatillas Running,135,True,,114.75,,2025,11,28,Friday,4,4,48,30,0,0,1,0,0,0,0,0,2,33,33,,,,,,,,,-15.0,,,Adidas Ultraboost 23,Running,Zapatillas Running,,0,,1,,0,,0,,0,,0,,0,,0,,0,,0,,0,,0,,0,,0,,0,,0,,0,,0,,0,,0,,0,,0,,0,,0,,0,,0,,1,,0,,0,,0,,0,,0,,0,,0,,0,,0,,0,,0,,0,,0,,0,,0,,1,,0
2025-11-29,PROD_002,Adidas Ultraboost 23,Running,Zapatillas Running,135,True,,135.0,,2025,11,29,Saturday,5,4,48,30,1,0,0,0,0,0,0,0,1,32,32,,,,,,,,,0.0,,,Adidas Ultraboost 23,Running,Zapatillas Running,,0,,1,,0,,0,,0,,0,,0,,0,,0,,0,,0,,0,,0,,0,,0,,0,,0,,0,,0,,0,,0,,0,,0,,0,,0,,0,,1,,0,,0,,0,,0,,0,,0,,0,,0,,0,,0,,0,,0,,0,,0,,0,,1,,0
2025-11-30,PROD_002,Adidas Ultraboost 23,Running,Zapatillas Running,135,True,,135.0,,2025,11,30,Sunday,6,4,48,30,1,0,0,0,0,0,0,0,0,31,31,,,,,,,,,0.0,,,Adidas Ultraboost 23,Running,Zapatillas Running,,0,,1,,0,,0,,0,,0,,0,,0,,0,,0,,0,,0,,0,,0,,0,,0,,0,,0,,0,,0,,0,,0,,0,,0,,0,,0,,1,,0,,0,,0,,0,,0,,0,,0,,0,,0,,0,,0,,0,,0,,0,,0,,1,,0
2025-11-01,PROD_003,Asics Gel Nimbus 25,Running,Zapatillas Running,85,False,,86.39,,2025,11,1,Saturday,5,4,44,30,1,1,0,0,0,0,0,0,29,60,60,2.0,4.0,8.0,6.0,3.0,5.0,5.0,4.714285714285714,1.6352941176470595,,,Asics Gel Nimbus 25,Running,Zapatillas Running,,0,,0,,1,,0,,0,,0,,0,,0,,0,,0,,0,,0,,0,,0,,0,,0,,0,,0,,0,,0,,0,,0,,0,,0,,0,,0,,1,,0,,0,,0,,0,,0,,0,,0,,0,,0,,0,,0,,0,,0,,0,,0,,1,,0
2025-11-02,PROD_003,Asics Gel Nimbus 25,Running,Zapatillas Running,85,False,,85.16,,2025,11,2,Sunday,6,4,44,30,1,0,0,0,0,0,0,0,28,59,59,,2.0,4.0,8.0,6.0,3.0,5.0,4.666666666666667,0.18823529411764306,,,Asics Gel Nimbus 25,Running,Zapatillas Running,,0,,0,,1,,0,,0,,0,,0,,0,,0,,0,,0,,0,,0,,0,,0,,0,,0,,0,,0,,0,,0,,0,,0,,0,,0,,0,,1,,0,,0,,0,,0,,0,,0,,0,,0,,0,,0,,0,,0,,0,,0,,0,,1,,0
2025-11-03,PROD_003,Asics Gel Nimbus 25,Running,Zapatillas Running,85,False,,86.43,,2025,11,3,Monday,0,4,45,30,0,0,0,0,0,0,0,0,27,58,58,,,2.0,4.0,8.0,6.0,3.0,4.6,1.6823529411764786,,,Asics Gel Nimbus 25,Running,Zapatillas Running,,0,,0,,1,,0,,0,,0,,0,,0,,0,,0,,0,,0,,0,,0,,0,,0,,0,,0,,0,,0,,0,,0,,0,,0,,0,,0,,1,,0,,0,,0,,0,,0,,0,,0,,0,,0,,0,,0,,0,,0,,0,,0,,1,,0
2025-11-04,PROD_003,Asics Gel Nimbus 25,Running,Zapatillas Running,85,False,,86.12,,2025,11,4,Tuesday,1,4,45,30,0,0,0,0,0,0,0,0,26,57,57,,,,2.0,4.0,8.0,6.0,5.0,1.317647058823535,,,Asics Gel Nimbus 25,Running,Zapatillas Running,,0,,0,,1,,0,,0,,0,,0,,0,,0,,0,,0,,0,,0,,0,,0,,0,,0,,0,,0,,0,,0,,0,,0,,0,,0,,0,,1,,0,,0,,0,,0,,0,,0,,0,,0,,0,,0,,0,,0,,0,,0,,0,,1,,0
2025-11-05,PROD_003,Asics Gel Nimbus 25,Running,Zapatillas Running,85,False,,85.15,,2025,11,5,Wednesday,2,4,45,30,0,0,0,0,0,0,0,0,25,56,56,,,,,2.0,4.0,8.0,4.666666666666667,0.1764705882353008,,,Asics Gel Nimbus 25,Running,Zapatillas Running,,0,,0,,1,,0,,0,,0,,0,,0,,0,,0,,0,,0,,0,,0,,0,,0,,0,,0,,0,,0,,0,,0,,0,,0,,0,,0,,1,,0,,0,,0,,0,,0,,0,,0,,0,,0,,0,,0,,0,,0,,0,,0,,1,,0
2025-11-06,PROD_003,Asics Gel Nimbus 25,Running,Zapatillas Running,85,False,,83.32,,2025,11,6,Thursday,3,4,45,30,0,0,0,0,0,0,0,0,24,55,55,,,,,,2.0,4.0,3.0,-1.9764705882353022,,,Asics Gel Nimbus 25,Running,Zapatillas Running,,0,,0,,1,,0,,0,,0,,0,,0,,0,,0,,0,,0,,0,,0,,0,,0,,0,,0,,0,,0,,0,,0,,0,,0,,0,,0,,1,,0,,0,,0,,0,,0,,0,,0,,0,,0,,0,,0,,0,,0,,0,,0,,1,,0
2025-11-07,PROD_003,Asics Gel Nimbus 25,Running,Zapatillas Running,85,False,,85.78,,2025,11,7,Friday,4,4,45,30,0,0,0,0,0,0,0,0,23,54,54,,,,,,,2.0,2.0,0.9176470588235307,,,Asics Gel Nimbus 25,Running,Zapatillas Running,,0,,0,,1,,0,,0,,0,,0,,0,,0,,0,,0,,0,,0,,0,,0,,0,,0,,0,,0,,0,,0,,0,,0,,0,,0,,0,,1,,0,,0,,0,,0,,0,,0,,0,,0,,0,,0,,0,,0,,0,,0,,0,,1,,0
2025-11-08,PROD_003,Asics Gel Nimbus 25,Running,Zapatillas Running,85,False,,84.43,,2025,11,8,Saturday,5,4,45,30,1,0,0,0,0,0,0,0,22,53,53,,,,,,,,,-0.6705882352941096,,,Asics Gel Nimbus 25,Running,Zapatillas Running,,0,,0,,1,,0,,0,,0,,0,,0,,0,,0,,0,,0,,0,,0,,0,,0,,0,,0,,0,,0,,0,,0,,0,,0,,0,,0,,1,,0,,0,,0,,0,,0,,0,,0,,0,,0,,0,,0,,0,,0,,0,,0,,1,,0
2025-11-09,PROD_003,Asics Gel Nimbus 25,Running,Zapatillas Running,85,False,,84.41,,2025,11,9,Sunday,6,4,45,30,1,0,0,0,0,0,0,0,21,52,52,,,,,,,,,-0.6941176470588275,,,Asics Gel Nimbus 25,Running,Zapatillas Running,,0,,0,,1,,0,,0,,0,,0,,0,,0,,0,,0,,0,,0,,0,,0,,0,,0,,0,,0,,0,,0,,0,,0,,0,,0,,0,,1,,0,,0,,0,,0,,0,,0,,0,,0,,0,,0,,0,,0,,0,,0,,0,,1,,0
2025-11-10,PROD_003,Asics Gel Nimbus 25,Running,Zapatillas Running,85,False,,83.71,,2025,11,10,Monday,0,4,46,30,0,0,0,0,0,0,0,0,20,51,51,,,,,,,,,-1.5176470588235367,,,Asics Gel Nimbus 25,Running,Zapatillas Running,,0,,0,,1,,0,,0,,0,,0,,0,,0,,0,,0,,0,,0,,0,,0,,0,,0,,0,,0,,0,,0,,0,,0,,0,,0,,0,,1,,0,,0,,0,,0,,0,,0,,0,,0,,0,,0,,0,,0,,0,,0,,0,,1,,0
2025-11-11,PROD_003,Asics Gel Nimbus 25,Running,Zapatillas Running,85,False,,85.21,,2025,11,11,Tuesday,1,4,46,30,0,0,0,0,0,0,0,0,19,50,50,,,,,,,,,0.2470588235294044,,,Asics Gel Nimbus 25,Running,Zapatillas Running,,0,,0,,1,,0,,0,,0,,0,,0,,0,,0,,0,,0,,0,,0,,0,,0,,0,,0,,0,,0,,0,,0,,0,,0,,0,,0,,1,,0,,0,,0,,0,,0,,0,,0,,0,,0,,0,,0,,0,,0,,0,,0,,1,,0
2025-11-12,PROD_003,Asics Gel Nimbus 25,Running,Zapatillas Running,85,False,,83.39,,2025,11,12,Wednesday,2,4,46,30,0,0,0,0,0,0,0,0,18,49,49,,,,,,,,,-1.8941176470588228,,,Asics Gel Nimbus 25,Running,Zapatillas Running,,0,,0,,1,,0,,0,,0,,0,,0,,0,,0,,0,,0,,0,,0,,0,,0,,0,,0,,0,,0,,0,,0,,0,,0,,0,,0,,1,,0,,0,,0,,0,,0,,0,,0,,0,,0,,0,,0,,0,,0,,0,,0,,1,,0
2025-11-13,PROD_003,Asics Gel Nimbus 25,Running,Zapatillas Running,85,False,,85.03,,2025,11,13,Thursday,3,4,46,30,0,0,0,0,0,0,0,0,17,48,48,,,,,,,,,0.03529411764706016,,,Asics Gel Nimbus 25,Running,Zapatillas Running,,0,,0,,1,,0,,0,,0,,0,,0,,0,,0,,0,,0,,0,,0,,0,,0,,0,,0,,0,,0,,0,,0,,0,,0,,0,,0,,1,,0,,0,,0,,0,,0,,0,,0,,0,,0,,0,,0,,0,,0,,0,,0,,1,,0
2025-11-14,PROD_003,Asics Gel Nimbus 25,Running,Zapatillas Running,85,False,,84.08,,2025,11,14,Friday,4,4,46,30,0,0,0,0,0,0,0,0,16,47,47,,,,,,,,,-1.0823529411764727,,,Asics Gel Nimbus 25,Running,Zapatillas Running,,0,,0,,1,,0,,0,,0,,0,,0,,0,,0,,0,,0,,0,,0,,0,,0,,0,,0,,0,,0,,0,,0,,0,,0,,0,,0,,1,,0,,0,,0,,0,,0,,0,,0,,0,,0,,0,,0,,0,,0,,0,,0,,1,,0
2025-11-15,PROD_003,Asics Gel Nimbus 25,Running,Zapatillas Running,85,False,,83.85,,2025,11,15,Saturday,5,4,46,30,1,0,0,0,0,0,0,0,15,46,46,,,,,,,,,-1.352941176470595,,,Asics Gel Nimbus 25,Running,Zapatillas Running,,0,,0,,1,,0,,0,,0,,0,,0,,0,,0,,0,,0,,0,,0,,0,,0,,0,,0,,0,,0,,0,,0,,0,,0,,0,,0,,1,,0,,0,,0,,0,,0,,0,,0,,0,,0,,0,,0,,0,,0,,0,,0,,1,,0
2025-11-16,PROD_003,Asics Gel Nimbus 25,Running,Zapatillas Running,85,False,,86.33,,2025,11,16,Sunday,6,4,46,30,1,0,0,0,0,0,0,0,14,45,45,,,,,,,,,1.5647058823529392,,,Asics Gel Nimbus 25,Running,Zapatillas Running,,0,,0,,1,,0,,0,,0,,0,,0,,0,,0,,0,,0,,0,,0,,0,,0,,0,,0,,0,,0,,0,,0,,0,,0,,0,,0,,1,,0,,0,,0,,0,,0,,0,,0,,0,,0,,0,,0,,0,,0,,0,,0,,1,,0
2025-11-17,PROD_003,Asics Gel Nimbus 25,Running,Zapatillas Running,85,False,,86.35,,2025,11,17,Monday,0,4,47,30,0,0,0,0,0,0,0,0,13,44,44,,,,,,,,,1.5882352941176403,,,Asics Gel Nimbus 25,Running,Zapatillas Running,,0,,0,,1,,0,,0,,0,,0,,0,,0,,0,,0,,0,,0,,0,,0,,0,,0,,0,,0,,0,,0,,0,,0,,0,,0,,0,,1,,0,,0,,0,,0,,0,,0,,0,,0,,0,,0,,0,,0,,0,,0,,0,,1,,0
2025-11-18,PROD_003,Asics Gel Nimbus 25,Running,Zapatillas Running,85,False,,86.08,,2025,11,18,Tuesday,1,4,47,30,0,0,0,0,0,0,0,0,12,43,43,,,,,,,,,1.2705882352941158,,,Asics Gel Nimbus 25,Running,Zapatillas Running,,0,,0,,1,,0,,0,,0,,0,,0,,0,,0,,0,,0,,0,,0,,0,,0,,0,,0,,0,,0,,0,,0,,0,,0,,0,,0,,1,,0,,0,,0,,0,,0,,0,,0,,0,,0,,0,,0,,0,,0,,0,,0,,1,,0
2025-11-19,PROD_003,Asics Gel Nimbus 25,Running,Zapatillas Running,85,False,,84.06,,2025,11,19,Wednesday,2,4,47,30,0,0,0,0,0,0,0,0,11,42,42,,,,,,,,,-1.1058823529411737,,,Asics Gel Nimbus 25,Running,Zapatillas Running,,0,,0,,1,,0,,0,,0,,0,,0,,0,,0,,0,,0,,0,,0,,0,,0,,0,,0,,0,,0,,0,,0,,0,,0,,0,,0,,1,,0,,0,,0,,0,,0,,0,,0,,0,,0,,0,,0,,0,,0,,0,,0,,1,,0
2025-11-20,PROD_003,Asics Gel Nimbus 25,Running,Zapatillas Running,85,False,,85.06,,2025,11,20,Thursday,3,4,47,30,0,0,0,0,0,0,0,0,10,41,41,,,,,,,,,0.07058823529412032,,,Asics Gel Nimbus 25,Running,Zapatillas Running,,0,,0,,1,,0,,0,,0,,0,,0,,0,,0,,0,,0,,0,,0,,0,,0,,0,,0,,0,,0,,0,,0,,0,,0,,0,,0,,1,,0,,0,,0,,0,,0,,0,,0,,0,,0,,0,,0,,0,,0,,0,,0,,1,,0
2025-11-21,PROD_003,Asics Gel Nimbus 25,Running,Zapatillas Running,85,False,,86.6,,2025,11,21,Friday,4,4,47,30,0,0,0,0,0,0,0,0,9,40,40,,,,,,,,,1.882352941176464,,,Asics Gel Nimbus 25,Running,Zapatillas Running,,0,,0,,1,,0,,0,,0,,0,,0,,0,,0,,0,,0,,0,,0,,0,,0,,0,,0,,0,,0,,0,,0,,0,,0,,0,,0,,1,,0,,0,,0,,0,,0,,0,,0,,0,,0,,0,,0,,0,,0,,0,,0,,1,,0
2025-11-22,PROD_003,Asics Gel Nimbus 25,Running,Zapatillas Running,85,False,,83.48,,2025,11,22,Saturday,5,4,47,30,1,0,0,0,0,0,0,0,8,39,39,,,,,,,,,-1.7882352941176423,,,Asics Gel Nimbus 25,Running,Zapatillas Running,,0,,0,,1,,0,,0,,0,,0,,0,,0,,0,,0,,0,,0,,0,,0,,0,,0,,0,,0,,0,,0,,0,,0,,0,,0,,0,,1,,0,,0,,0,,0,,0,,0,,0,,0,,0,,0,,0,,0,,0,,0,,0,,1,,0
2025-11-23,PROD_003,Asics Gel Nimbus 25,Running,Zapatillas Running,85,False,,84.11,,2025,11,23,Sunday,6,4,47,30,1,0,0,0,0,0,0,0,7,38,38,,,,,,,,,-1.0470588235294125,,,Asics Gel Nimbus 25,Running,Zapatillas Running,,0,,0,,1,,0,,0,,0,,0,,0,,0,,0,,0,,0,,0,,0,,0,,0,,0,,0,,0,,0,,0,,0,,0,,0,,0,,0,,1,,0,,0,,0,,0,,0,,0,,0,,0,,0,,0,,0,,0,,0,,0,,0,,1,,0
2025-11-24,PROD_003,Asics Gel Nimbus 25,Running,Zapatillas Running,85,False,,84.11,,2025,11,24,Monday,0,4,48,30,0,0,0,0,0,0,0,0,6,37,37,,,,,,,,,-1.0470588235294125,,,Asics Gel Nimbus 25,Running,Zapatillas Running,,0,,0,,1,,0,,0,,0,,0,,0,,0,,0,,0,,0,,0,,0,,0,,0,,0,,0,,0,,0,,0,,0,,0,,0,,0,,0,,1,,0,,0,,0,,0,,0,,0,,0,,0,,0,,0,,0,,0,,0,,0,,0,,1,,0
2025-11-25,PROD_003,Asics Gel Nimbus 25,Running,Zapatillas Running,85,False,,85.45,,2025,11,25,Tuesday,1,4,48,30,0,0,0,0,0,0,0,0,5,36,36,,,,,,,,,0.5294117647058857,,,Asics Gel Nimbus 25,Running,Zapatillas Running,,0,,0,,1,,0,,0,,0,,0,,0,,0,,0,,0,,0,,0,,0,,0,,0,,0,,0,,0,,0,,0,,0,,0,,0,,0,,0,,1,,0,,0,,0,,0,,0,,0,,0,,0,,0,,0,,0,,0,,0,,0,,0,,1,,0
2025-11-26,PROD_003,Asics Gel Nimbus 25,Running,Zapatillas Running,85,False,,83.44,,2025,11,26,Wednesday,2,4,48,30,0,0,0,0,0,0,0,0,4,35,35,,,,,,,,,-1.8352941176470614,,,Asics Gel Nimbus 25,Running,Zapatillas Running,,0,,0,,1,,0,,0,,0,,0,,0,,0,,0,,0,,0,,0,,0,,0,,0,,0,,0,,0,,0,,0,,0,,0,,0,,0,,0,,1,,0,,0,,0,,0,,0,,0,,0,,0,,0,,0,,0,,0,,0,,0,,0,,1,,0
2025-11-27,PROD_003,Asics Gel Nimbus 25,Running,Zapatillas Running,85,False,,83.36,,2025,11,27,Thursday,3,4,48,30,0,0,0,0,0,0,0,0,3,34,34,,,,,,,,,-1.929411764705883,,,Asics Gel Nimbus 25,Running,Zapatillas Running,,0,,0,,1,,0,,0,,0,,0,,0,,0,,0,,0,,0,,0,,0,,0,,0,,0,,0,,0,,0,,0,,0,,0,,0,,0,,0,,1,,0,,0,,0,,0,,0,,0,,0,,0,,0,,0,,0,,0,,0,,0,,0,,1,,0
2025-11-28,PROD_003,Asics Gel Nimbus 25,Running,Zapatillas Running,85,False,,72.25,,2025,11,28,Friday,4,4,48,30,0,0,1,0,0,0,0,0,2,33,33,,,,,,,,,-15.0,,,Asics Gel Nimbus 25,Running,Zapatillas Running,,0,,0,,1,,0,,0,,0,,0,,0,,0,,0,,0,,0,,0,,0,,0,,0,,0,,0,,0,,0,,0,,0,,0,,0,,0,,0,,1,,0,,0,,0,,0,,0,,0,,0,,0,,0,,0,,0,,0,,0,,0,,0,,1,,0
2025-11-29,PROD_003,Asics Gel Nimbus 25,Running,Zapatillas Running,85,False,,83.69,,2025,11,29,Saturday,5,4,48,30,1,0,0,0,0,0,0,0,1,32,32,,,,,,,,,-1.541176470588238,,,Asics Gel Nimbus 25,Running,Zapatillas Running,,0,,0,,1,,0,,0,,0,,0,,0,,0,,0,,0,,0,,0,,0,,0,,0,,0,,0,,0,,0,,0,,0,,0,,0,,0,,0,,1,,0,,0,,0,,0,,0,,0,,0,,0,,0,,0,,0,,0,,0,,0,,0,,1,,0
2025-11-30,PROD_003,Asics Gel Nimbus 25,Running,Zapatillas Running,85,False,,86.08,,2025,11,30,Sunday,6,4,48,30,1,0,0,0,0,0,0,0,0,31,31,,,,,,,,,1.2705882352941158,,,Asics Gel Nimbus 25,Running,Zapatillas Running,,0,,0,,1,,0,,0,,0,,0,,0,,0,,0,,0,,0,,0,,0,,0,,0,,0,,0,,0,,0,,0,,0,,0,,0,,0,,0,,1,,0,,0,,0,,0,,0,,0,,0,,0,,0,,0,,0,,0,,0,,0,,0,,1,,0
2025-11-01,PROD_004,New Balance Fresh Foam X 1080v12,Running,Zapatillas Running,75,False,,74.09,,2025,11,1,Saturday,5,4,44,30,1,1,0,0,0,0,0,0,29,60,60,3.0,9.0,1.0,5.0,6.0,1.0,3.0,4.0,-1.2133333333333287,,,New Balance Fresh Foam X 1080v12,Running,Zapatillas Running,,0,,0,,0,,0,,0,,0,,0,,0,,0,,0,,0,,0,,0,,1,,0,,0,,0,,0,,0,,0,,0,,0,,0,,0,,0,,0,,1,,0,,0,,0,,0,,0,,0,,0,,0,,0,,0,,0,,0,,0,,0,,0,,1,,0
2025-11-02,PROD_004,New Balance Fresh Foam X 1080v12,Running,Zapatillas Running,75,False,,73.57,,2025,11,2,Sunday,6,4,44,30,1,0,0,0,0,0,0,0,28,59,59,,3.0,9.0,1.0,5.0,6.0,1.0,4.166666666666667,-1.9066666666666756,,,New Balance Fresh Foam X 1080v12,Running,Zapatillas Running,,0,,0,,0,,0,,0,,0,,0,,0,,0,,0,,0,,0,,0,,1,,0,,0,,0,,0,,0,,0,,0,,0,,0,,0,,0,,0,,1,,0,,0,,0,,0,,0,,0,,0,,0,,0,,0,,0,,0,,0,,0,,0,,1,,0
2025-11-03,PROD_004,New Balance Fresh Foam X 1080v12,Running,Zapatillas Running,75,False,,73.55,,2025,11,3,Monday,0,4,45,30,0,0,0,0,0,0,0,0,27,58,58,,,3.0,9.0,1.0,5.0,6.0,4.8,-1.9333333333333373,,,New Balance Fresh Foam X 1080v12,Running,Zapatillas Running,,0,,0,,0,,0,,0,,0,,0,,0,,0,,0,,0,,0,,0,,1,,0,,0,,0,,0,,0,,0,,0,,0,,0,,0,,0,,0,,1,,0,,0,,0,,0,,0,,0,,0,,0,,0,,0,,0,,0,,0,,0,,0,,1,,0
2025-11-04,PROD_004,New Balance Fresh Foam X 1080v12,Running,Zapatillas Running,75,False,,76.4,,2025,11,4,Tuesday,1,4,45,30,0,0,0,0,0,0,0,0,26,57,57,,,,3.0,9.0,1.0,5.0,4.5,1.866666666666674,,,New Balance Fresh Foam X 1080v12,Running,Zapatillas Running,,0,,0,,0,,0,,0,,0,,0,,0,,0,,0,,0,,0,,0,,1,,0,,0,,0,,0,,0,,0,,0,,0,,0,,0,,0,,0,,1,,0,,0,,0,,0,,0,,0,,0,,0,,0,,0,,0,,0,,0,,0,,0,,1,,0
2025-11-05,PROD_004,New Balance Fresh Foam X 1080v12,Running,Zapatillas Running,75,False,,74.01,,2025,11,5,Wednesday,2,4,45,30,0,0,0,0,0,0,0,0,25,56,56,,,,,3.0,9.0,1.0,4.333333333333333,-1.3199999999999932,,,New Balance Fresh Foam X 1080v12,Running,Zapatillas Running,,0,,0,,0,,0,,0,,0,,0,,0,,0,,0,,0,,0,,0,,1,,0,,0,,0,,0,,0,,0,,0,,0,,0,,0,,0,,0,,1,,0,,0,,0,,0,,0,,0,,0,,0,,0,,0,,0,,0,,0,,0,,0,,1,,0
2025-11-06,PROD_004,New Balance Fresh Foam X 1080v12,Running,Zapatillas Running,75,False,,75.59,,2025,11,6,Thursday,3,4,45,30,0,0,0,0,0,0,0,0,24,55,55,,,,,,3.0,9.0,6.0,0.7866666666666713,,,New Balance Fresh Foam X 1080v12,Running,Zapatillas Running,,0,,0,,0,,0,,0,,0,,0,,0,,0,,0,,0,,0,,0,,1,,0,,0,,0,,0,,0,,0,,0,,0,,0,,0,,0,,0,,1,,0,,0,,0,,0,,0,,0,,0,,0,,0,,0,,0,,0,,0,,0,,0,,1,,0
2025-11-07,PROD_004,New Balance Fresh Foam X 1080v12,Running,Zapatillas Running,75,False,,76.13,,2025,11,7,Friday,4,4,45,30,0,0,0,0,0,0,0,0,23,54,54,,,,,,,3.0,3.0,1.5066666666666606,,,New Balance Fresh Foam X 1080v12,Running,Zapatillas Running,,0,,0,,0,,0,,0,,0,,0,,0,,0,,0,,0,,0,,0,,1,,0,,0,,0,,0,,0,,0,,0,,0,,0,,0,,0,,0,,1,,0,,0,,0,,0,,0,,0,,0,,0,,0,,0,,0,,0,,0,,0,,0,,1,,0
2025-11-08,PROD_004,New Balance Fresh Foam X 1080v12,Running,Zapatillas Running,75,False,,75.61,,2025,11,8,Saturday,5,4,45,30,1,0,0,0,0,0,0,0,22,53,53,,,,,,,,,0.8133333333333326,,,New Balance Fresh Foam X 1080v12,Running,Zapatillas Running,,0,,0,,0,,0,,0,,0,,0,,0,,0,,0,,0,,0,,0,,1,,0,,0,,0,,0,,0,,0,,0,,0,,0,,0,,0,,0,,1,,0,,0,,0,,0,,0,,0,,0,,0,,0,,0,,0,,0,,0,,0,,0,,1,,0
2025-11-09,PROD_004,New Balance Fresh Foam X 1080v12,Running,Zapatillas Running,75,False,,76.1,,2025,11,9,Sunday,6,4,45,30,1,0,0,0,0,0,0,0,21,52,52,,,,,,,,,1.466666666666659,,,New Balance Fresh Foam X 1080v12,Running,Zapatillas Running,,0,,0,,0,,0,,0,,0,,0,,0,,0,,0,,0,,0,,0,,1,,0,,0,,0,,0,,0,,0,,0,,0,,0,,0,,0,,0,,1,,0,,0,,0,,0,,0,,0,,0,,0,,0,,0,,0,,0,,0,,0,,0,,1,,0
2025-11-10,PROD_004,New Balance Fresh Foam X 1080v12,Running,Zapatillas Running,75,False,,75.0,,2025,11,10,Monday,0,4,46,30,0,0,0,0,0,0,0,0,20,51,51,,,,,,,,,0.0,,,New Balance Fresh Foam X 1080v12,Running,Zapatillas Running,,0,,0,,0,,0,,0,,0,,0,,0,,0,,0,,0,,0,,0,,1,,0,,0,,0,,0,,0,,0,,0,,0,,0,,0,,0,,0,,1,,0,,0,,0,,0,,0,,0,,0,,0,,0,,0,,0,,0,,0,,0,,0,,1,,0
2025-11-11,PROD_004,New Balance Fresh Foam X 1080v12,Running,Zapatillas Running,75,False,,76.17,,2025,11,11,Tuesday,1,4,46,30,0,0,0,0,0,0,0,0,19,50,50,,,,,,,,,1.5600000000000023,,,New Balance Fresh Foam X 1080v12,Running,Zapatillas Running,,0,,0,,0,,0,,0,,0,,0,,0,,0,,0,,0,,0,,0,,1,,0,,0,,0,,0,,0,,0,,0,,0,,0,,0,,0,,0,,1,,0,,0,,0,,0,,0,,0,,0,,0,,0,,0,,0,,0,,0,,0,,0,,1,,0
2025-11-12,PROD_004,New Balance Fresh Foam X 1080v12,Running,Zapatillas Running,75,False,,73.78,,2025,11,12,Wednesday,2,4,46,30,0,0,0,0,0,0,0,0,18,49,49,,,,,,,,,-1.6266666666666652,,,New Balance Fresh Foam X 1080v12,Running,Zapatillas Running,,0,,0,,0,,0,,0,,0,,0,,0,,0,,0,,0,,0,,0,,1,,0,,0,,0,,0,,0,,0,,0,,0,,0,,0,,0,,0,,1,,0,,0,,0,,0,,0,,0,,0,,0,,0,,0,,0,,0,,0,,0,,0,,1,,0
2025-11-13,PROD_004,New Balance Fresh Foam X 1080v12,Running,Zapatillas Running,75,False,,74.36,,2025,11,13,Thursday,3,4,46,30,0,0,0,0,0,0,0,0,17,48,48,,,,,,,,,-0.853333333333334,,,New Balance Fresh Foam X 1080v12,Running,Zapatillas Running,,0,,0,,0,,0,,0,,0,,0,,0,,0,,0,,0,,0,,0,,1,,0,,0,,0,,0,,0,,0,,0,,0,,0,,0,,0,,0,,1,,0,,0,,0,,0,,0,,0,,0,,0,,0,,0,,0,,0,,0,,0,,0,,1,,0
2025-11-14,PROD_004,New Balance Fresh Foam X 1080v12,Running,Zapatillas Running,75,False,,73.61,,2025,11,14,Friday,4,4,46,30,0,0,0,0,0,0,0,0,16,47,47,,,,,,,,,-1.8533333333333342,,,New Balance Fresh Foam X 1080v12,Running,Zapatillas Running,,0,,0,,0,,0,,0,,0,,0,,0,,0,,0,,0,,0,,0,,1,,0,,0,,0,,0,,0,,0,,0,,0,,0,,0,,0,,0,,1,,0,,0,,0,,0,,0,,0,,0,,0,,0,,0,,0,,0,,0,,0,,0,,1,,0
2025-11-15,PROD_004,New Balance Fresh Foam X 1080v12,Running,Zapatillas Running,75,False,,75.81,,2025,11,15,Saturday,5,4,46,30,1,0,0,0,0,0,0,0,15,46,46,,,,,,,,,1.080000000000003,,,New Balance Fresh Foam X 1080v12,Running,Zapatillas Running,,0,,0,,0,,0,,0,,0,,0,,0,,0,,0,,0,,0,,0,,1,,0,,0,,0,,0,,0,,0,,0,,0,,0,,0,,0,,0,,1,,0,,0,,0,,0,,0,,0,,0,,0,,0,,0,,0,,0,,0,,0,,0,,1,,0
2025-11-16,PROD_004,New Balance Fresh Foam X 1080v12,Running,Zapatillas Running,75,False,,73.76,,2025,11,16,Sunday,6,4,46,30,1,0,0,0,0,0,0,0,14,45,45,,,,,,,,,-1.6533333333333264,,,New Balance Fresh Foam X 1080v12,Running,Zapatillas Running,,0,,0,,0,,0,,0,,0,,0,,0,,0,,0,,0,,0,,0,,1,,0,,0,,0,,0,,0,,0,,0,,0,,0,,0,,0,,0,,1,,0,,0,,0,,0,,0,,0,,0,,0,,0,,0,,0,,0,,0,,0,,0,,1,,0
2025-11-17,PROD_004,New Balance Fresh Foam X 1080v12,Running,Zapatillas Running,75,False,,75.68,,2025,11,17,Monday,0,4,47,30,0,0,0,0,0,0,0,0,13,44,44,,,,,,,,,0.9066666666666757,,,New Balance Fresh Foam X 1080v12,Running,Zapatillas Running,,0,,0,,0,,0,,0,,0,,0,,0,,0,,0,,0,,0,,0,,1,,0,,0,,0,,0,,0,,0,,0,,0,,0,,0,,0,,0,,1,,0,,0,,0,,0,,0,,0,,0,,0,,0,,0,,0,,0,,0,,0,,0,,1,,0
2025-11-18,PROD_004,New Balance Fresh Foam X 1080v12,Running,Zapatillas Running,75,False,,74.47,,2025,11,18,Tuesday,1,4,47,30,0,0,0,0,0,0,0,0,12,43,43,,,,,,,,,-0.7066666666666682,,,New Balance Fresh Foam X 1080v12,Running,Zapatillas Running,,0,,0,,0,,0,,0,,0,,0,,0,,0,,0,,0,,0,,0,,1,,0,,0,,0,,0,,0,,0,,0,,0,,0,,0,,0,,0,,1,,0,,0,,0,,0,,0,,0,,0,,0,,0,,0,,0,,0,,0,,0,,0,,1,,0
2025-11-19,PROD_004,New Balance Fresh Foam X 1080v12,Running,Zapatillas Running,75,False,,73.58,,2025,11,19,Wednesday,2,4,47,30,0,0,0,0,0,0,0,0,11,42,42,,,,,,,,,-1.8933333333333358,,,New Balance Fresh Foam X 1080v12,Running,Zapatillas Running,,0,,0,,0,,0,,0,,0,,0,,0,,0,,0,,0,,0,,0,,1,,0,,0,,0,,0,,0,,0,,0,,0,,0,,0,,0,,0,,1,,0,,0,,0,,0,,0,,0,,0,,0,,0,,0,,0,,0,,0,,0,,0,,1,,0
2025-11-20,PROD_004,New Balance Fresh Foam X 1080v12,Running,Zapatillas Running,75,False,,74.02,,2025,11,20,Thursday,3,4,47,30,0,0,0,0,0,0,0,0,10,41,41,,,,,,,,,-1.306666666666672,,,New Balance Fresh Foam X 1080v12,Running,Zapatillas Running,,0,,0,,0,,0,,0,,0,,0,,0,,0,,0,,0,,0,,0,,1,,0,,0,,0,,0,,0,,0,,0,,0,,0,,0,,0,,0,,1,,0,,0,,0,,0,,0,,0,,0,,0,,0,,0,,0,,0,,0,,0,,0,,1,,0
2025-11-21,PROD_004,New Balance Fresh Foam X 1080v12,Running,Zapatillas Running,75,False,,75.48,,2025,11,21,Friday,4,4,47,30,0,0,0,0,0,0,0,0,9,40,40,,,,,,,,,0.6400000000000053,,,New Balance Fresh Foam X 1080v12,Running,Zapatillas Running,,0,,0,,0,,0,,0,,0,,0,,0,,0,,0,,0,,0,,0,,1,,0,,0,,0,,0,,0,,0,,0,,0,,0,,0,,0,,0,,1,,0,,0,,0,,0,,0,,0,,0,,0,,0,,0,,0,,0,,0,,0,,0,,1,,0
2025-11-22,PROD_004,New Balance Fresh Foam X 1080v12,Running,Zapatillas Running,75,False,,75.34,,2025,11,22,Saturday,5,4,47,30,1,0,0,0,0,0,0,0,8,39,39,,,,,,,,,0.45333333333333786,,,New Balance Fresh Foam X 1080v12,Running,Zapatillas Running,,0,,0,,0,,0,,0,,0,,0,,0,,0,,0,,0,,0,,0,,1,,0,,0,,0,,0,,0,,0,,0,,0,,0,,0,,0,,0,,1,,0,,0,,0,,0,,0,,0,,0,,0,,0,,0,,0,,0,,0,,0,,0,,1,,0
2025-11-23,PROD_004,New Balance Fresh Foam X 1080v12,Running,Zapatillas Running,75,False,,73.54,,2025,11,23,Sunday,6,4,47,30,1,0,0,0,0,0,0,0,7,38,38,,,,,,,,,-1.9466666666666583,,,New Balance Fresh Foam X 1080v12,Running,Zapatillas Running,,0,,0,,0,,0,,0,,0,,0,,0,,0,,0,,0,,0,,0,,1,,0,,0,,0,,0,,0,,0,,0,,0,,0,,0,,0,,0,,1,,0,,0,,0,,0,,0,,0,,0,,0,,0,,0,,0,,0,,0,,0,,0,,1,,0
2025-11-24,PROD_004,New Balance Fresh Foam X 1080v12,Running,Zapatillas Running,75,False,,73.79,,2025,11,24,Monday,0,4,48,30,0,0,0,0,0,0,0,0,6,37,37,,,,,,,,,-1.6133333333333248,,,New Balance Fresh Foam X 1080v12,Running,Zapatillas Running,,0,,0,,0,,0,,0,,0,,0,,0,,0,,0,,0,,0,,0,,1,,0,,0,,0,,0,,0,,0,,0,,0,,0,,0,,0,,0,,1,,0,,0,,0,,0,,0,,0,,0,,0,,0,,0,,0,,0,,0,,0,,0,,1,,0
2025-11-25,PROD_004,New Balance Fresh Foam X 1080v12,Running,Zapatillas Running,75,False,,74.7,,2025,11,25,Tuesday,1,4,48,30,0,0,0,0,0,0,0,0,5,36,36,,,,,,,,,-0.3999999999999962,,,New Balance Fresh Foam X 1080v12,Running,Zapatillas Running,,0,,0,,0,,0,,0,,0,,0,,0,,0,,0,,0,,0,,0,,1,,0,,0,,0,,0,,0,,0,,0,,0,,0,,0,,0,,0,,1,,0,,0,,0,,0,,0,,0,,0,,0,,0,,0,,0,,0,,0,,0,,0,,1,,0
2025-11-26,PROD_004,New Balance Fresh Foam X 1080v12,Running,Zapatillas Running,75,False,,73.64,,2025,11,26,Wednesday,2,4,48,30,0,0,0,0,0,0,0,0,4,35,35,,,,,,,,,-1.8133333333333324,,,New Balance Fresh Foam X 1080v12,Running,Zapatillas Running,,0,,0,,0,,0,,0,,0,,0,,0,,0,,0,,0,,0,,0,,1,,0,,0,,0,,0,,0,,0,,0,,0,,0,,0,,0,,0,,1,,0,,0,,0,,0,,0,,0,,0,,0,,0,,0,,0,,0,,0,,0,,0,,1,,0
2025-11-27,PROD_004,New Balance Fresh Foam X 1080v12,Running,Zapatillas Running,75,False,,75.48,,2025,11,27,Thursday,3,4,48,30,0,0,0,0,0,0,0,0,3,34,34,,,,,,,,,0.6400000000000053,,,New Balance Fresh Foam X 1080v12,Running,Zapatillas Running,,0,,0,,0,,0,,0,,0,,0,,0,,0,,0,,0,,0,,0,,1,,0,,0,,0,,0,,0,,0,,0,,0,,0,,0,,0,,0,,1,,0,,0,,0,,0,,0,,0,,0,,0,,0,,0,,0,,0,,0,,0,,0,,1,,0
2025-11-28,PROD_004,New Balance Fresh Foam X 1080v12,Running,Zapatillas Running,75,False,,63.75,,2025,11,28,Friday,4,4,48,30,0,0,1,0,0,0,0,0,2,33,33,,,,,,,,,-15.0,,,New Balance Fresh Foam X 1080v12,Running,Zapatillas Running,,0,,0,,0,,0,,0,,0,,0,,0,,0,,0,,0,,0,,0,,1,,0,,0,,0,,0,,0,,0,,0,,0,,0,,0,,0,,0,,1,,0,,0,,0,,0,,0,,0,,0,,0,,0,,0,,0,,0,,0,,0,,0,,1,,0
2025-11-29,PROD_004,New Balance Fresh Foam X 1080v12,Running,Zapatillas Running,75,False,,74.87,,2025,11,29,Saturday,5,4,48,30,1,0,0,0,0,0,0,0,1,32,32,,,,,,,,,-0.1733333333333273,,,New Balance Fresh Foam X 1080v12,Running,Zapatillas Running,,0,,0,,0,,0,,0,,0,,0,,0,,0,,0,,0,,0,,0,,1,,0,,0,,0,,0,,0,,0,,0,,0,,0,,0,,0,,0,,1,,0,,0,,0,,0,,0,,0,,0,,0,,0,,0,,0,,0,,0,,0,,0,,1,,0
2025-11-30,PROD_004,New Balance Fresh Foam X 1080v12,Running,Zapatillas Running,75,False,,76.22,,2025,11,30,Sunday,6,4,48,30,1,0,0,0,0,0,0,0,0,31,31,,,,,,,,,1.6266666666666652,,,New Balance Fresh Foam X 1080v12,Running,Zapatillas Running,,0,,0,,0,,0,,0,,0,,0,,0,,0,,0,,0,,0,,0,,1,,0,,0,,0,,0,,0,,0,,0,,0,,0,,0,,0,,0,,1,,0,,0,,0,,0,,0,,0,,0,,0,,0,,0,,0,,0,,0,,0,,0,,1,,0
2025-11-01,PROD_005,Nike Dri-FIT Miler,Running,Ropa Running,35,False,,34.76,,2025,11,1,Saturday,5,4,44,30,1,1,0,0,0,0,0,0,29,60,60,4.0,2.0,5.0,2.0,1.0,6.0,3.0,3.2857142857142856,-0.6857142857142914,,,Nike Dri-FIT Miler,Running,Ropa Running,,0,,0,,0,,0,,0,,0,,0,,0,,0,,0,,0,,0,,0,,0,,0,,1,,0,,0,,0,,0,,0,,0,,0,,0,,0,,0,,1,,0,,0,,0,,0,,0,,0,,0,,0,,0,,0,,0,,0,,0,,0,,1,,0,,0
2025-11-02,PROD_005,Nike Dri-FIT Miler,Running,Ropa Running,35,False,,34.43,,2025,11,2,Sunday,6,4,44,30,1,0,0,0,0,0,0,0,28,59,59,,4.0,2.0,5.0,2.0,1.0,6.0,3.3333333333333335,-1.6285714285714292,,,Nike Dri-FIT Miler,Running,Ropa Running,,0,,0,,0,,0,,0,,0,,0,,0,,0,,0,,0,,0,,0,,0,,0,,1,,0,,0,,0,,0,,0,,0,,0,,0,,0,,0,,1,,0,,0,,0,,0,,0,,0,,0,,0,,0,,0,,0,,0,,0,,0,,1,,0,,0
2025-11-03,PROD_005,Nike Dri-FIT Miler,Running,Ropa Running,35,False,,35.07,,2025,11,3,Monday,0,4,45,30,0,0,0,0,0,0,0,0,27,58,58,,,4.0,2.0,5.0,2.0,1.0,2.8,0.20000000000000082,,,Nike Dri-FIT Miler,Running,Ropa Running,,0,,0,,0,,0,,0,,0,,0,,0,,0,,0,,0,,0,,0,,0,,0,,1,,0,,0,,0,,0,,0,,0,,0,,0,,0,,0,,1,,0,,0,,0,,0,,0,,0,,0,,0,,0,,0,,0,,0,,0,,0,,1,,0,,0
2025-11-04,PROD_005,Nike Dri-FIT Miler,Running,Ropa Running,35,False,,34.5,,2025,11,4,Tuesday,1,4,45,30,0,0,0,0,0,0,0,0,26,57,57,,,,4.0,2.0,5.0,2.0,3.25,-1.4285714285714286,,,Nike Dri-FIT Miler,Running,Ropa Running,,0,,0,,0,,0,,0,,0,,0,,0,,0,,0,,0,,0,,0,,0,,0,,1,,0,,0,,0,,0,,0,,0,,0,,0,,0,,0,,1,,0,,0,,0,,0,,0,,0,,0,,0,,0,,0,,0,,0,,0,,0,,1,,0,,0
2025-11-05,PROD_005,Nike Dri-FIT Miler,Running,Ropa Running,35,False,,34.44,,2025,11,5,Wednesday,2,4,45,30,0,0,0,0,0,0,0,0,25,56,56,,,,,4.0,2.0,5.0,3.6666666666666665,-1.6000000000000065,,,Nike Dri-FIT Miler,Running,Ropa Running,,0,,0,,0,,0,,0,,0,,0,,0,,0,,0,,0,,0,,0,,0,,0,,1,,0,,0,,0,,0,,0,,0,,0,,0,,0,,0,,1,,0,,0,,0,,0,,0,,0,,0,,0,,0,,0,,0,,0,,0,,0,,1,,0,,0
2025-11-06,PROD_005,Nike Dri-FIT Miler,Running,Ropa Running,35,False,,34.42,,2025,11,6,Thursday,3,4,45,30,0,0,0,0,0,0,0,0,24,55,55,,,,,,4.0,2.0,3.0,-1.6571428571428521,,,Nike Dri-FIT Miler,Running,Ropa Running,,0,,0,,0,,0,,0,,0,,0,,0,,0,,0,,0,,0,,0,,0,,0,,1,,0,,0,,0,,0,,0,,0,,0,,0,,0,,0,,1,,0,,0,,0,,0,,0,,0,,0,,0,,0,,0,,0,,0,,0,,0,,1,,0,,0
2025-11-07,PROD_005,Nike Dri-FIT Miler,Running,Ropa Running,35,False,,35.63,,2025,11,7,Friday,4,4,45,30,0,0,0,0,0,0,0,0,23,54,54,,,,,,,4.0,4.0,1.8000000000000071,,,Nike Dri-FIT Miler,Running,Ropa Running,,0,,0,,0,,0,,0,,0,,0,,0,,0,,0,,0,,0,,0,,0,,0,,1,,0,,0,,0,,0,,0,,0,,0,,0,,0,,0,,1,,0,,0,,0,,0,,0,,0,,0,,0,,0,,0,,0,,0,,0,,0,,1,,0,,0
2025-11-08,PROD_005,Nike Dri-FIT Miler,Running,Ropa Running,35,False,,34.89,,2025,11,8,Saturday,5,4,45,30,1,0,0,0,0,0,0,0,22,53,53,,,,,,,,,-0.31428571428571267,,,Nike Dri-FIT Miler,Running,Ropa Running,,0,,0,,0,,0,,0,,0,,0,,0,,0,,0,,0,,0,,0,,0,,0,,1,,0,,0,,0,,0,,0,,0,,0,,0,,0,,0,,1,,0,,0,,0,,0,,0,,0,,0,,0,,0,,0,,0,,0,,0,,0,,1,,0,,0
2025-11-09,PROD_005,Nike Dri-FIT Miler,Running,Ropa Running,35,False,,34.96,,2025,11,9,Sunday,6,4,45,30,1,0,0,0,0,0,0,0,21,52,52,,,,,,,,,-0.11428571428571184,,,Nike Dri-FIT Miler,Running,Ropa Running,,0,,0,,0,,0,,0,,0,,0,,0,,0,,0,,0,,0,,0,,0,,0,,1,,0,,0,,0,,0,,0,,0,,0,,0,,0,,0,,1,,0,,0,,0,,0,,0,,0,,0,,0,,0,,0,,0,,0,,0,,0,,1,,0,,0
2025-11-10,PROD_005,Nike Dri-FIT Miler,Running,Ropa Running,35,False,,35.65,,2025,11,10,Monday,0,4,46,30,0,0,0,0,0,0,0,0,20,51,51,,,,,,,,,1.857142857142853,,,Nike Dri-FIT Miler,Running,Ropa Running,,0,,0,,0,,0,,0,,0,,0,,0,,0,,0,,0,,0,,0,,0,,0,,1,,0,,0,,0,,0,,0,,0,,0,,0,,0,,0,,1,,0,,0,,0,,0,,0,,0,,0,,0,,0,,0,,0,,0,,0,,0,,1,,0,,0
2025-11-11,PROD_005,Nike Dri-FIT Miler,Running,Ropa Running,35,False,,35.52,,2025,11,11,Tuesday,1,4,46,30,0,0,0,0,0,0,0,0,19,50,50,,,,,,,,,1.4857142857142946,,,Nike Dri-FIT Miler,Running,Ropa Running,,0,,0,,0,,0,,0,,0,,0,,0,,0,,0,,0,,0,,0,,0,,0,,1,,0,,0,,0,,0,,0,,0,,0,,0,,0,,0,,1,,0,,0,,0,,0,,0,,0,,0,,0,,0,,0,,0,,0,,0,,0,,1,,0,,0
2025-11-12,PROD_005,Nike Dri-FIT Miler,Running,Ropa Running,35,False,,35.66,,2025,11,12,Wednesday,2,4,46,30,0,0,0,0,0,0,0,0,18,49,49,,,,,,,,,1.885714285714276,,,Nike Dri-FIT Miler,Running,Ropa Running,,0,,0,,0,,0,,0,,0,,0,,0,,0,,0,,0,,0,,0,,0,,0,,1,,0,,0,,0,,0,,0,,0,,0,,0,,0,,0,,1,,0,,0,,0,,0,,0,,0,,0,,0,,0,,0,,0,,0,,0,,0,,1,,0,,0
2025-11-13,PROD_005,Nike Dri-FIT Miler,Running,Ropa Running,35,False,,35.27,,2025,11,13,Thursday,3,4,46,30,0,0,0,0,0,0,0,0,17,48,48,,,,,,,,,0.7714285714285803,,,Nike Dri-FIT Miler,Running,Ropa Running,,0,,0,,0,,0,,0,,0,,0,,0,,0,,0,,0,,0,,0,,0,,0,,1,,0,,0,,0,,0,,0,,0,,0,,0,,0,,0,,1,,0,,0,,0,,0,,0,,0,,0,,0,,0,,0,,0,,0,,0,,0,,1,,0,,0
2025-11-14,PROD_005,Nike Dri-FIT Miler,Running,Ropa Running,35,False,,34.36,,2025,11,14,Friday,4,4,46,30,0,0,0,0,0,0,0,0,16,47,47,,,,,,,,,-1.82857142857143,,,Nike Dri-FIT Miler,Running,Ropa Running,,0,,0,,0,,0,,0,,0,,0,,0,,0,,0,,0,,0,,0,,0,,0,,1,,0,,0,,0,,0,,0,,0,,0,,0,,0,,0,,1,,0,,0,,0,,0,,0,,0,,0,,0,,0,,0,,0,,0,,0,,0,,1,,0,,0
2025-11-15,PROD_005,Nike Dri-FIT Miler,Running,Ropa Running,35,False,,35.17,,2025,11,15,Saturday,5,4,46,30,1,0,0,0,0,0,0,0,15,46,46,,,,,,,,,0.4857142857142906,,,Nike Dri-FIT Miler,Running,Ropa Running,,0,,0,,0,,0,,0,,0,,0,,0,,0,,0,,0,,0,,0,,0,,0,,1,,0,,0,,0,,0,,0,,0,,0,,0,,0,,0,,1,,0,,0,,0,,0,,0,,0,,0,,0,,0,,0,,0,,0,,0,,0,,1,,0,,0
2025-11-16,PROD_005,Nike Dri-FIT Miler,Running,Ropa Running,35,False,,35.12,,2025,11,16,Sunday,6,4,46,30,1,0,0,0,0,0,0,0,14,45,45,,,,,,,,,0.34285714285713553,,,Nike Dri-FIT Miler,Running,Ropa Running,,0,,0,,0,,0,,0,,0,,0,,0,,0,,0,,0,,0,,0,,0,,0,,1,,0,,0,,0,,0,,0,,0,,0,,0,,0,,0,,1,,0,,0,,0,,0,,0,,0,,0,,0,,0,,0,,0,,0,,0,,0,,1,,0,,0
2025-11-17,PROD_005,Nike Dri-FIT Miler,Running,Ropa Running,35,False,,35.44,,2025,11,17,Monday,0,4,47,30,0,0,0,0,0,0,0,0,13,44,44,,,,,,,,,1.2571428571428507,,,Nike Dri-FIT Miler,Running,Ropa Running,,0,,0,,0,,0,,0,,0,,0,,0,,0,,0,,0,,0,,0,,0,,0,,1,,0,,0,,0,,0,,0,,0,,0,,0,,0,,0,,1,,0,,0,,0,,0,,0,,0,,0,,0,,0,,0,,0,,0,,0,,0,,1,,0,,0
2025-11-18,PROD_005,Nike Dri-FIT Miler,Running,Ropa Running,35,False,,35.61,,2025,11,18,Tuesday,1,4,47,30,0,0,0,0,0,0,0,0,12,43,43,,,,,,,,,1.742857142857141,,,Nike Dri-FIT Miler,Running,Ropa Running,,0,,0,,0,,0,,0,,0,,0,,0,,0,,0,,0,,0,,0,,0,,0,,1,,0,,0,,0,,0,,0,,0,,0,,0,,0,,0,,1,,0,,0,,0,,0,,0,,0,,0,,0,,0,,0,,0,,0,,0,,0,,1,,0,,0
2025-11-19,PROD_005,Nike Dri-FIT Miler,Running,Ropa Running,35,False,,35.43,,2025,11,19,Wednesday,2,4,47,30,0,0,0,0,0,0,0,0,11,42,42,,,,,,,,,1.2285714285714278,,,Nike Dri-FIT Miler,Running,Ropa Running,,0,,0,,0,,0,,0,,0,,0,,0,,0,,0,,0,,0,,0,,0,,0,,1,,0,,0,,0,,0,,0,,0,,0,,0,,0,,0,,1,,0,,0,,0,,0,,0,,0,,0,,0,,0,,0,,0,,0,,0,,0,,1,,0,,0
2025-11-20,PROD_005,Nike Dri-FIT Miler,Running,Ropa Running,35,False,,34.88,,2025,11,20,Thursday,3,4,47,30,0,0,0,0,0,0,0,0,10,41,41,,,,,,,,,-0.34285714285713553,,,Nike Dri-FIT Miler,Running,Ropa Running,,0,,0,,0,,0,,0,,0,,0,,0,,0,,0,,0,,0,,0,,0,,0,,1,,0,,0,,0,,0,,0,,0,,0,,0,,0,,0,,1,,0,,0,,0,,0,,0,,0,,0,,0,,0,,0,,0,,0,,0,,0,,1,,0,,0
2025-11-21,PROD_005,Nike Dri-FIT Miler,Running,Ropa Running,35,False,,35.51,,2025,11,21,Friday,4,4,47,30,0,0,0,0,0,0,0,0,9,40,40,,,,,,,,,1.4571428571428515,,,Nike Dri-FIT Miler,Running,Ropa Running,,0,,0,,0,,0,,0,,0,,0,,0,,0,,0,,0,,0,,0,,0,,0,,1,,0,,0,,0,,0,,0,,0,,0,,0,,0,,0,,1,,0,,0,,0,,0,,0,,0,,0,,0,,0,,0,,0,,0,,0,,0,,1,,0,,0
2025-11-22,PROD_005,Nike Dri-FIT Miler,Running,Ropa Running,35,False,,34.93,,2025,11,22,Saturday,5,4,47,30,1,0,0,0,0,0,0,0,8,39,39,,,,,,,,,-0.20000000000000082,,,Nike Dri-FIT Miler,Running,Ropa Running,,0,,0,,0,,0,,0,,0,,0,,0,,0,,0,,0,,0,,0,,0,,0,,1,,0,,0,,0,,0,,0,,0,,0,,0,,0,,0,,1,,0,,0,,0,,0,,0,,0,,0,,0,,0,,0,,0,,0,,0,,0,,1,,0,,0
2025-11-23,PROD_005,Nike Dri-FIT Miler,Running,Ropa Running,35,False,,35.24,,2025,11,23,Sunday,6,4,47,30,1,0,0,0,0,0,0,0,7,38,38,,,,,,,,,0.6857142857142914,,,Nike Dri-FIT Miler,Running,Ropa Running,,0,,0,,0,,0,,0,,0,,0,,0,,0,,0,,0,,0,,0,,0,,0,,1,,0,,0,,0,,0,,0,,0,,0,,0,,0,,0,,1,,0,,0,,0,,0,,0,,0,,0,,0,,0,,0,,0,,0,,0,,0,,1,,0,,0
2025-11-24,PROD_005,Nike Dri-FIT Miler,Running,Ropa Running,35,False,,35.03,,2025,11,24,Monday,0,4,48,30,0,0,0,0,0,0,0,0,6,37,37,,,,,,,,,0.08571428571428896,,,Nike Dri-FIT Miler,Running,Ropa Running,,0,,0,,0,,0,,0,,0,,0,,0,,0,,0,,0,,0,,0,,0,,0,,1,,0,,0,,0,,0,,0,,0,,0,,0,,0,,0,,1,,0,,0,,0,,0,,0,,0,,0,,0,,0,,0,,0,,0,,0,,0,,1,,0,,0
2025-11-25,PROD_005,Nike Dri-FIT Miler,Running,Ropa Running,35,False,,35.49,,2025,11,25,Tuesday,1,4,48,30,0,0,0,0,0,0,0,0,5,36,36,,,,,,,,,1.4000000000000057,,,Nike Dri-FIT Miler,Running,Ropa Running,,0,,0,,0,,0,,0,,0,,0,,0,,0,,0,,0,,0,,0,,0,,0,,1,,0,,0,,0,,0,,0,,0,,0,,0,,0,,0,,1,,0,,0,,0,,0,,0,,0,,0,,0,,0,,0,,0,,0,,0,,0,,1,,0,,0
2025-11-26,PROD_005,Nike Dri-FIT Miler,Running,Ropa Running,35,False,,34.49,,2025,11,26,Wednesday,2,4,48,30,0,0,0,0,0,0,0,0,4,35,35,,,,,,,,,-1.4571428571428515,,,Nike Dri-FIT Miler,Running,Ropa Running,,0,,0,,0,,0,,0,,0,,0,,0,,0,,0,,0,,0,,0,,0,,0,,1,,0,,0,,0,,0,,0,,0,,0,,0,,0,,0,,1,,0,,0,,0,,0,,0,,0,,0,,0,,0,,0,,0,,0,,0,,0,,1,,0,,0
2025-11-27,PROD_005,Nike Dri-FIT Miler,Running,Ropa Running,35,False,,34.6,,2025,11,27,Thursday,3,4,48,30,0,0,0,0,0,0,0,0,3,34,34,,,,,,,,,-1.1428571428571388,,,Nike Dri-FIT Miler,Running,Ropa Running,,0,,0,,0,,0,,0,,0,,0,,0,,0,,0,,0,,0,,0,,0,,0,,1,,0,,0,,0,,0,,0,,0,,0,,0,,0,,0,,1,,0,,0,,0,,0,,0,,0,,0,,0,,0,,0,,0,,0,,0,,0,,1,,0,,0
2025-11-28,PROD_005,Nike Dri-FIT Miler,Running,Ropa Running,35,False,,29.75,,2025,11,28,Friday,4,4,48,30,0,0,1,0,0,0,0,0,2,33,33,,,,,,,,,-15.0,,,Nike Dri-FIT Miler,Running,Ropa Running,,0,,0,,0,,0,,0,,0,,0,,0,,0,,0,,0,,0,,0,,0,,0,,1,,0,,0,,0,,0,,0,,0,,0,,0,,0,,0,,1,,0,,0,,0,,0,,0,,0,,0,,0,,0,,0,,0,,0,,0,,0,,1,,0,,0
2025-11-29,PROD_005,Nike Dri-FIT Miler,Running,Ropa Running,35,False,,35.17,,2025,11,29,Saturday,5,4,48,30,1,0,0,0,0,0,0,0,1,32,32,,,,,,,,,0.4857142857142906,,,Nike Dri-FIT Miler,Running,Ropa Running,,0,,0,,0,,0,,0,,0,,0,,0,,0,,0,,0,,0,,0,,0,,0,,1,,0,,0,,0,,0,,0,,0,,0,,0,,0,,0,,1,,0,,0,,0,,0,,0,,0,,0,,0,,0,,0,,0,,0,,0,,0,,1,,0,,0
2025-11-30,PROD_005,Nike Dri-FIT Miler,Running,Ropa Running,35,False,,34.94,,2025,11,30,Sunday,6,4,48,30,1,0,0,0,0,0,0,0,0,31,31,,,,,,,,,-0.17142857142857792,,,Nike Dri-FIT Miler,Running,Ropa Running,,0,,0,,0,,0,,0,,0,,0,,0,,0,,0,,0,,0,,0,,0,,0,,1,,0,,0,,0,,0,,0,,0,,0,,0,,0,,0,,1,,0,,0,,0,,0,,0,,0,,0,,0,,0,,0,,0,,0,,0,,0,,1,,0,,0
2025-11-01,PROD_006,Adidas Own The Run Jacket,Running,Ropa Running,65,False,,63.8,,2025,11,1,Saturday,5,4,44,30,1,1,0,0,0,0,0,0,29,60,60,1.0,3.0,3.0,1.0,2.0,1.0,1.0,1.7142857142857142,-1.8461538461538505,,,Adidas Own The Run Jacket,Running,Ropa Running,,1,,0,,0,,0,,0,,0,,0,,0,,0,,0,,0,,0,,0,,0,,0,,0,,0,,0,,0,,0,,0,,0,,0,,0,,0,,0,,1,,0,,0,,0,,0,,0,,0,,0,,0,,0,,0,,0,,0,,0,,0,,1,,0,,0
2025-11-02,PROD_006,Adidas Own The Run Jacket,Running,Ropa Running,65,False,,66.03,,2025,11,2,Sunday,6,4,44,30,1,0,0,0,0,0,0,0,28,59,59,,1.0,3.0,3.0,1.0,2.0,1.0,1.8333333333333333,1.5846153846153863,,,Adidas Own The Run Jacket,Running,Ropa Running,,1,,0,,0,,0,,0,,0,,0,,0,,0,,0,,0,,0,,0,,0,,0,,0,,0,,0,,0,,0,,0,,0,,0,,0,,0,,0,,1,,0,,0,,0,,0,,0,,0,,0,,0,,0,,0,,0,,0,,0,,0,,1,,0,,0
2025-11-03,PROD_006,Adidas Own The Run Jacket,Running,Ropa Running,65,False,,65.08,,2025,11,3,Monday,0,4,45,30,0,0,0,0,0,0,0,0,27,58,58,,,1.0,3.0,3.0,1.0,2.0,2.0,0.12307692307692046,,,Adidas Own The Run Jacket,Running,Ropa Running,,1,,0,,0,,0,,0,,0,,0,,0,,0,,0,,0,,0,,0,,0,,0,,0,,0,,0,,0,,0,,0,,0,,0,,0,,0,,0,,1,,0,,0,,0,,0,,0,,0,,0,,0,,0,,0,,0,,0,,0,,0,,1,,0,,0
2025-11-04,PROD_006,Adidas Own The Run Jacket,Running,Ropa Running,65,False,,64.68,,2025,11,4,Tuesday,1,4,45,30,0,0,0,0,0,0,0,0,26,57,57,,,,1.0,3.0,3.0,1.0,2.0,-0.49230769230768184,,,Adidas Own The Run Jacket,Running,Ropa Running,,1,,0,,0,,0,,0,,0,,0,,0,,0,,0,,0,,0,,0,,0,,0,,0,,0,,0,,0,,0,,0,,0,,0,,0,,0,,0,,1,,0,,0,,0,,0,,0,,0,,0,,0,,0,,0,,0,,0,,0,,0,,1,,0,,0
2025-11-05,PROD_006,Adidas Own The Run Jacket,Running,Ropa Running,65,False,,65.75,,2025,11,5,Wednesday,2,4,45,30,0,0,0,0,0,0,0,0,25,56,56,,,,,1.0,3.0,3.0,2.3333333333333335,1.153846153846154,,,Adidas Own The Run Jacket,Running,Ropa Running,,1,,0,,0,,0,,0,,0,,0,,0,,0,,0,,0,,0,,0,,0,,0,,0,,0,,0,,0,,0,,0,,0,,0,,0,,0,,0,,1,,0,,0,,0,,0,,0,,0,,0,,0,,0,,0,,0,,0,,0,,0,,1,,0,,0
2025-11-06,PROD_006,Adidas Own The Run Jacket,Running,Ropa Running,65,False,,65.1,,2025,11,6,Thursday,3,4,45,30,0,0,0,0,0,0,0,0,24,55,55,,,,,,1.0,3.0,2.0,0.1538461538461451,,,Adidas Own The Run Jacket,Running,Ropa Running,,1,,0,,0,,0,,0,,0,,0,,0,,0,,0,,0,,0,,0,,0,,0,,0,,0,,0,,0,,0,,0,,0,,0,,0,,0,,0,,1,,0,,0,,0,,0,,0,,0,,0,,0,,0,,0,,0,,0,,0,,0,,1,,0,,0
2025-11-07,PROD_006,Adidas Own The Run Jacket,Running,Ropa Running,65,False,,64.44,,2025,11,7,Friday,4,4,45,30,0,0,0,0,0,0,0,0,23,54,54,,,,,,,1.0,1.0,-0.8615384615384649,,,Adidas Own The Run Jacket,Running,Ropa Running,,1,,0,,0,,0,,0,,0,,0,,0,,0,,0,,0,,0,,0,,0,,0,,0,,0,,0,,0,,0,,0,,0,,0,,0,,0,,0,,1,,0,,0,,0,,0,,0,,0,,0,,0,,0,,0,,0,,0,,0,,0,,1,,0,,0
2025-11-08,PROD_006,Adidas Own The Run Jacket,Running,Ropa Running,65,False,,65.18,,2025,11,8,Saturday,5,4,45,30,1,0,0,0,0,0,0,0,22,53,53,,,,,,,,,0.2769230769230874,,,Adidas Own The Run Jacket,Running,Ropa Running,,1,,0,,0,,0,,0,,0,,0,,0,,0,,0,,0,,0,,0,,0,,0,,0,,0,,0,,0,,0,,0,,0,,0,,0,,0,,0,,1,,0,,0,,0,,0,,0,,0,,0,,0,,0,,0,,0,,0,,0,,0,,1,,0,,0
2025-11-09,PROD_006,Adidas Own The Run Jacket,Running,Ropa Running,65,False,,64.19,,2025,11,9,Sunday,6,4,45,30,1,0,0,0,0,0,0,0,21,52,52,,,,,,,,,-1.2461538461538497,,,Adidas Own The Run Jacket,Running,Ropa Running,,1,,0,,0,,0,,0,,0,,0,,0,,0,,0,,0,,0,,0,,0,,0,,0,,0,,0,,0,,0,,0,,0,,0,,0,,0,,0,,1,,0,,0,,0,,0,,0,,0,,0,,0,,0,,0,,0,,0,,0,,0,,1,,0,,0
2025-11-10,PROD_006,Adidas Own The Run Jacket,Running,Ropa Running,65,False,,66.03,,2025,11,10,Monday,0,4,46,30,0,0,0,0,0,0,0,0,20,51,51,,,,,,,,,1.5846153846153863,,,Adidas Own The Run Jacket,Running,Ropa Running,,1,,0,,0,,0,,0,,0,,0,,0,,0,,0,,0,,0,,0,,0,,0,,0,,0,,0,,0,,0,,0,,0,,0,,0,,0,,0,,1,,0,,0,,0,,0,,0,,0,,0,,0,,0,,0,,0,,0,,0,,0,,1,,0,,0
2025-11-11,PROD_006,Adidas Own The Run Jacket,Running,Ropa Running,65,False,,63.99,,2025,11,11,Tuesday,1,4,46,30,0,0,0,0,0,0,0,0,19,50,50,,,,,,,,,-1.5538461538461508,,,Adidas Own The Run Jacket,Running,Ropa Running,,1,,0,,0,,0,,0,,0,,0,,0,,0,,0,,0,,0,,0,,0,,0,,0,,0,,0,,0,,0,,0,,0,,0,,0,,0,,0,,1,,0,,0,,0,,0,,0,,0,,0,,0,,0,,0,,0,,0,,0,,0,,1,,0,,0
2025-11-12,PROD_006,Adidas Own The Run Jacket,Running,Ropa Running,65,False,,65.95,,2025,11,12,Wednesday,2,4,46,30,0,0,0,0,0,0,0,0,18,49,49,,,,,,,,,1.461538461538466,,,Adidas Own The Run Jacket,Running,Ropa Running,,1,,0,,0,,0,,0,,0,,0,,0,,0,,0,,0,,0,,0,,0,,0,,0,,0,,0,,0,,0,,0,,0,,0,,0,,0,,0,,1,,0,,0,,0,,0,,0,,0,,0,,0,,0,,0,,0,,0,,0,,0,,1,,0,,0
2025-11-13,PROD_006,Adidas Own The Run Jacket,Running,Ropa Running,65,False,,66.12,,2025,11,13,Thursday,3,4,46,30,0,0,0,0,0,0,0,0,17,48,48,,,,,,,,,1.7230769230769298,,,Adidas Own The Run Jacket,Running,Ropa Running,,1,,0,,0,,0,,0,,0,,0,,0,,0,,0,,0,,0,,0,,0,,0,,0,,0,,0,,0,,0,,0,,0,,0,,0,,0,,0,,1,,0,,0,,0,,0,,0,,0,,0,,0,,0,,0,,0,,0,,0,,0,,1,,0,,0
2025-11-14,PROD_006,Adidas Own The Run Jacket,Running,Ropa Running,65,False,,64.43,,2025,11,14,Friday,4,4,46,30,0,0,0,0,0,0,0,0,16,47,47,,,,,,,,,-0.8769230769230665,,,Adidas Own The Run Jacket,Running,Ropa Running,,1,,0,,0,,0,,0,,0,,0,,0,,0,,0,,0,,0,,0,,0,,0,,0,,0,,0,,0,,0,,0,,0,,0,,0,,0,,0,,1,,0,,0,,0,,0,,0,,0,,0,,0,,0,,0,,0,,0,,0,,0,,1,,0,,0
2025-11-15,PROD_006,Adidas Own The Run Jacket,Running,Ropa Running,65,False,,65.02,,2025,11,15,Saturday,5,4,46,30,1,0,0,0,0,0,0,0,15,46,46,,,,,,,,,0.03076923076922465,,,Adidas Own The Run Jacket,Running,Ropa Running,,1,,0,,0,,0,,0,,0,,0,,0,,0,,0,,0,,0,,0,,0,,0,,0,,0,,0,,0,,0,,0,,0,,0,,0,,0,,0,,1,,0,,0,,0,,0,,0,,0,,0,,0,,0,,0,,0,,0,,0,,0,,1,,0,,0
2025-11-16,PROD_006,Adidas Own The Run Jacket,Running,Ropa Running,65,False,,65.29,,2025,11,16,Sunday,6,4,46,30,1,0,0,0,0,0,0,0,14,45,45,,,,,,,,,0.4461538461538557,,,Adidas Own The Run Jacket,Running,Ropa Running,,1,,0,,0,,0,,0,,0,,0,,0,,0,,0,,0,,0,,0,,0,,0,,0,,0,,0,,0,,0,,0,,0,,0,,0,,0,,0,,1,,0,,0,,0,,0,,0,,0,,0,,0,,0,,0,,0,,0,,0,,0,,1,,0,,0
2025-11-17,PROD_006,Adidas Own The Run Jacket,Running,Ropa Running,65,False,,65.08,,2025,11,17,Monday,0,4,47,30,0,0,0,0,0,0,0,0,13,44,44,,,,,,,,,0.12307692307692046,,,Adidas Own The Run Jacket,Running,Ropa Running,,1,,0,,0,,0,,0,,0,,0,,0,,0,,0,,0,,0,,0,,0,,0,,0,,0,,0,,0,,0,,0,,0,,0,,0,,0,,0,,1,,0,,0,,0,,0,,0,,0,,0,,0,,0,,0,,0,,0,,0,,0,,1,,0,,0
2025-11-18,PROD_006,Adidas Own The Run Jacket,Running,Ropa Running,65,False,,64.05,,2025,11,18,Tuesday,1,4,47,30,0,0,0,0,0,0,0,0,12,43,43,,,,,,,,,-1.461538461538466,,,Adidas Own The Run Jacket,Running,Ropa Running,,1,,0,,0,,0,,0,,0,,0,,0,,0,,0,,0,,0,,0,,0,,0,,0,,0,,0,,0,,0,,0,,0,,0,,0,,0,,0,,1,,0,,0,,0,,0,,0,,0,,0,,0,,0,,0,,0,,0,,0,,0,,1,,0,,0
2025-11-19,PROD_006,Adidas Own The Run Jacket,Running,Ropa Running,65,False,,65.68,,2025,11,19,Wednesday,2,4,47,30,0,0,0,0,0,0,0,0,11,42,42,,,,,,,,,1.0461538461538566,,,Adidas Own The Run Jacket,Running,Ropa Running,,1,,0,,0,,0,,0,,0,,0,,0,,0,,0,,0,,0,,0,,0,,0,,0,,0,,0,,0,,0,,0,,0,,0,,0,,0,,0,,1,,0,,0,,0,,0,,0,,0,,0,,0,,0,,0,,0,,0,,0,,0,,1,,0,,0
2025-11-20,PROD_006,Adidas Own The Run Jacket,Running,Ropa Running,65,False,,64.77,,2025,11,20,Thursday,3,4,47,30,0,0,0,0,0,0,0,0,10,41,41,,,,,,,,,-0.35384615384615997,,,Adidas Own The Run Jacket,Running,Ropa Running,,1,,0,,0,,0,,0,,0,,0,,0,,0,,0,,0,,0,,0,,0,,0,,0,,0,,0,,0,,0,,0,,0,,0,,0,,0,,0,,1,,0,,0,,0,,0,,0,,0,,0,,0,,0,,0,,0,,0,,0,,0,,1,,0,,0
2025-11-21,PROD_006,Adidas Own The Run Jacket,Running,Ropa Running,65,False,,66.14,,2025,11,21,Friday,4,4,47,30,0,0,0,0,0,0,0,0,9,40,40,,,,,,,,,1.7538461538461547,,,Adidas Own The Run Jacket,Running,Ropa Running,,1,,0,,0,,0,,0,,0,,0,,0,,0,,0,,0,,0,,0,,0,,0,,0,,0,,0,,0,,0,,0,,0,,0,,0,,0,,0,,1,,0,,0,,0,,0,,0,,0,,0,,0,,0,,0,,0,,0,,0,,0,,1,,0,,0
2025-11-22,PROD_006,Adidas Own The Run Jacket,Running,Ropa Running,65,False,,65.89,,2025,11,22,Saturday,5,4,47,30,1,0,0,0,0,0,0,0,8,39,39,,,,,,,,,1.3692307692307701,,,Adidas Own The Run Jacket,Running,Ropa Running,,1,,0,,0,,0,,0,,0,,0,,0,,0,,0,,0,,0,,0,,0,,0,,0,,0,,0,,0,,0,,0,,0,,0,,0,,0,,0,,1,,0,,0,,0,,0,,0,,0,,0,,0,,0,,0,,0,,0,,0,,0,,1,,0,,0
2025-11-23,PROD_006,Adidas Own The Run Jacket,Running,Ropa Running,65,False,,64.13,,2025,11,23,Sunday,6,4,47,30,1,0,0,0,0,0,0,0,7,38,38,,,,,,,,,-1.3384615384615455,,,Adidas Own The Run Jacket,Running,Ropa Running,,1,,0,,0,,0,,0,,0,,0,,0,,0,,0,,0,,0,,0,,0,,0,,0,,0,,0,,0,,0,,0,,0,,0,,0,,0,,0,,1,,0,,0,,0,,0,,0,,0,,0,,0,,0,,0,,0,,0,,0,,0,,1,,0,,0
2025-11-24,PROD_006,Adidas Own The Run Jacket,Running,Ropa Running,65,False,,65.06,,2025,11,24,Monday,0,4,48,30,0,0,0,0,0,0,0,0,6,37,37,,,,,,,,,0.09230769230769581,,,Adidas Own The Run Jacket,Running,Ropa Running,,1,,0,,0,,0,,0,,0,,0,,0,,0,,0,,0,,0,,0,,0,,0,,0,,0,,0,,0,,0,,0,,0,,0,,0,,0,,0,,1,,0,,0,,0,,0,,0,,0,,0,,0,,0,,0,,0,,0,,0,,0,,1,,0,,0
2025-11-25,PROD_006,Adidas Own The Run Jacket,Running,Ropa Running,65,False,,64.84,,2025,11,25,Tuesday,1,4,48,30,0,0,0,0,0,0,0,0,5,36,36,,,,,,,,,-0.24615384615384092,,,Adidas Own The Run Jacket,Running,Ropa Running,,1,,0,,0,,0,,0,,0,,0,,0,,0,,0,,0,,0,,0,,0,,0,,0,,0,,0,,0,,0,,0,,0,,0,,0,,0,,0,,1,,0,,0,,0,,0,,0,,0,,0,,0,,0,,0,,0,,0,,0,,0,,1,,0,,0
2025-11-26,PROD_006,Adidas Own The Run Jacket,Running,Ropa Running,65,False,,64.48,,2025,11,26,Wednesday,2,4,48,30,0,0,0,0,0,0,0,0,4,35,35,,,,,,,,,-0.7999999999999939,,,Adidas Own The Run Jacket,Running,Ropa Running,,1,,0,,0,,0,,0,,0,,0,,0,,0,,0,,0,,0,,0,,0,,0,,0,,0,,0,,0,,0,,0,,0,,0,,0,,0,,0,,1,,0,,0,,0,,0,,0,,0,,0,,0,,0,,0,,0,,0,,0,,0,,1,,0,,0
2025-11-27,PROD_006,Adidas Own The Run Jacket,Running,Ropa Running,65,False,,64.7,,2025,11,27,Thursday,3,4,48,30,0,0,0,0,0,0,0,0,3,34,34,,,,,,,,,-0.4615384615384572,,,Adidas Own The Run Jacket,Running,Ropa Running,,1,,0,,0,,0,,0,,0,,0,,0,,0,,0,,0,,0,,0,,0,,0,,0,,0,,0,,0,,0,,0,,0,,0,,0,,0,,0,,1,,0,,0,,0,,0,,0,,0,,0,,0,,0,,0,,0,,0,,0,,0,,1,,0,,0
2025-11-28,PROD_006,Adidas Own The Run Jacket,Running,Ropa Running,65,False,,55.25,,2025,11,28,Friday,4,4,48,30,0,0,1,0,0,0,0,0,2,33,33,,,,,,,,,-15.0,,,Adidas Own The Run Jacket,Running,Ropa Running,,1,,0,,0,,0,,0,,0,,0,,0,,0,,0,,0,,0,,0,,0,,0,,0,,0,,0,,0,,0,,0,,0,,0,,0,,0,,0,,1,,0,,0,,0,,0,,0,,0,,0,,0,,0,,0,,0,,0,,0,,0,,1,,0,,0
2025-11-29,PROD_006,Adidas Own The Run Jacket,Running,Ropa Running,65,False,,64.06,,2025,11,29,Saturday,5,4,48,30,1,0,0,0,0,0,0,0,1,32,32,,,,,,,,,-1.4461538461538426,,,Adidas Own The Run Jacket,Running,Ropa Running,,1,,0,,0,,0,,0,,0,,0,,0,,0,,0,,0,,0,,0,,0,,0,,0,,0,,0,,0,,0,,0,,0,,0,,0,,0,,0,,1,,0,,0,,0,,0,,0,,0,,0,,0,,0,,0,,0,,0,,0,,0,,1,,0,,0
2025-11-30,PROD_006,Adidas Own The Run Jacket,Running,Ropa Running,65,False,,65.75,,2025,11,30,Sunday,6,4,48,30,1,0,0,0,0,0,0,0,0,31,31,,,,,,,,,1.153846153846154,,,Adidas Own The Run Jacket,Running,Ropa Running,,1,,0,,0,,0,,0,,0,,0,,0,,0,,0,,0,,0,,0,,0,,0,,0,,0,,0,,0,,0,,0,,0,,0,,0,,0,,0,,1,,0,,0,,0,,0,,0,,0,,0,,0,,0,,0,,0,,0,,0,,0,,1,,0,,0
2025-11-01,PROD_007,Puma Velocity Nitro 2,Running,Zapatillas Running,70,False,,70.3,,2025,11,1,Saturday,5,4,44,30,1,1,0,0,0,0,0,0,29,60,60,4.0,3.0,1.0,6.0,2.0,2.0,5.0,3.2857142857142856,0.4285714285714245,,,Puma Velocity Nitro 2,Running,Zapatillas Running,,0,,0,,0,,0,,0,,0,,0,,0,,0,,0,,0,,0,,0,,0,,0,,0,,1,,0,,0,,0,,0,,0,,0,,0,,0,,0,,1,,0,,0,,0,,0,,0,,0,,0,,0,,0,,0,,0,,0,,0,,0,,0,,1,,0
2025-11-02,PROD_007,Puma Velocity Nitro 2,Running,Zapatillas Running,70,False,,71.36,,2025,11,2,Sunday,6,4,44,30,1,0,0,0,0,0,0,0,28,59,59,,4.0,3.0,1.0,6.0,2.0,2.0,3.0,1.942857142857142,,,Puma Velocity Nitro 2,Running,Zapatillas Running,,0,,0,,0,,0,,0,,0,,0,,0,,0,,0,,0,,0,,0,,0,,0,,0,,1,,0,,0,,0,,0,,0,,0,,0,,0,,0,,1,,0,,0,,0,,0,,0,,0,,0,,0,,0,,0,,0,,0,,0,,0,,0,,1,,0
2025-11-03,PROD_007,Puma Velocity Nitro 2,Running,Zapatillas Running,70,False,,69.72,,2025,11,3,Monday,0,4,45,30,0,0,0,0,0,0,0,0,27,58,58,,,4.0,3.0,1.0,6.0,2.0,3.2,-0.40000000000000163,,,Puma Velocity Nitro 2,Running,Zapatillas Running,,0,,0,,0,,0,,0,,0,,0,,0,,0,,0,,0,,0,,0,,0,,0,,0,,1,,0,,0,,0,,0,,0,,0,,0,,0,,0,,1,,0,,0,,0,,0,,0,,0,,0,,0,,0,,0,,0,,0,,0,,0,,0,,1,,0
2025-11-04,PROD_007,Puma Velocity Nitro 2,Running,Zapatillas Running,70,False,,70.1,,2025,11,4,Tuesday,1,4,45,30,0,0,0,0,0,0,0,0,26,57,57,,,,4.0,3.0,1.0,6.0,3.5,0.14285714285713474,,,Puma Velocity Nitro 2,Running,Zapatillas Running,,0,,0,,0,,0,,0,,0,,0,,0,,0,,0,,0,,0,,0,,0,,0,,0,,1,,0,,0,,0,,0,,0,,0,,0,,0,,0,,1,,0,,0,,0,,0,,0,,0,,0,,0,,0,,0,,0,,0,,0,,0,,0,,1,,0
2025-11-05,PROD_007,Puma Velocity Nitro 2,Running,Zapatillas Running,70,False,,69.57,,2025,11,5,Wednesday,2,4,45,30,0,0,0,0,0,0,0,0,25,56,56,,,,,4.0,3.0,1.0,2.6666666666666665,-0.6142857142857241,,,Puma Velocity Nitro 2,Running,Zapatillas Running,,0,,0,,0,,0,,0,,0,,0,,0,,0,,0,,0,,0,,0,,0,,0,,0,,1,,0,,0,,0,,0,,0,,0,,0,,0,,0,,1,,0,,0,,0,,0,,0,,0,,0,,0,,0,,0,,0,,0,,0,,0,,0,,1,,0
2025-11-06,PROD_007,Puma Velocity Nitro 2,Running,Zapatillas Running,70,False,,68.99,,2025,11,6,Thursday,3,4,45,30,0,0,0,0,0,0,0,0,24,55,55,,,,,,4.0,3.0,3.5,-1.4428571428571502,,,Puma Velocity Nitro 2,Running,Zapatillas Running,,0,,0,,0,,0,,0,,0,,0,,0,,0,,0,,0,,0,,0,,0,,0,,0,,1,,0,,0,,0,,0,,0,,0,,0,,0,,0,,1,,0,,0,,0,,0,,0,,0,,0,,0,,0,,0,,0,,0,,0,,0,,0,,1,,0
2025-11-07,PROD_007,Puma Velocity Nitro 2,Running,Zapatillas Running,70,False,,69.77,,2025,11,7,Friday,4,4,45,30,0,0,0,0,0,0,0,0,23,54,54,,,,,,,4.0,4.0,-0.3285714285714343,,,Puma Velocity Nitro 2,Running,Zapatillas Running,,0,,0,,0,,0,,0,,0,,0,,0,,0,,0,,0,,0,,0,,0,,0,,0,,1,,0,,0,,0,,0,,0,,0,,0,,0,,0,,1,,0,,0,,0,,0,,0,,0,,0,,0,,0,,0,,0,,0,,0,,0,,0,,1,,0
2025-11-08,PROD_007,Puma Velocity Nitro 2,Running,Zapatillas Running,70,False,,68.64,,2025,11,8,Saturday,5,4,45,30,1,0,0,0,0,0,0,0,22,53,53,,,,,,,,,-1.942857142857142,,,Puma Velocity Nitro 2,Running,Zapatillas Running,,0,,0,,0,,0,,0,,0,,0,,0,,0,,0,,0,,0,,0,,0,,0,,0,,1,,0,,0,,0,,0,,0,,0,,0,,0,,0,,1,,0,,0,,0,,0,,0,,0,,0,,0,,0,,0,,0,,0,,0,,0,,0,,1,,0
2025-11-09,PROD_007,Puma Velocity Nitro 2,Running,Zapatillas Running,70,False,,71.29,,2025,11,9,Sunday,6,4,45,30,1,0,0,0,0,0,0,0,21,52,52,,,,,,,,,1.8428571428571516,,,Puma Velocity Nitro 2,Running,Zapatillas Running,,0,,0,,0,,0,,0,,0,,0,,0,,0,,0,,0,,0,,0,,0,,0,,0,,1,,0,,0,,0,,0,,0,,0,,0,,0,,0,,1,,0,,0,,0,,0,,0,,0,,0,,0,,0,,0,,0,,0,,0,,0,,0,,1,,0
2025-11-10,PROD_007,Puma Velocity Nitro 2,Running,Zapatillas Running,70,False,,68.79,,2025,11,10,Monday,0,4,46,30,0,0,0,0,0,0,0,0,20,51,51,,,,,,,,,-1.7285714285714195,,,Puma Velocity Nitro 2,Running,Zapatillas Running,,0,,0,,0,,0,,0,,0,,0,,0,,0,,0,,0,,0,,0,,0,,0,,0,,1,,0,,0,,0,,0,,0,,0,,0,,0,,0,,1,,0,,0,,0,,0,,0,,0,,0,,0,,0,,0,,0,,0,,0,,0,,0,,1,,0
2025-11-11,PROD_007,Puma Velocity Nitro 2,Running,Zapatillas Running,70,False,,71.11,,2025,11,11,Tuesday,1,4,46,30,0,0,0,0,0,0,0,0,19,50,50,,,,,,,,,1.5857142857142847,,,Puma Velocity Nitro 2,Running,Zapatillas Running,,0,,0,,0,,0,,0,,0,,0,,0,,0,,0,,0,,0,,0,,0,,0,,0,,1,,0,,0,,0,,0,,0,,0,,0,,0,,0,,1,,0,,0,,0,,0,,0,,0,,0,,0,,0,,0,,0,,0,,0,,0,,0,,1,,0
2025-11-12,PROD_007,Puma Velocity Nitro 2,Running,Zapatillas Running,70,False,,70.18,,2025,11,12,Wednesday,2,4,46,30,0,0,0,0,0,0,0,0,18,49,49,,,,,,,,,0.2571428571428669,,,Puma Velocity Nitro 2,Running,Zapatillas Running,,0,,0,,0,,0,,0,,0,,0,,0,,0,,0,,0,,0,,0,,0,,0,,0,,1,,0,,0,,0,,0,,0,,0,,0,,0,,0,,1,,0,,0,,0,,0,,0,,0,,0,,0,,0,,0,,0,,0,,0,,0,,0,,1,,0
2025-11-13,PROD_007,Puma Velocity Nitro 2,Running,Zapatillas Running,70,False,,69.83,,2025,11,13,Thursday,3,4,46,30,0,0,0,0,0,0,0,0,17,48,48,,,,,,,,,-0.2428571428571453,,,Puma Velocity Nitro 2,Running,Zapatillas Running,,0,,0,,0,,0,,0,,0,,0,,0,,0,,0,,0,,0,,0,,0,,0,,0,,1,,0,,0,,0,,0,,0,,0,,0,,0,,0,,1,,0,,0,,0,,0,,0,,0,,0,,0,,0,,0,,0,,0,,0,,0,,0,,1,,0
2025-11-14,PROD_007,Puma Velocity Nitro 2,Running,Zapatillas Running,70,False,,71.01,,2025,11,14,Friday,4,4,46,30,0,0,0,0,0,0,0,0,16,47,47,,,,,,,,,1.4428571428571502,,,Puma Velocity Nitro 2,Running,Zapatillas Running,,0,,0,,0,,0,,0,,0,,0,,0,,0,,0,,0,,0,,0,,0,,0,,0,,1,,0,,0,,0,,0,,0,,0,,0,,0,,0,,1,,0,,0,,0,,0,,0,,0,,0,,0,,0,,0,,0,,0,,0,,0,,0,,1,,0
2025-11-15,PROD_007,Puma Velocity Nitro 2,Running,Zapatillas Running,70,False,,69.36,,2025,11,15,Saturday,5,4,46,30,1,0,0,0,0,0,0,0,15,46,46,,,,,,,,,-0.914285714285715,,,Puma Velocity Nitro 2,Running,Zapatillas Running,,0,,0,,0,,0,,0,,0,,0,,0,,0,,0,,0,,0,,0,,0,,0,,0,,1,,0,,0,,0,,0,,0,,0,,0,,0,,0,,1,,0,,0,,0,,0,,0,,0,,0,,0,,0,,0,,0,,0,,0,,0,,0,,1,,0
2025-11-16,PROD_007,Puma Velocity Nitro 2,Running,Zapatillas Running,70,False,,68.68,,2025,11,16,Sunday,6,4,46,30,1,0,0,0,0,0,0,0,14,45,45,,,,,,,,,-1.885714285714276,,,Puma Velocity Nitro 2,Running,Zapatillas Running,,0,,0,,0,,0,,0,,0,,0,,0,,0,,0,,0,,0,,0,,0,,0,,0,,1,,0,,0,,0,,0,,0,,0,,0,,0,,0,,1,,0,,0,,0,,0,,0,,0,,0,,0,,0,,0,,0,,0,,0,,0,,0,,1,,0
2025-11-17,PROD_007,Puma Velocity Nitro 2,Running,Zapatillas Running,70,False,,70.48,,2025,11,17,Monday,0,4,47,30,0,0,0,0,0,0,0,0,13,44,44,,,,,,,,,0.6857142857142914,,,Puma Velocity Nitro 2,Running,Zapatillas Running,,0,,0,,0,,0,,0,,0,,0,,0,,0,,0,,0,,0,,0,,0,,0,,0,,1,,0,,0,,0,,0,,0,,0,,0,,0,,0,,1,,0,,0,,0,,0,,0,,0,,0,,0,,0,,0,,0,,0,,0,,0,,0,,1,,0
2025-11-18,PROD_007,Puma Velocity Nitro 2,Running,Zapatillas Running,70,False,,68.88,,2025,11,18,Tuesday,1,4,47,30,0,0,0,0,0,0,0,0,12,43,43,,,,,,,,,-1.6000000000000065,,,Puma Velocity Nitro 2,Running,Zapatillas Running,,0,,0,,0,,0,,0,,0,,0,,0,,0,,0,,0,,0,,0,,0,,0,,0,,1,,0,,0,,0,,0,,0,,0,,0,,0,,0,,1,,0,,0,,0,,0,,0,,0,,0,,0,,0,,0,,0,,0,,0,,0,,0,,1,,0
2025-11-19,PROD_007,Puma Velocity Nitro 2,Running,Zapatillas Running,70,False,,71.0,,2025,11,19,Wednesday,2,4,47,30,0,0,0,0,0,0,0,0,11,42,42,,,,,,,,,1.4285714285714286,,,Puma Velocity Nitro 2,Running,Zapatillas Running,,0,,0,,0,,0,,0,,0,,0,,0,,0,,0,,0,,0,,0,,0,,0,,0,,1,,0,,0,,0,,0,,0,,0,,0,,0,,0,,1,,0,,0,,0,,0,,0,,0,,0,,0,,0,,0,,0,,0,,0,,0,,0,,1,,0
2025-11-20,PROD_007,Puma Velocity Nitro 2,Running,Zapatillas Running,70,False,,69.42,,2025,11,20,Thursday,3,4,47,30,0,0,0,0,0,0,0,0,10,41,41,,,,,,,,,-0.8285714285714261,,,Puma Velocity Nitro 2,Running,Zapatillas Running,,0,,0,,0,,0,,0,,0,,0,,0,,0,,0,,0,,0,,0,,0,,0,,0,,1,,0,,0,,0,,0,,0,,0,,0,,0,,0,,1,,0,,0,,0,,0,,0,,0,,0,,0,,0,,0,,0,,0,,0,,0,,0,,1,,0
2025-11-21,PROD_007,Puma Velocity Nitro 2,Running,Zapatillas Running,70,False,,71.1,,2025,11,21,Friday,4,4,47,30,0,0,0,0,0,0,0,0,9,40,40,,,,,,,,,1.5714285714285632,,,Puma Velocity Nitro 2,Running,Zapatillas Running,,0,,0,,0,,0,,0,,0,,0,,0,,0,,0,,0,,0,,0,,0,,0,,0,,1,,0,,0,,0,,0,,0,,0,,0,,0,,0,,1,,0,,0,,0,,0,,0,,0,,0,,0,,0,,0,,0,,0,,0,,0,,0,,1,,0
2025-11-22,PROD_007,Puma Velocity Nitro 2,Running,Zapatillas Running,70,False,,70.25,,2025,11,22,Saturday,5,4,47,30,1,0,0,0,0,0,0,0,8,39,39,,,,,,,,,0.35714285714285715,,,Puma Velocity Nitro 2,Running,Zapatillas Running,,0,,0,,0,,0,,0,,0,,0,,0,,0,,0,,0,,0,,0,,0,,0,,0,,1,,0,,0,,0,,0,,0,,0,,0,,0,,0,,1,,0,,0,,0,,0,,0,,0,,0,,0,,0,,0,,0,,0,,0,,0,,0,,1,,0
2025-11-23,PROD_007,Puma Velocity Nitro 2,Running,Zapatillas Running,70,False,,69.75,,2025,11,23,Sunday,6,4,47,30,1,0,0,0,0,0,0,0,7,38,38,,,,,,,,,-0.35714285714285715,,,Puma Velocity Nitro 2,Running,Zapatillas Running,,0,,0,,0,,0,,0,,0,,0,,0,,0,,0,,0,,0,,0,,0,,0,,0,,1,,0,,0,,0,,0,,0,,0,,0,,0,,0,,1,,0,,0,,0,,0,,0,,0,,0,,0,,0,,0,,0,,0,,0,,0,,0,,1,,0
2025-11-24,PROD_007,Puma Velocity Nitro 2,Running,Zapatillas Running,70,False,,70.74,,2025,11,24,Monday,0,4,48,30,0,0,0,0,0,0,0,0,6,37,37,,,,,,,,,1.0571428571428498,,,Puma Velocity Nitro 2,Running,Zapatillas Running,,0,,0,,0,,0,,0,,0,,0,,0,,0,,0,,0,,0,,0,,0,,0,,0,,1,,0,,0,,0,,0,,0,,0,,0,,0,,0,,1,,0,,0,,0,,0,,0,,0,,0,,0,,0,,0,,0,,0,,0,,0,,0,,1,,0
2025-11-25,PROD_007,Puma Velocity Nitro 2,Running,Zapatillas Running,70,False,,70.84,,2025,11,25,Tuesday,1,4,48,30,0,0,0,0,0,0,0,0,5,36,36,,,,,,,,,1.2000000000000048,,,Puma Velocity Nitro 2,Running,Zapatillas Running,,0,,0,,0,,0,,0,,0,,0,,0,,0,,0,,0,,0,,0,,0,,0,,0,,1,,0,,0,,0,,0,,0,,0,,0,,0,,0,,1,,0,,0,,0,,0,,0,,0,,0,,0,,0,,0,,0,,0,,0,,0,,0,,1,,0
2025-11-26,PROD_007,Puma Velocity Nitro 2,Running,Zapatillas Running,70,False,,70.37,,2025,11,26,Wednesday,2,4,48,30,0,0,0,0,0,0,0,0,4,35,35,,,,,,,,,0.5285714285714351,,,Puma Velocity Nitro 2,Running,Zapatillas Running,,0,,0,,0,,0,,0,,0,,0,,0,,0,,0,,0,,0,,0,,0,,0,,0,,1,,0,,0,,0,,0,,0,,0,,0,,0,,0,,1,,0,,0,,0,,0,,0,,0,,0,,0,,0,,0,,0,,0,,0,,0,,0,,1,,0
2025-11-27,PROD_007,Puma Velocity Nitro 2,Running,Zapatillas Running,70,False,,70.94,,2025,11,27,Thursday,3,4,48,30,0,0,0,0,0,0,0,0,3,34,34,,,,,,,,,1.3428571428571396,,,Puma Velocity Nitro 2,Running,Zapatillas Running,,0,,0,,0,,0,,0,,0,,0,,0,,0,,0,,0,,0,,0,,0,,0,,0,,1,,0,,0,,0,,0,,0,,0,,0,,0,,0,,1,,0,,0,,0,,0,,0,,0,,0,,0,,0,,0,,0,,0,,0,,0,,0,,1,,0
2025-11-28,PROD_007,Puma Velocity Nitro 2,Running,Zapatillas Running,70,False,,59.5,,2025,11,28,Friday,4,4,48,30,0,0,1,0,0,0,0,0,2,33,33,,,,,,,,,-15.0,,,Puma Velocity Nitro 2,Running,Zapatillas Running,,0,,0,,0,,0,,0,,0,,0,,0,,0,,0,,0,,0,,0,,0,,0,,0,,1,,0,,0,,0,,0,,0,,0,,0,,0,,0,,1,,0,,0,,0,,0,,0,,0,,0,,0,,0,,0,,0,,0,,0,,0,,0,,1,,0
2025-11-29,PROD_007,Puma Velocity Nitro 2,Running,Zapatillas Running,70,False,,70.92,,2025,11,29,Saturday,5,4,48,30,1,0,0,0,0,0,0,0,1,32,32,,,,,,,,,1.3142857142857167,,,Puma Velocity Nitro 2,Running,Zapatillas Running,,0,,0,,0,,0,,0,,0,,0,,0,,0,,0,,0,,0,,0,,0,,0,,0,,1,,0,,0,,0,,0,,0,,0,,0,,0,,0,,1,,0,,0,,0,,0,,0,,0,,0,,0,,0,,0,,0,,0,,0,,0,,0,,1,,0
2025-11-30,PROD_007,Puma Velocity Nitro 2,Running,Zapatillas Running,70,False,,70.28,,2025,11,30,Sunday,6,4,48,30,1,0,0,0,0,0,0,0,0,31,31,,,,,,,,,0.40000000000000163,,,Puma Velocity Nitro 2,Running,Zapatillas Running,,0,,0,,0,,0,,0,,0,,0,,0,,0,,0,,0,,0,,0,,0,,0,,0,,1,,0,,0,,0,,0,,0,,0,,0,,0,,0,,1,,0,,0,,0,,0,,0,,0,,0,,0,,0,,0,,0,,0,,0,,0,,0,,1,,0
2025-11-01,PROD_008,Reebok Floatride Energy 5,Running,Zapatillas Running,65,False,,64.41,,2025,11,1,Saturday,5,4,44,30,1,1,0,0,0,0,0,0,29,60,60,3.0,2.0,1.0,8.0,1.0,2.0,5.0,3.142857142857143,-0.907692307692313,,,Reebok Floatride Energy 5,Running,Zapatillas Running,,0,,0,,0,,0,,0,,0,,0,,0,,0,,0,,0,,0,,0,,0,,0,,0,,0,,0,,1,,0,,0,,0,,0,,0,,0,,0,,1,,0,,0,,0,,0,,0,,0,,0,,0,,0,,0,,0,,0,,0,,0,,0,,1,,0
2025-11-02,PROD_008,Reebok Floatride Energy 5,Running,Zapatillas Running,65,False,,63.94,,2025,11,2,Sunday,6,4,44,30,1,0,0,0,0,0,0,0,28,59,59,,3.0,2.0,1.0,8.0,1.0,2.0,2.8333333333333335,-1.6307692307692343,,,Reebok Floatride Energy 5,Running,Zapatillas Running,,0,,0,,0,,0,,0,,0,,0,,0,,0,,0,,0,,0,,0,,0,,0,,0,,0,,0,,1,,0,,0,,0,,0,,0,,0,,0,,1,,0,,0,,0,,0,,0,,0,,0,,0,,0,,0,,0,,0,,0,,0,,0,,1,,0
2025-11-03,PROD_008,Reebok Floatride Energy 5,Running,Zapatillas Running,65,False,,65.97,,2025,11,3,Monday,0,4,45,30,0,0,0,0,0,0,0,0,27,58,58,,,3.0,2.0,1.0,8.0,1.0,3.0,1.4923076923076906,,,Reebok Floatride Energy 5,Running,Zapatillas Running,,0,,0,,0,,0,,0,,0,,0,,0,,0,,0,,0,,0,,0,,0,,0,,0,,0,,0,,1,,0,,0,,0,,0,,0,,0,,0,,1,,0,,0,,0,,0,,0,,0,,0,,0,,0,,0,,0,,0,,0,,0,,0,,1,,0
2025-11-04,PROD_008,Reebok Floatride Energy 5,Running,Zapatillas Running,65,False,,65.41,,2025,11,4,Tuesday,1,4,45,30,0,0,0,0,0,0,0,0,26,57,57,,,,3.0,2.0,1.0,8.0,3.5,0.6307692307692255,,,Reebok Floatride Energy 5,Running,Zapatillas Running,,0,,0,,0,,0,,0,,0,,0,,0,,0,,0,,0,,0,,0,,0,,0,,0,,0,,0,,1,,0,,0,,0,,0,,0,,0,,0,,1,,0,,0,,0,,0,,0,,0,,0,,0,,0,,0,,0,,0,,0,,0,,0,,1,,0
2025-11-05,PROD_008,Reebok Floatride Energy 5,Running,Zapatillas Running,65,False,,64.28,,2025,11,5,Wednesday,2,4,45,30,0,0,0,0,0,0,0,0,25,56,56,,,,,3.0,2.0,1.0,2.0,-1.107692307692306,,,Reebok Floatride Energy 5,Running,Zapatillas Running,,0,,0,,0,,0,,0,,0,,0,,0,,0,,0,,0,,0,,0,,0,,0,,0,,0,,0,,1,,0,,0,,0,,0,,0,,0,,0,,1,,0,,0,,0,,0,,0,,0,,0,,0,,0,,0,,0,,0,,0,,0,,0,,1,,0
2025-11-06,PROD_008,Reebok Floatride Energy 5,Running,Zapatillas Running,65,False,,63.79,,2025,11,6,Thursday,3,4,45,30,0,0,0,0,0,0,0,0,24,55,55,,,,,,3.0,2.0,2.5,-1.8615384615384627,,,Reebok Floatride Energy 5,Running,Zapatillas Running,,0,,0,,0,,0,,0,,0,,0,,0,,0,,0,,0,,0,,0,,0,,0,,0,,0,,0,,1,,0,,0,,0,,0,,0,,0,,0,,1,,0,,0,,0,,0,,0,,0,,0,,0,,0,,0,,0,,0,,0,,0,,0,,1,,0
2025-11-07,PROD_008,Reebok Floatride Energy 5,Running,Zapatillas Running,65,False,,65.94,,2025,11,7,Friday,4,4,45,30,0,0,0,0,0,0,0,0,23,54,54,,,,,,,3.0,3.0,1.4461538461538426,,,Reebok Floatride Energy 5,Running,Zapatillas Running,,0,,0,,0,,0,,0,,0,,0,,0,,0,,0,,0,,0,,0,,0,,0,,0,,0,,0,,1,,0,,0,,0,,0,,0,,0,,0,,1,,0,,0,,0,,0,,0,,0,,0,,0,,0,,0,,0,,0,,0,,0,,0,,1,,0
2025-11-08,PROD_008,Reebok Floatride Energy 5,Running,Zapatillas Running,65,False,,65.86,,2025,11,8,Saturday,5,4,45,30,1,0,0,0,0,0,0,0,22,53,53,,,,,,,,,1.3230769230769222,,,Reebok Floatride Energy 5,Running,Zapatillas Running,,0,,0,,0,,0,,0,,0,,0,,0,,0,,0,,0,,0,,0,,0,,0,,0,,0,,0,,1,,0,,0,,0,,0,,0,,0,,0,,1,,0,,0,,0,,0,,0,,0,,0,,0,,0,,0,,0,,0,,0,,0,,0,,1,,0
2025-11-09,PROD_008,Reebok Floatride Energy 5,Running,Zapatillas Running,65,False,,63.9,,2025,11,9,Sunday,6,4,45,30,1,0,0,0,0,0,0,0,21,52,52,,,,,,,,,-1.6923076923076943,,,Reebok Floatride Energy 5,Running,Zapatillas Running,,0,,0,,0,,0,,0,,0,,0,,0,,0,,0,,0,,0,,0,,0,,0,,0,,0,,0,,1,,0,,0,,0,,0,,0,,0,,0,,1,,0,,0,,0,,0,,0,,0,,0,,0,,0,,0,,0,,0,,0,,0,,0,,1,,0
2025-11-10,PROD_008,Reebok Floatride Energy 5,Running,Zapatillas Running,65,False,,65.58,,2025,11,10,Monday,0,4,46,30,0,0,0,0,0,0,0,0,20,51,51,,,,,,,,,0.8923076923076897,,,Reebok Floatride Energy 5,Running,Zapatillas Running,,0,,0,,0,,0,,0,,0,,0,,0,,0,,0,,0,,0,,0,,0,,0,,0,,0,,0,,1,,0,,0,,0,,0,,0,,0,,0,,1,,0,,0,,0,,0,,0,,0,,0,,0,,0,,0,,0,,0,,0,,0,,0,,1,,0
2025-11-11,PROD_008,Reebok Floatride Energy 5,Running,Zapatillas Running,65,False,,64.53,,2025,11,11,Tuesday,1,4,46,30,0,0,0,0,0,0,0,0,19,50,50,,,,,,,,,-0.7230769230769213,,,Reebok Floatride Energy 5,Running,Zapatillas Running,,0,,0,,0,,0,,0,,0,,0,,0,,0,,0,,0,,0,,0,,0,,0,,0,,0,,0,,1,,0,,0,,0,,0,,0,,0,,0,,1,,0,,0,,0,,0,,0,,0,,0,,0,,0,,0,,0,,0,,0,,0,,0,,1,,0
2025-11-12,PROD_008,Reebok Floatride Energy 5,Running,Zapatillas Running,65,False,,65.3,,2025,11,12,Wednesday,2,4,46,30,0,0,0,0,0,0,0,0,18,49,49,,,,,,,,,0.4615384615384572,,,Reebok Floatride Energy 5,Running,Zapatillas Running,,0,,0,,0,,0,,0,,0,,0,,0,,0,,0,,0,,0,,0,,0,,0,,0,,0,,0,,1,,0,,0,,0,,0,,0,,0,,0,,1,,0,,0,,0,,0,,0,,0,,0,,0,,0,,0,,0,,0,,0,,0,,0,,1,,0
2025-11-13,PROD_008,Reebok Floatride Energy 5,Running,Zapatillas Running,65,False,,64.95,,2025,11,13,Thursday,3,4,46,30,0,0,0,0,0,0,0,0,17,48,48,,,,,,,,,-0.07692307692307256,,,Reebok Floatride Energy 5,Running,Zapatillas Running,,0,,0,,0,,0,,0,,0,,0,,0,,0,,0,,0,,0,,0,,0,,0,,0,,0,,0,,1,,0,,0,,0,,0,,0,,0,,0,,1,,0,,0,,0,,0,,0,,0,,0,,0,,0,,0,,0,,0,,0,,0,,0,,1,,0
2025-11-14,PROD_008,Reebok Floatride Energy 5,Running,Zapatillas Running,65,False,,66.26,,2025,11,14,Friday,4,4,46,30,0,0,0,0,0,0,0,0,16,47,47,,,,,,,,,1.9384615384615462,,,Reebok Floatride Energy 5,Running,Zapatillas Running,,0,,0,,0,,0,,0,,0,,0,,0,,0,,0,,0,,0,,0,,0,,0,,0,,0,,0,,1,,0,,0,,0,,0,,0,,0,,0,,1,,0,,0,,0,,0,,0,,0,,0,,0,,0,,0,,0,,0,,0,,0,,0,,1,,0
2025-11-15,PROD_008,Reebok Floatride Energy 5,Running,Zapatillas Running,65,False,,64.32,,2025,11,15,Saturday,5,4,46,30,1,0,0,0,0,0,0,0,15,46,46,,,,,,,,,-1.0461538461538566,,,Reebok Floatride Energy 5,Running,Zapatillas Running,,0,,0,,0,,0,,0,,0,,0,,0,,0,,0,,0,,0,,0,,0,,0,,0,,0,,0,,1,,0,,0,,0,,0,,0,,0,,0,,1,,0,,0,,0,,0,,0,,0,,0,,0,,0,,0,,0,,0,,0,,0,,0,,1,,0
2025-11-16,PROD_008,Reebok Floatride Energy 5,Running,Zapatillas Running,65,False,,64.45,,2025,11,16,Sunday,6,4,46,30,1,0,0,0,0,0,0,0,14,45,45,,,,,,,,,-0.8461538461538418,,,Reebok Floatride Energy 5,Running,Zapatillas Running,,0,,0,,0,,0,,0,,0,,0,,0,,0,,0,,0,,0,,0,,0,,0,,0,,0,,0,,1,,0,,0,,0,,0,,0,,0,,0,,1,,0,,0,,0,,0,,0,,0,,0,,0,,0,,0,,0,,0,,0,,0,,0,,1,,0
2025-11-17,PROD_008,Reebok Floatride Energy 5,Running,Zapatillas Running,65,False,,64.7,,2025,11,17,Monday,0,4,47,30,0,0,0,0,0,0,0,0,13,44,44,,,,,,,,,-0.4615384615384572,,,Reebok Floatride Energy 5,Running,Zapatillas Running,,0,,0,,0,,0,,0,,0,,0,,0,,0,,0,,0,,0,,0,,0,,0,,0,,0,,0,,1,,0,,0,,0,,0,,0,,0,,0,,1,,0,,0,,0,,0,,0,,0,,0,,0,,0,,0,,0,,0,,0,,0,,0,,1,,0
2025-11-18,PROD_008,Reebok Floatride Energy 5,Running,Zapatillas Running,65,False,,66.17,,2025,11,18,Tuesday,1,4,47,30,0,0,0,0,0,0,0,0,12,43,43,,,,,,,,,1.8000000000000027,,,Reebok Floatride Energy 5,Running,Zapatillas Running,,0,,0,,0,,0,,0,,0,,0,,0,,0,,0,,0,,0,,0,,0,,0,,0,,0,,0,,1,,0,,0,,0,,0,,0,,0,,0,,1,,0,,0,,0,,0,,0,,0,,0,,0,,0,,0,,0,,0,,0,,0,,0,,1,,0
2025-11-19,PROD_008,Reebok Floatride Energy 5,Running,Zapatillas Running,65,False,,65.29,,2025,11,19,Wednesday,2,4,47,30,0,0,0,0,0,0,0,0,11,42,42,,,,,,,,,0.4461538461538557,,,Reebok Floatride Energy 5,Running,Zapatillas Running,,0,,0,,0,,0,,0,,0,,0,,0,,0,,0,,0,,0,,0,,0,,0,,0,,0,,0,,1,,0,,0,,0,,0,,0,,0,,0,,1,,0,,0,,0,,0,,0,,0,,0,,0,,0,,0,,0,,0,,0,,0,,0,,1,,0
2025-11-20,PROD_008,Reebok Floatride Energy 5,Running,Zapatillas Running,65,False,,65.03,,2025,11,20,Thursday,3,4,47,30,0,0,0,0,0,0,0,0,10,41,41,,,,,,,,,0.046153846153847905,,,Reebok Floatride Energy 5,Running,Zapatillas Running,,0,,0,,0,,0,,0,,0,,0,,0,,0,,0,,0,,0,,0,,0,,0,,0,,0,,0,,1,,0,,0,,0,,0,,0,,0,,0,,1,,0,,0,,0,,0,,0,,0,,0,,0,,0,,0,,0,,0,,0,,0,,0,,1,,0
2025-11-21,PROD_008,Reebok Floatride Energy 5,Running,Zapatillas Running,65,False,,65.73,,2025,11,21,Friday,4,4,47,30,0,0,0,0,0,0,0,0,9,40,40,,,,,,,,,1.1230769230769293,,,Reebok Floatride Energy 5,Running,Zapatillas Running,,0,,0,,0,,0,,0,,0,,0,,0,,0,,0,,0,,0,,0,,0,,0,,0,,0,,0,,1,,0,,0,,0,,0,,0,,0,,0,,1,,0,,0,,0,,0,,0,,0,,0,,0,,0,,0,,0,,0,,0,,0,,0,,1,,0
2025-11-22,PROD_008,Reebok Floatride Energy 5,Running,Zapatillas Running,65,False,,66.22,,2025,11,22,Saturday,5,4,47,30,1,0,0,0,0,0,0,0,8,39,39,,,,,,,,,1.8769230769230754,,,Reebok Floatride Energy 5,Running,Zapatillas Running,,0,,0,,0,,0,,0,,0,,0,,0,,0,,0,,0,,0,,0,,0,,0,,0,,0,,0,,1,,0,,0,,0,,0,,0,,0,,0,,1,,0,,0,,0,,0,,0,,0,,0,,0,,0,,0,,0,,0,,0,,0,,0,,1,,0
2025-11-23,PROD_008,Reebok Floatride Energy 5,Running,Zapatillas Running,65,False,,65.82,,2025,11,23,Sunday,6,4,47,30,1,0,0,0,0,0,0,0,7,38,38,,,,,,,,,1.261538461538451,,,Reebok Floatride Energy 5,Running,Zapatillas Running,,0,,0,,0,,0,,0,,0,,0,,0,,0,,0,,0,,0,,0,,0,,0,,0,,0,,0,,1,,0,,0,,0,,0,,0,,0,,0,,1,,0,,0,,0,,0,,0,,0,,0,,0,,0,,0,,0,,0,,0,,0,,0,,1,,0
2025-11-24,PROD_008,Reebok Floatride Energy 5,Running,Zapatillas Running,65,False,,65.1,,2025,11,24,Monday,0,4,48,30,0,0,0,0,0,0,0,0,6,37,37,,,,,,,,,0.1538461538461451,,,Reebok Floatride Energy 5,Running,Zapatillas Running,,0,,0,,0,,0,,0,,0,,0,,0,,0,,0,,0,,0,,0,,0,,0,,0,,0,,0,,1,,0,,0,,0,,0,,0,,0,,0,,1,,0,,0,,0,,0,,0,,0,,0,,0,,0,,0,,0,,0,,0,,0,,0,,1,,0
2025-11-25,PROD_008,Reebok Floatride Energy 5,Running,Zapatillas Running,65,False,,66.01,,2025,11,25,Tuesday,1,4,48,30,0,0,0,0,0,0,0,0,5,36,36,,,,,,,,,1.5538461538461616,,,Reebok Floatride Energy 5,Running,Zapatillas Running,,0,,0,,0,,0,,0,,0,,0,,0,,0,,0,,0,,0,,0,,0,,0,,0,,0,,0,,1,,0,,0,,0,,0,,0,,0,,0,,1,,0,,0,,0,,0,,0,,0,,0,,0,,0,,0,,0,,0,,0,,0,,0,,1,,0
2025-11-26,PROD_008,Reebok Floatride Energy 5,Running,Zapatillas Running,65,False,,65.13,,2025,11,26,Wednesday,2,4,48,30,0,0,0,0,0,0,0,0,4,35,35,,,,,,,,,0.19999999999999302,,,Reebok Floatride Energy 5,Running,Zapatillas Running,,0,,0,,0,,0,,0,,0,,0,,0,,0,,0,,0,,0,,0,,0,,0,,0,,0,,0,,1,,0,,0,,0,,0,,0,,0,,0,,1,,0,,0,,0,,0,,0,,0,,0,,0,,0,,0,,0,,0,,0,,0,,0,,1,,0
2025-11-27,PROD_008,Reebok Floatride Energy 5,Running,Zapatillas Running,65,False,,65.58,,2025,11,27,Thursday,3,4,48,30,0,0,0,0,0,0,0,0,3,34,34,,,,,,,,,0.8923076923076897,,,Reebok Floatride Energy 5,Running,Zapatillas Running,,0,,0,,0,,0,,0,,0,,0,,0,,0,,0,,0,,0,,0,,0,,0,,0,,0,,0,,1,,0,,0,,0,,0,,0,,0,,0,,1,,0,,0,,0,,0,,0,,0,,0,,0,,0,,0,,0,,0,,0,,0,,0,,1,,0
2025-11-28,PROD_008,Reebok Floatride Energy 5,Running,Zapatillas Running,65,False,,55.25,,2025,11,28,Friday,4,4,48,30,0,0,1,0,0,0,0,0,2,33,33,,,,,,,,,-15.0,,,Reebok Floatride Energy 5,Running,Zapatillas Running,,0,,0,,0,,0,,0,,0,,0,,0,,0,,0,,0,,0,,0,,0,,0,,0,,0,,0,,1,,0,,0,,0,,0,,0,,0,,0,,1,,0,,0,,0,,0,,0,,0,,0,,0,,0,,0,,0,,0,,0,,0,,0,,1,,0
2025-11-29,PROD_008,Reebok Floatride Energy 5,Running,Zapatillas Running,65,False,,64.95,,2025,11,29,Saturday,5,4,48,30,1,0,0,0,0,0,0,0,1,32,32,,,,,,,,,-0.07692307692307256,,,Reebok Floatride Energy 5,Running,Zapatillas Running,,0,,0,,0,,0,,0,,0,,0,,0,,0,,0,,0,,0,,0,,0,,0,,0,,0,,0,,1,,0,,0,,0,,0,,0,,0,,0,,1,,0,,0,,0,,0,,0,,0,,0,,0,,0,,0,,0,,0,,0,,0,,0,,1,,0
2025-11-30,PROD_008,Reebok Floatride Energy 5,Running,Zapatillas Running,65,False,,65.17,,2025,11,30,Sunday,6,4,48,30,1,0,0,0,0,0,0,0,0,31,31,,,,,,,,,0.26153846153846416,,,Reebok Floatride Energy 5,Running,Zapatillas Running,,0,,0,,0,,0,,0,,0,,0,,0,,0,,0,,0,,0,,0,,0,,0,,0,,0,,0,,1,,0,,0,,0,,0,,0,,0,,0,,1,,0,,0,,0,,0,,0,,0,,0,,0,,0,,0,,0,,0,,0,,0,,0,,1,,0
2025-11-01,PROD_009,Bowflex SelectTech 552,Fitness,Mancuernas Ajustables,400,True,,400.0,,2025,11,1,Saturday,5,4,44,30,1,1,0,0,0,0,0,0,29,60,60,2.0,2.0,2.0,2.0,2.0,3.0,3.0,2.2857142857142856,0.0,,,Bowflex SelectTech 552,Fitness,Mancuernas Ajustables,,0,,0,,0,,1,,0,,0,,0,,0,,0,,0,,0,,0,,0,,0,,0,,0,,0,,0,,0,,0,,0,,0,,0,,0,,1,,0,,0,,0,,0,,0,,0,,0,,0,,0,,0,,1,,0,,0,,0,,0,,0,,0,,0,,0
2025-11-02,PROD_009,Bowflex SelectTech 552,Fitness,Mancuernas Ajustables,400,True,,400.0,,2025,11,2,Sunday,6,4,44,30,1,0,0,0,0,0,0,0,28,59,59,,2.0,2.0,2.0,2.0,2.0,3.0,2.1666666666666665,0.0,,,Bowflex SelectTech 552,Fitness,Mancuernas Ajustables,,0,,0,,0,,1,,0,,0,,0,,0,,0,,0,,0,,0,,0,,0,,0,,0,,0,,0,,0,,0,,0,,0,,0,,0,,1,,0,,0,,0,,0,,0,,0,,0,,0,,0,,0,,1,,0,,0,,0,,0,,0,,0,,0,,0
2025-11-03,PROD_009,Bowflex SelectTech 552,Fitness,Mancuernas Ajustables,400,True,,400.0,,2025,11,3,Monday,0,4,45,30,0,0,0,0,0,0,0,0,27,58,58,,,2.0,2.0,2.0,2.0,2.0,2.0,0.0,,,Bowflex SelectTech 552,Fitness,Mancuernas Ajustables,,0,,0,,0,,1,,0,,0,,0,,0,,0,,0,,0,,0,,0,,0,,0,,0,,0,,0,,0,,0,,0,,0,,0,,0,,1,,0,,0,,0,,0,,0,,0,,0,,0,,0,,0,,1,,0,,0,,0,,0,,0,,0,,0,,0
2025-11-04,PROD_009,Bowflex SelectTech 552,Fitness,Mancuernas Ajustables,400,True,,400.0,,2025,11,4,Tuesday,1,4,45,30,0,0,0,0,0,0,0,0,26,57,57,,,,2.0,2.0,2.0,2.0,2.0,0.0,,,Bowflex SelectTech 552,Fitness,Mancuernas Ajustables,,0,,0,,0,,1,,0,,0,,0,,0,,0,,0,,0,,0,,0,,0,,0,,0,,0,,0,,0,,0,,0,,0,,0,,0,,1,,0,,0,,0,,0,,0,,0,,0,,0,,0,,0,,1,,0,,0,,0,,0,,0,,0,,0,,0
2025-11-05,PROD_009,Bowflex SelectTech 552,Fitness,Mancuernas Ajustables,400,True,,400.0,,2025,11,5,Wednesday,2,4,45,30,0,0,0,0,0,0,0,0,25,56,56,,,,,2.0,2.0,2.0,2.0,0.0,,,Bowflex SelectTech 552,Fitness,Mancuernas Ajustables,,0,,0,,0,,1,,0,,0,,0,,0,,0,,0,,0,,0,,0,,0,,0,,0,,0,,0,,0,,0,,0,,0,,0,,0,,1,,0,,0,,0,,0,,0,,0,,0,,0,,0,,0,,1,,0,,0,,0,,0,,0,,0,,0,,0
2025-11-06,PROD_009,Bowflex SelectTech 552,Fitness,Mancuernas Ajustables,400,True,,400.0,,2025,11,6,Thursday,3,4,45,30,0,0,0,0,0,0,0,0,24,55,55,,,,,,2.0,2.0,2.0,0.0,,,Bowflex SelectTech 552,Fitness,Mancuernas Ajustables,,0,,0,,0,,1,,0,,0,,0,,0,,0,,0,,0,,0,,0,,0,,0,,0,,0,,0,,0,,0,,0,,0,,0,,0,,1,,0,,0,,0,,0,,0,,0,,0,,0,,0,,0,,1,,0,,0,,0,,0,,0,,0,,0,,0
2025-11-07,PROD_009,Bowflex SelectTech 552,Fitness,Mancuernas Ajustables,400,True,,400.0,,2025,11,7,Friday,4,4,45,30,0,0,0,0,0,0,0,0,23,54,54,,,,,,,2.0,2.0,0.0,,,Bowflex SelectTech 552,Fitness,Mancuernas Ajustables,,0,,0,,0,,1,,0,,0,,0,,0,,0,,0,,0,,0,,0,,0,,0,,0,,0,,0,,0,,0,,0,,0,,0,,0,,1,,0,,0,,0,,0,,0,,0,,0,,0,,0,,0,,1,,0,,0,,0,,0,,0,,0,,0,,0
2025-11-08,PROD_009,Bowflex SelectTech 552,Fitness,Mancuernas Ajustables,400,True,,400.0,,2025,11,8,Saturday,5,4,45,30,1,0,0,0,0,0,0,0,22,53,53,,,,,,,,,0.0,,,Bowflex SelectTech 552,Fitness,Mancuernas Ajustables,,0,,0,,0,,1,,0,,0,,0,,0,,0,,0,,0,,0,,0,,0,,0,,0,,0,,0,,0,,0,,0,,0,,0,,0,,1,,0,,0,,0,,0,,0,,0,,0,,0,,0,,0,,1,,0,,0,,0,,0,,0,,0,,0,,0
2025-11-09,PROD_009,Bowflex SelectTech 552,Fitness,Mancuernas Ajustables,400,True,,400.0,,2025,11,9,Sunday,6,4,45,30,1,0,0,0,0,0,0,0,21,52,52,,,,,,,,,0.0,,,Bowflex SelectTech 552,Fitness,Mancuernas Ajustables,,0,,0,,0,,1,,0,,0,,0,,0,,0,,0,,0,,0,,0,,0,,0,,0,,0,,0,,0,,0,,0,,0,,0,,0,,1,,0,,0,,0,,0,,0,,0,,0,,0,,0,,0,,1,,0,,0,,0,,0,,0,,0,,0,,0
2025-11-10,PROD_009,Bowflex SelectTech 552,Fitness,Mancuernas Ajustables,400,True,,400.0,,2025,11,10,Monday,0,4,46,30,0,0,0,0,0,0,0,0,20,51,51,,,,,,,,,0.0,,,Bowflex SelectTech 552,Fitness,Mancuernas Ajustables,,0,,0,,0,,1,,0,,0,,0,,0,,0,,0,,0,,0,,0,,0,,0,,0,,0,,0,,0,,0,,0,,0,,0,,0,,1,,0,,0,,0,,0,,0,,0,,0,,0,,0,,0,,1,,0,,0,,0,,0,,0,,0,,0,,0
2025-11-11,PROD_009,Bowflex SelectTech 552,Fitness,Mancuernas Ajustables,400,True,,400.0,,2025,11,11,Tuesday,1,4,46,30,0,0,0,0,0,0,0,0,19,50,50,,,,,,,,,0.0,,,Bowflex SelectTech 552,Fitness,Mancuernas Ajustables,,0,,0,,0,,1,,0,,0,,0,,0,,0,,0,,0,,0,,0,,0,,0,,0,,0,,0,,0,,0,,0,,0,,0,,0,,1,,0,,0,,0,,0,,0,,0,,0,,0,,0,,0,,1,,0,,0,,0,,0,,0,,0,,0,,0
2025-11-12,PROD_009,Bowflex SelectTech 552,Fitness,Mancuernas Ajustables,400,True,,400.0,,2025,11,12,Wednesday,2,4,46,30,0,0,0,0,0,0,0,0,18,49,49,,,,,,,,,0.0,,,Bowflex SelectTech 552,Fitness,Mancuernas Ajustables,,0,,0,,0,,1,,0,,0,,0,,0,,0,,0,,0,,0,,0,,0,,0,,0,,0,,0,,0,,0,,0,,0,,0,,0,,1,,0,,0,,0,,0,,0,,0,,0,,0,,0,,0,,1,,0,,0,,0,,0,,0,,0,,0,,0
2025-11-13,PROD_009,Bowflex SelectTech 552,Fitness,Mancuernas Ajustables,400,True,,400.0,,2025,11,13,Thursday,3,4,46,30,0,0,0,0,0,0,0,0,17,48,48,,,,,,,,,0.0,,,Bowflex SelectTech 552,Fitness,Mancuernas Ajustables,,0,,0,,0,,1,,0,,0,,0,,0,,0,,0,,0,,0,,0,,0,,0,,0,,0,,0,,0,,0,,0,,0,,0,,0,,1,,0,,0,,0,,0,,0,,0,,0,,0,,0,,0,,1,,0,,0,,0,,0,,0,,0,,0,,0
2025-11-14,PROD_009,Bowflex SelectTech 552,Fitness,Mancuernas Ajustables,400,True,,400.0,,2025,11,14,Friday,4,4,46,30,0,0,0,0,0,0,0,0,16,47,47,,,,,,,,,0.0,,,Bowflex SelectTech 552,Fitness,Mancuernas Ajustables,,0,,0,,0,,1,,0,,0,,0,,0,,0,,0,,0,,0,,0,,0,,0,,0,,0,,0,,0,,0,,0,,0,,0,,0,,1,,0,,0,,0,,0,,0,,0,,0,,0,,0,,0,,1,,0,,0,,0,,0,,0,,0,,0,,0
2025-11-15,PROD_009,Bowflex SelectTech 552,Fitness,Mancuernas Ajustables,400,True,,400.0,,2025,11,15,Saturday,5,4,46,30,1,0,0,0,0,0,0,0,15,46,46,,,,,,,,,0.0,,,Bowflex SelectTech 552,Fitness,Mancuernas Ajustables,,0,,0,,0,,1,,0,,0,,0,,0,,0,,0,,0,,0,,0,,0,,0,,0,,0,,0,,0,,0,,0,,0,,0,,0,,1,,0,,0,,0,,0,,0,,0,,0,,0,,0,,0,,1,,0,,0,,0,,0,,0,,0,,0,,0
2025-11-16,PROD_009,Bowflex SelectTech 552,Fitness,Mancuernas Ajustables,400,True,,400.0,,2025,11,16,Sunday,6,4,46,30,1,0,0,0,0,0,0,0,14,45,45,,,,,,,,,0.0,,,Bowflex SelectTech 552,Fitness,Mancuernas Ajustables,,0,,0,,0,,1,,0,,0,,0,,0,,0,,0,,0,,0,,0,,0,,0,,0,,0,,0,,0,,0,,0,,0,,0,,0,,1,,0,,0,,0,,0,,0,,0,,0,,0,,0,,0,,1,,0,,0,,0,,0,,0,,0,,0,,0
2025-11-17,PROD_009,Bowflex SelectTech 552,Fitness,Mancuernas Ajustables,400,True,,400.0,,2025,11,17,Monday,0,4,47,30,0,0,0,0,0,0,0,0,13,44,44,,,,,,,,,0.0,,,Bowflex SelectTech 552,Fitness,Mancuernas Ajustables,,0,,0,,0,,1,,0,,0,,0,,0,,0,,0,,0,,0,,0,,0,,0,,0,,0,,0,,0,,0,,0,,0,,0,,0,,1,,0,,0,,0,,0,,0,,0,,0,,0,,0,,0,,1,,0,,0,,0,,0,,0,,0,,0,,0
2025-11-18,PROD_009,Bowflex SelectTech 552,Fitness,Mancuernas Ajustables,400,True,,400.0,,2025,11,18,Tuesday,1,4,47,30,0,0,0,0,0,0,0,0,12,43,43,,,,,,,,,0.0,,,Bowflex SelectTech 552,Fitness,Mancuernas Ajustables,,0,,0,,0,,1,,0,,0,,0,,0,,0,,0,,0,,0,,0,,0,,0,,0,,0,,0,,0,,0,,0,,0,,0,,0,,1,,0,,0,,0,,0,,0,,0,,0,,0,,0,,0,,1,,0,,0,,0,,0,,0,,0,,0,,0
2025-11-19,PROD_009,Bowflex SelectTech 552,Fitness,Mancuernas Ajustables,400,True,,400.0,,2025,11,19,Wednesday,2,4,47,30,0,0,0,0,0,0,0,0,11,42,42,,,,,,,,,0.0,,,Bowflex SelectTech 552,Fitness,Mancuernas Ajustables,,0,,0,,0,,1,,0,,0,,0,,0,,0,,0,,0,,0,,0,,0,,0,,0,,0,,0,,0,,0,,0,,0,,0,,0,,1,,0,,0,,0,,0,,0,,0,,0,,0,,0,,0,,1,,0,,0,,0,,0,,0,,0,,0,,0
2025-11-20,PROD_009,Bowflex SelectTech 552,Fitness,Mancuernas Ajustables,400,True,,400.0,,2025,11,20,Thursday,3,4,47,30,0,0,0,0,0,0,0,0,10,41,41,,,,,,,,,0.0,,,Bowflex SelectTech 552,Fitness,Mancuernas Ajustables,,0,,0,,0,,1,,0,,0,,0,,0,,0,,0,,0,,0,,0,,0,,0,,0,,0,,0,,0,,0,,0,,0,,0,,0,,1,,0,,0,,0,,0,,0,,0,,0,,0,,0,,0,,1,,0,,0,,0,,0,,0,,0,,0,,0
2025-11-21,PROD_009,Bowflex SelectTech 552,Fitness,Mancuernas Ajustables,400,True,,400.0,,2025,11,21,Friday,4,4,47,30,0,0,0,0,0,0,0,0,9,40,40,,,,,,,,,0.0,,,Bowflex SelectTech 552,Fitness,Mancuernas Ajustables,,0,,0,,0,,1,,0,,0,,0,,0,,0,,0,,0,,0,,0,,0,,0,,0,,0,,0,,0,,0,,0,,0,,0,,0,,1,,0,,0,,0,,0,,0,,0,,0,,0,,0,,0,,1,,0,,0,,0,,0,,0,,0,,0,,0
2025-11-22,PROD_009,Bowflex SelectTech 552,Fitness,Mancuernas Ajustables,400,True,,400.0,,2025,11,22,Saturday,5,4,47,30,1,0,0,0,0,0,0,0,8,39,39,,,,,,,,,0.0,,,Bowflex SelectTech 552,Fitness,Mancuernas Ajustables,,0,,0,,0,,1,,0,,0,,0,,0,,0,,0,,0,,0,,0,,0,,0,,0,,0,,0,,0,,0,,0,,0,,0,,0,,1,,0,,0,,0,,0,,0,,0,,0,,0,,0,,0,,1,,0,,0,,0,,0,,0,,0,,0,,0
2025-11-23,PROD_009,Bowflex SelectTech 552,Fitness,Mancuernas Ajustables,400,True,,400.0,,2025,11,23,Sunday,6,4,47,30,1,0,0,0,0,0,0,0,7,38,38,,,,,,,,,0.0,,,Bowflex SelectTech 552,Fitness,Mancuernas Ajustables,,0,,0,,0,,1,,0,,0,,0,,0,,0,,0,,0,,0,,0,,0,,0,,0,,0,,0,,0,,0,,0,,0,,0,,0,,1,,0,,0,,0,,0,,0,,0,,0,,0,,0,,0,,1,,0,,0,,0,,0,,0,,0,,0,,0
2025-11-24,PROD_009,Bowflex SelectTech 552,Fitness,Mancuernas Ajustables,400,True,,400.0,,2025,11,24,Monday,0,4,48,30,0,0,0,0,0,0,0,0,6,37,37,,,,,,,,,0.0,,,Bowflex SelectTech 552,Fitness,Mancuernas Ajustables,,0,,0,,0,,1,,0,,0,,0,,0,,0,,0,,0,,0,,0,,0,,0,,0,,0,,0,,0,,0,,0,,0,,0,,0,,1,,0,,0,,0,,0,,0,,0,,0,,0,,0,,0,,1,,0,,0,,0,,0,,0,,0,,0,,0
2025-11-25,PROD_009,Bowflex SelectTech 552,Fitness,Mancuernas Ajustables,400,True,,400.0,,2025,11,25,Tuesday,1,4,48,30,0,0,0,0,0,0,0,0,5,36,36,,,,,,,,,0.0,,,Bowflex SelectTech 552,Fitness,Mancuernas Ajustables,,0,,0,,0,,1,,0,,0,,0,,0,,0,,0,,0,,0,,0,,0,,0,,0,,0,,0,,0,,0,,0,,0,,0,,0,,1,,0,,0,,0,,0,,0,,0,,0,,0,,0,,0,,1,,0,,0,,0,,0,,0,,0,,0,,0
2025-11-26,PROD_009,Bowflex SelectTech 552,Fitness,Mancuernas Ajustables,400,True,,400.0,,2025,11,26,Wednesday,2,4,48,30,0,0,0,0,0,0,0,0,4,35,35,,,,,,,,,0.0,,,Bowflex SelectTech 552,Fitness,Mancuernas Ajustables,,0,,0,,0,,1,,0,,0,,0,,0,,0,,0,,0,,0,,0,,0,,0,,0,,0,,0,,0,,0,,0,,0,,0,,0,,1,,0,,0,,0,,0,,0,,0,,0,,0,,0,,0,,1,,0,,0,,0,,0,,0,,0,,0,,0
2025-11-27,PROD_009,Bowflex SelectTech 552,Fitness,Mancuernas Ajustables,400,True,,400.0,,2025,11,27,Thursday,3,4,48,30,0,0,0,0,0,0,0,0,3,34,34,,,,,,,,,0.0,,,Bowflex SelectTech 552,Fitness,Mancuernas Ajustables,,0,,0,,0,,1,,0,,0,,0,,0,,0,,0,,0,,0,,0,,0,,0,,0,,0,,0,,0,,0,,0,,0,,0,,0,,1,,0,,0,,0,,0,,0,,0,,0,,0,,0,,0,,1,,0,,0,,0,,0,,0,,0,,0,,0
2025-11-28,PROD_009,Bowflex SelectTech 552,Fitness,Mancuernas Ajustables,400,True,,340.0,,2025,11,28,Friday,4,4,48,30,0,0,1,0,0,0,0,0,2,33,33,,,,,,,,,-15.0,,,Bowflex SelectTech 552,Fitness,Mancuernas Ajustables,,0,,0,,0,,1,,0,,0,,0,,0,,0,,0,,0,,0,,0,,0,,0,,0,,0,,0,,0,,0,,0,,0,,0,,0,,1,,0,,0,,0,,0,,0,,0,,0,,0,,0,,0,,1,,0,,0,,0,,0,,0,,0,,0,,0
2025-11-29,PROD_009,Bowflex SelectTech 552,Fitness,Mancuernas Ajustables,400,True,,400.0,,2025,11,29,Saturday,5,4,48,30,1,0,0,0,0,0,0,0,1,32,32,,,,,,,,,0.0,,,Bowflex SelectTech 552,Fitness,Mancuernas Ajustables,,0,,0,,0,,1,,0,,0,,0,,0,,0,,0,,0,,0,,0,,0,,0,,0,,0,,0,,0,,0,,0,,0,,0,,0,,1,,0,,0,,0,,0,,0,,0,,0,,0,,0,,0,,1,,0,,0,,0,,0,,0,,0,,0,,0
2025-11-30,PROD_009,Bowflex SelectTech 552,Fitness,Mancuernas Ajustables,400,True,,400.0,,2025,11,30,Sunday,6,4,48,30,1,0,0,0,0,0,0,0,0,31,31,,,,,,,,,0.0,,,Bowflex SelectTech 552,Fitness,Mancuernas Ajustables,,0,,0,,0,,1,,0,,0,,0,,0,,0,,0,,0,,0,,0,,0,,0,,0,,0,,0,,0,,0,,0,,0,,0,,0,,1,,0,,0,,0,,0,,0,,0,,0,,0,,0,,0,,1,,0,,0,,0,,0,,0,,0,,0,,0
2025-11-01,PROD_010,Domyos BM900,Fitness,Banco Gimnasio,175,True,,175.0,,2025,11,1,Saturday,5,4,44,30,1,1,0,0,0,0,0,0,29,60,60,3.0,2.0,2.0,3.0,2.0,3.0,3.0,2.5714285714285716,0.0,,,Domyos BM900,Fitness,Banco Gimnasio,,0,,0,,0,,0,,0,,0,,1,,0,,0,,0,,0,,0,,0,,0,,0,,0,,0,,0,,0,,0,,0,,0,,0,,0,,1,,0,,0,,0,,1,,0,,0,,0,,0,,0,,0,,0,,0,,0,,0,,0,,0,,0,,0,,0
2025-11-02,PROD_010,Domyos BM900,Fitness,Banco Gimnasio,175,True,,175.0,,2025,11,2,Sunday,6,4,44,30,1,0,0,0,0,0,0,0,28,59,59,,3.0,2.0,2.0,3.0,2.0,3.0,2.5,0.0,,,Domyos BM900,Fitness,Banco Gimnasio,,0,,0,,0,,0,,0,,0,,1,,0,,0,,0,,0,,0,,0,,0,,0,,0,,0,,0,,0,,0,,0,,0,,0,,0,,1,,0,,0,,0,,1,,0,,0,,0,,0,,0,,0,,0,,0,,0,,0,,0,,0,,0,,0,,0
2025-11-03,PROD_010,Domyos BM900,Fitness,Banco Gimnasio,175,True,,175.0,,2025,11,3,Monday,0,4,45,30,0,0,0,0,0,0,0,0,27,58,58,,,3.0,2.0,2.0,3.0,2.0,2.4,0.0,,,Domyos BM900,Fitness,Banco Gimnasio,,0,,0,,0,,0,,0,,0,,1,,0,,0,,0,,0,,0,,0,,0,,0,,0,,0,,0,,0,,0,,0,,0,,0,,0,,1,,0,,0,,0,,1,,0,,0,,0,,0,,0,,0,,0,,0,,0,,0,,0,,0,,0,,0,,0
2025-11-04,PROD_010,Domyos BM900,Fitness,Banco Gimnasio,175,True,,175.0,,2025,11,4,Tuesday,1,4,45,30,0,0,0,0,0,0,0,0,26,57,57,,,,3.0,2.0,2.0,3.0,2.5,0.0,,,Domyos BM900,Fitness,Banco Gimnasio,,0,,0,,0,,0,,0,,0,,1,,0,,0,,0,,0,,0,,0,,0,,0,,0,,0,,0,,0,,0,,0,,0,,0,,0,,1,,0,,0,,0,,1,,0,,0,,0,,0,,0,,0,,0,,0,,0,,0,,0,,0,,0,,0,,0
2025-11-05,PROD_010,Domyos BM900,Fitness,Banco Gimnasio,175,True,,175.0,,2025,11,5,Wednesday,2,4,45,30,0,0,0,0,0,0,0,0,25,56,56,,,,,3.0,2.0,2.0,2.3333333333333335,0.0,,,Domyos BM900,Fitness,Banco Gimnasio,,0,,0,,0,,0,,0,,0,,1,,0,,0,,0,,0,,0,,0,,0,,0,,0,,0,,0,,0,,0,,0,,0,,0,,0,,1,,0,,0,,0,,1,,0,,0,,0,,0,,0,,0,,0,,0,,0,,0,,0,,0,,0,,0,,0
2025-11-06,PROD_010,Domyos BM900,Fitness,Banco Gimnasio,175,True,,175.0,,2025,11,6,Thursday,3,4,45,30,0,0,0,0,0,0,0,0,24,55,55,,,,,,3.0,2.0,2.5,0.0,,,Domyos BM900,Fitness,Banco Gimnasio,,0,,0,,0,,0,,0,,0,,1,,0,,0,,0,,0,,0,,0,,0,,0,,0,,0,,0,,0,,0,,0,,0,,0,,0,,1,,0,,0,,0,,1,,0,,0,,0,,0,,0,,0,,0,,0,,0,,0,,0,,0,,0,,0,,0
2025-11-07,PROD_010,Domyos BM900,Fitness,Banco Gimnasio,175,True,,175.0,,2025,11,7,Friday,4,4,45,30,0,0,0,0,0,0,0,0,23,54,54,,,,,,,3.0,3.0,0.0,,,Domyos BM900,Fitness,Banco Gimnasio,,0,,0,,0,,0,,0,,0,,1,,0,,0,,0,,0,,0,,0,,0,,0,,0,,0,,0,,0,,0,,0,,0,,0,,0,,1,,0,,0,,0,,1,,0,,0,,0,,0,,0,,0,,0,,0,,0,,0,,0,,0,,0,,0,,0
2025-11-08,PROD_010,Domyos BM900,Fitness,Banco Gimnasio,175,True,,175.0,,2025,11,8,Saturday,5,4,45,30,1,0,0,0,0,0,0,0,22,53,53,,,,,,,,,0.0,,,Domyos BM900,Fitness,Banco Gimnasio,,0,,0,,0,,0,,0,,0,,1,,0,,0,,0,,0,,0,,0,,0,,0,,0,,0,,0,,0,,0,,0,,0,,0,,0,,1,,0,,0,,0,,1,,0,,0,,0,,0,,0,,0,,0,,0,,0,,0,,0,,0,,0,,0,,0
2025-11-09,PROD_010,Domyos BM900,Fitness,Banco Gimnasio,175,True,,175.0,,2025,11,9,Sunday,6,4,45,30,1,0,0,0,0,0,0,0,21,52,52,,,,,,,,,0.0,,,Domyos BM900,Fitness,Banco Gimnasio,,0,,0,,0,,0,,0,,0,,1,,0,,0,,0,,0,,0,,0,,0,,0,,0,,0,,0,,0,,0,,0,,0,,0,,0,,1,,0,,0,,0,,1,,0,,0,,0,,0,,0,,0,,0,,0,,0,,0,,0,,0,,0,,0,,0
2025-11-10,PROD_010,Domyos BM900,Fitness,Banco Gimnasio,175,True,,175.0,,2025,11,10,Monday,0,4,46,30,0,0,0,0,0,0,0,0,20,51,51,,,,,,,,,0.0,,,Domyos BM900,Fitness,Banco Gimnasio,,0,,0,,0,,0,,0,,0,,1,,0,,0,,0,,0,,0,,0,,0,,0,,0,,0,,0,,0,,0,,0,,0,,0,,0,,1,,0,,0,,0,,1,,0,,0,,0,,0,,0,,0,,0,,0,,0,,0,,0,,0,,0,,0,,0
2025-11-11,PROD_010,Domyos BM900,Fitness,Banco Gimnasio,175,True,,175.0,,2025,11,11,Tuesday,1,4,46,30,0,0,0,0,0,0,0,0,19,50,50,,,,,,,,,0.0,,,Domyos BM900,Fitness,Banco Gimnasio,,0,,0,,0,,0,,0,,0,,1,,0,,0,,0,,0,,0,,0,,0,,0,,0,,0,,0,,0,,0,,0,,0,,0,,0,,1,,0,,0,,0,,1,,0,,0,,0,,0,,0,,0,,0,,0,,0,,0,,0,,0,,0,,0,,0
2025-11-12,PROD_010,Domyos BM900,Fitness,Banco Gimnasio,175,True,,175.0,,2025,11,12,Wednesday,2,4,46,30,0,0,0,0,0,0,0,0,18,49,49,,,,,,,,,0.0,,,Domyos BM900,Fitness,Banco Gimnasio,,0,,0,,0,,0,,0,,0,,1,,0,,0,,0,,0,,0,,0,,0,,0,,0,,0,,0,,0,,0,,0,,0,,0,,0,,1,,0,,0,,0,,1,,0,,0,,0,,0,,0,,0,,0,,0,,0,,0,,0,,0,,0,,0,,0
2025-11-13,PROD_010,Domyos BM900,Fitness,Banco Gimnasio,175,True,,175.0,,2025,11,13,Thursday,3,4,46,30,0,0,0,0,0,0,0,0,17,48,48,,,,,,,,,0.0,,,Domyos BM900,Fitness,Banco Gimnasio,,0,,0,,0,,0,,0,,0,,1,,0,,0,,0,,0,,0,,0,,0,,0,,0,,0,,0,,0,,0,,0,,0,,0,,0,,1,,0,,0,,0,,1,,0,,0,,0,,0,,0,,0,,0,,0,,0,,0,,0,,0,,0,,0,,0
2025-11-14,PROD_010,Domyos BM900,Fitness,Banco Gimnasio,175,True,,175.0,,2025,11,14,Friday,4,4,46,30,0,0,0,0,0,0,0,0,16,47,47,,,,,,,,,0.0,,,Domyos BM900,Fitness,Banco Gimnasio,,0,,0,,0,,0,,0,,0,,1,,0,,0,,0,,0,,0,,0,,0,,0,,0,,0,,0,,0,,0,,0,,0,,0,,0,,1,,0,,0,,0,,1,,0,,0,,0,,0,,0,,0,,0,,0,,0,,0,,0,,0,,0,,0,,0
2025-11-15,PROD_010,Domyos BM900,Fitness,Banco Gimnasio,175,True,,175.0,,2025,11,15,Saturday,5,4,46,30,1,0,0,0,0,0,0,0,15,46,46,,,,,,,,,0.0,,,Domyos BM900,Fitness,Banco Gimnasio,,0,,0,,0,,0,,0,,0,,1,,0,,0,,0,,0,,0,,0,,0,,0,,0,,0,,0,,0,,0,,0,,0,,0,,0,,1,,0,,0,,0,,1,,0,,0,,0,,0,,0,,0,,0,,0,,0,,0,,0,,0,,0,,0,,0
2025-11-16,PROD_010,Domyos BM900,Fitness,Banco Gimnasio,175,True,,175.0,,2025,11,16,Sunday,6,4,46,30,1,0,0,0,0,0,0,0,14,45,45,,,,,,,,,0.0,,,Domyos BM900,Fitness,Banco Gimnasio,,0,,0,,0,,0,,0,,0,,1,,0,,0,,0,,0,,0,,0,,0,,0,,0,,0,,0,,0,,0,,0,,0,,0,,0,,1,,0,,0,,0,,1,,0,,0,,0,,0,,0,,0,,0,,0,,0,,0,,0,,0,,0,,0,,0
2025-11-17,PROD_010,Domyos BM900,Fitness,Banco Gimnasio,175,True,,175.0,,2025,11,17,Monday,0,4,47,30,0,0,0,0,0,0,0,0,13,44,44,,,,,,,,,0.0,,,Domyos BM900,Fitness,Banco Gimnasio,,0,,0,,0,,0,,0,,0,,1,,0,,0,,0,,0,,0,,0,,0,,0,,0,,0,,0,,0,,0,,0,,0,,0,,0,,1,,0,,0,,0,,1,,0,,0,,0,,0,,0,,0,,0,,0,,0,,0,,0,,0,,0,,0,,0
2025-11-18,PROD_010,Domyos BM900,Fitness,Banco Gimnasio,175,True,,175.0,,2025,11,18,Tuesday,1,4,47,30,0,0,0,0,0,0,0,0,12,43,43,,,,,,,,,0.0,,,Domyos BM900,Fitness,Banco Gimnasio,,0,,0,,0,,0,,0,,0,,1,,0,,0,,0,,0,,0,,0,,0,,0,,0,,0,,0,,0,,0,,0,,0,,0,,0,,1,,0,,0,,0,,1,,0,,0,,0,,0,,0,,0,,0,,0,,0,,0,,0,,0,,0,,0,,0
2025-11-19,PROD_010,Domyos BM900,Fitness,Banco Gimnasio,175,True,,175.0,,2025,11,19,Wednesday,2,4,47,30,0,0,0,0,0,0,0,0,11,42,42,,,,,,,,,0.0,,,Domyos BM900,Fitness,Banco Gimnasio,,0,,0,,0,,0,,0,,0,,1,,0,,0,,0,,0,,0,,0,,0,,0,,0,,0,,0,,0,,0,,0,,0,,0,,0,,1,,0,,0,,0,,1,,0,,0,,0,,0,,0,,0,,0,,0,,0,,0,,0,,0,,0,,0,,0
2025-11-20,PROD_010,Domyos BM900,Fitness,Banco Gimnasio,175,True,,175.0,,2025,11,20,Thursday,3,4,47,30,0,0,0,0,0,0,0,0,10,41,41,,,,,,,,,0.0,,,Domyos BM900,Fitness,Banco Gimnasio,,0,,0,,0,,0,,0,,0,,1,,0,,0,,0,,0,,0,,0,,0,,0,,0,,0,,0,,0,,0,,0,,0,,0,,0,,1,,0,,0,,0,,1,,0,,0,,0,,0,,0,,0,,0,,0,,0,,0,,0,,0,,0,,0,,0
2025-11-21,PROD_010,Domyos BM900,Fitness,Banco Gimnasio,175,True,,175.0,,2025,11,21,Friday,4,4,47,30,0,0,0,0,0,0,0,0,9,40,40,,,,,,,,,0.0,,,Domyos BM900,Fitness,Banco Gimnasio,,0,,0,,0,,0,,0,,0,,1,,0,,0,,0,,0,,0,,0,,0,,0,,0,,0,,0,,0,,0,,0,,0,,0,,0,,1,,0,,0,,0,,1,,0,,0,,0,,0,,0,,0,,0,,0,,0,,0,,0,,0,,0,,0,,0
2025-11-22,PROD_010,Domyos BM900,Fitness,Banco Gimnasio,175,True,,175.0,,2025,11,22,Saturday,5,4,47,30,1,0,0,0,0,0,0,0,8,39,39,,,,,,,,,0.0,,,Domyos BM900,Fitness,Banco Gimnasio,,0,,0,,0,,0,,0,,0,,1,,0,,0,,0,,0,,0,,0,,0,,0,,0,,0,,0,,0,,0,,0,,0,,0,,0,,1,,0,,0,,0,,1,,0,,0,,0,,0,,0,,0,,0,,0,,0,,0,,0,,0,,0,,0,,0
2025-11-23,PROD_010,Domyos BM900,Fitness,Banco Gimnasio,175,True,,175.0,,2025,11,23,Sunday,6,4,47,30,1,0,0,0,0,0,0,0,7,38,38,,,,,,,,,0.0,,,Domyos BM900,Fitness,Banco Gimnasio,,0,,0,,0,,0,,0,,0,,1,,0,,0,,0,,0,,0,,0,,0,,0,,0,,0,,0,,0,,0,,0,,0,,0,,0,,1,,0,,0,,0,,1,,0,,0,,0,,0,,0,,0,,0,,0,,0,,0,,0,,0,,0,,0,,0
2025-11-24,PROD_010,Domyos BM900,Fitness,Banco Gimnasio,175,True,,175.0,,2025,11,24,Monday,0,4,48,30,0,0,0,0,0,0,0,0,6,37,37,,,,,,,,,0.0,,,Domyos BM900,Fitness,Banco Gimnasio,,0,,0,,0,,0,,0,,0,,1,,0,,0,,0,,0,,0,,0,,0,,0,,0,,0,,0,,0,,0,,0,,0,,0,,0,,1,,0,,0,,0,,1,,0,,0,,0,,0,,0,,0,,0,,0,,0,,0,,0,,0,,0,,0,,0
2025-11-25,PROD_010,Domyos BM900,Fitness,Banco Gimnasio,175,True,,175.0,,2025,11,25,Tuesday,1,4,48,30,0,0,0,0,0,0,0,0,5,36,36,,,,,,,,,0.0,,,Domyos BM900,Fitness,Banco Gimnasio,,0,,0,,0,,0,,0,,0,,1,,0,,0,,0,,0,,0,,0,,0,,0,,0,,0,,0,,0,,0,,0,,0,,0,,0,,1,,0,,0,,0,,1,,0,,0,,0,,0,,0,,0,,0,,0,,0,,0,,0,,0,,0,,0,,0
2025-11-26,PROD_010,Domyos BM900,Fitness,Banco Gimnasio,175,True,,175.0,,2025,11,26,Wednesday,2,4,48,30,0,0,0,0,0,0,0,0,4,35,35,,,,,,,,,0.0,,,Domyos BM900,Fitness,Banco Gimnasio,,0,,0,,0,,0,,0,,0,,1,,0,,0,,0,,0,,0,,0,,0,,0,,0,,0,,0,,0,,0,,0,,0,,0,,0,,1,,0,,0,,0,,1,,0,,0,,0,,0,,0,,0,,0,,0,,0,,0,,0,,0,,0,,0,,0
2025-11-27,PROD_010,Domyos BM900,Fitness,Banco Gimnasio,175,True,,175.0,,2025,11,27,Thursday,3,4,48,30,0,0,0,0,0,0,0,0,3,34,34,,,,,,,,,0.0,,,Domyos BM900,Fitness,Banco Gimnasio,,0,,0,,0,,0,,0,,0,,1,,0,,0,,0,,0,,0,,0,,0,,0,,0,,0,,0,,0,,0,,0,,0,,0,,0,,1,,0,,0,,0,,1,,0,,0,,0,,0,,0,,0,,0,,0,,0,,0,,0,,0,,0,,0,,0
2025-11-28,PROD_010,Domyos BM900,Fitness,Banco Gimnasio,175,True,,148.75,,2025,11,28,Friday,4,4,48,30,0,0,1,0,0,0,0,0,2,33,33,,,,,,,,,-15.0,,,Domyos BM900,Fitness,Banco Gimnasio,,0,,0,,0,,0,,0,,0,,1,,0,,0,,0,,0,,0,,0,,0,,0,,0,,0,,0,,0,,0,,0,,0,,0,,0,,1,,0,,0,,0,,1,,0,,0,,0,,0,,0,,0,,0,,0,,0,,0,,0,,0,,0,,0,,0
2025-11-29,PROD_010,Domyos BM900,Fitness,Banco Gimnasio,175,True,,175.0,,2025,11,29,Saturday,5,4,48,30,1,0,0,0,0,0,0,0,1,32,32,,,,,,,,,0.0,,,Domyos BM900,Fitness,Banco Gimnasio,,0,,0,,0,,0,,0,,0,,1,,0,,0,,0,,0,,0,,0,,0,,0,,0,,0,,0,,0,,0,,0,,0,,0,,0,,1,,0,,0,,0,,1,,0,,0,,0,,0,,0,,0,,0,,0,,0,,0,,0,,0,,0,,0,,0
2025-11-30,PROD_010,Domyos BM900,Fitness,Banco Gimnasio,175,True,,175.0,,2025,11,30,Sunday,6,4,48,30,1,0,0,0,0,0,0,0,0,31,31,,,,,,,,,0.0,,,Domyos BM900,Fitness,Banco Gimnasio,,0,,0,,0,,0,,0,,0,,1,,0,,0,,0,,0,,0,,0,,0,,0,,0,,0,,0,,0,,0,,0,,0,,0,,0,,1,,0,,0,,0,,1,,0,,0,,0,,0,,0,,0,,0,,0,,0,,0,,0,,0,,0,,0,,0
2025-11-01,PROD_011,Reebok Professional Deck,Fitness,Esterilla Fitness,45,False,,44.22,,2025,11,1,Saturday,5,4,44,30,1,1,0,0,0,0,0,0,29,60,60,7.0,5.0,1.0,6.0,4.0,6.0,7.0,5.142857142857143,-1.733333333333336,,,Reebok Professional Deck,Fitness,Esterilla Fitness,,0,,0,,0,,0,,0,,0,,0,,0,,0,,0,,0,,0,,0,,0,,0,,0,,0,,0,,0,,1,,0,,0,,0,,0,,1,,0,,0,,0,,0,,0,,0,,0,,0,,1,,0,,0,,0,,0,,0,,0,,0,,0,,0,,0
2025-11-02,PROD_011,Reebok Professional Deck,Fitness,Esterilla Fitness,45,False,,44.72,,2025,11,2,Sunday,6,4,44,30,1,0,0,0,0,0,0,0,28,59,59,,7.0,5.0,1.0,6.0,4.0,6.0,4.833333333333333,-0.6222222222222248,,,Reebok Professional Deck,Fitness,Esterilla Fitness,,0,,0,,0,,0,,0,,0,,0,,0,,0,,0,,0,,0,,0,,0,,0,,0,,0,,0,,0,,1,,0,,0,,0,,0,,1,,0,,0,,0,,0,,0,,0,,0,,0,,1,,0,,0,,0,,0,,0,,0,,0,,0,,0,,0
2025-11-03,PROD_011,Reebok Professional Deck,Fitness,Esterilla Fitness,45,False,,45.67,,2025,11,3,Monday,0,4,45,30,0,0,0,0,0,0,0,0,27,58,58,,,7.0,5.0,1.0,6.0,4.0,4.6,1.4888888888888927,,,Reebok Professional Deck,Fitness,Esterilla Fitness,,0,,0,,0,,0,,0,,0,,0,,0,,0,,0,,0,,0,,0,,0,,0,,0,,0,,0,,0,,1,,0,,0,,0,,0,,1,,0,,0,,0,,0,,0,,0,,0,,0,,1,,0,,0,,0,,0,,0,,0,,0,,0,,0,,0
2025-11-04,PROD_011,Reebok Professional Deck,Fitness,Esterilla Fitness,45,False,,45.33,,2025,11,4,Tuesday,1,4,45,30,0,0,0,0,0,0,0,0,26,57,57,,,,7.0,5.0,1.0,6.0,4.75,0.7333333333333295,,,Reebok Professional Deck,Fitness,Esterilla Fitness,,0,,0,,0,,0,,0,,0,,0,,0,,0,,0,,0,,0,,0,,0,,0,,0,,0,,0,,0,,1,,0,,0,,0,,0,,1,,0,,0,,0,,0,,0,,0,,0,,0,,1,,0,,0,,0,,0,,0,,0,,0,,0,,0,,0
2025-11-05,PROD_011,Reebok Professional Deck,Fitness,Esterilla Fitness,45,False,,45.89,,2025,11,5,Wednesday,2,4,45,30,0,0,0,0,0,0,0,0,25,56,56,,,,,7.0,5.0,1.0,4.333333333333333,1.977777777777779,,,Reebok Professional Deck,Fitness,Esterilla Fitness,,0,,0,,0,,0,,0,,0,,0,,0,,0,,0,,0,,0,,0,,0,,0,,0,,0,,0,,0,,1,,0,,0,,0,,0,,1,,0,,0,,0,,0,,0,,0,,0,,0,,1,,0,,0,,0,,0,,0,,0,,0,,0,,0,,0
2025-11-06,PROD_011,Reebok Professional Deck,Fitness,Esterilla Fitness,45,False,,45.35,,2025,11,6,Thursday,3,4,45,30,0,0,0,0,0,0,0,0,24,55,55,,,,,,7.0,5.0,6.0,0.777777777777781,,,Reebok Professional Deck,Fitness,Esterilla Fitness,,0,,0,,0,,0,,0,,0,,0,,0,,0,,0,,0,,0,,0,,0,,0,,0,,0,,0,,0,,1,,0,,0,,0,,0,,1,,0,,0,,0,,0,,0,,0,,0,,0,,1,,0,,0,,0,,0,,0,,0,,0,,0,,0,,0
2025-11-07,PROD_011,Reebok Professional Deck,Fitness,Esterilla Fitness,45,False,,44.59,,2025,11,7,Friday,4,4,45,30,0,0,0,0,0,0,0,0,23,54,54,,,,,,,7.0,7.0,-0.9111111111111035,,,Reebok Professional Deck,Fitness,Esterilla Fitness,,0,,0,,0,,0,,0,,0,,0,,0,,0,,0,,0,,0,,0,,0,,0,,0,,0,,0,,0,,1,,0,,0,,0,,0,,1,,0,,0,,0,,0,,0,,0,,0,,0,,1,,0,,0,,0,,0,,0,,0,,0,,0,,0,,0
2025-11-08,PROD_011,Reebok Professional Deck,Fitness,Esterilla Fitness,45,False,,44.82,,2025,11,8,Saturday,5,4,45,30,1,0,0,0,0,0,0,0,22,53,53,,,,,,,,,-0.3999999999999994,,,Reebok Professional Deck,Fitness,Esterilla Fitness,,0,,0,,0,,0,,0,,0,,0,,0,,0,,0,,0,,0,,0,,0,,0,,0,,0,,0,,0,,1,,0,,0,,0,,0,,1,,0,,0,,0,,0,,0,,0,,0,,0,,1,,0,,0,,0,,0,,0,,0,,0,,0,,0,,0
2025-11-09,PROD_011,Reebok Professional Deck,Fitness,Esterilla Fitness,45,False,,44.51,,2025,11,9,Sunday,6,4,45,30,1,0,0,0,0,0,0,0,21,52,52,,,,,,,,,-1.0888888888888932,,,Reebok Professional Deck,Fitness,Esterilla Fitness,,0,,0,,0,,0,,0,,0,,0,,0,,0,,0,,0,,0,,0,,0,,0,,0,,0,,0,,0,,1,,0,,0,,0,,0,,1,,0,,0,,0,,0,,0,,0,,0,,0,,1,,0,,0,,0,,0,,0,,0,,0,,0,,0,,0
2025-11-10,PROD_011,Reebok Professional Deck,Fitness,Esterilla Fitness,45,False,,45.84,,2025,11,10,Monday,0,4,46,30,0,0,0,0,0,0,0,0,20,51,51,,,,,,,,,1.866666666666674,,,Reebok Professional Deck,Fitness,Esterilla Fitness,,0,,0,,0,,0,,0,,0,,0,,0,,0,,0,,0,,0,,0,,0,,0,,0,,0,,0,,0,,1,,0,,0,,0,,0,,1,,0,,0,,0,,0,,0,,0,,0,,0,,1,,0,,0,,0,,0,,0,,0,,0,,0,,0,,0
2025-11-11,PROD_011,Reebok Professional Deck,Fitness,Esterilla Fitness,45,False,,45.5,,2025,11,11,Tuesday,1,4,46,30,0,0,0,0,0,0,0,0,19,50,50,,,,,,,,,1.1111111111111112,,,Reebok Professional Deck,Fitness,Esterilla Fitness,,0,,0,,0,,0,,0,,0,,0,,0,,0,,0,,0,,0,,0,,0,,0,,0,,0,,0,,0,,1,,0,,0,,0,,0,,1,,0,,0,,0,,0,,0,,0,,0,,0,,1,,0,,0,,0,,0,,0,,0,,0,,0,,0,,0
2025-11-12,PROD_011,Reebok Professional Deck,Fitness,Esterilla Fitness,45,False,,44.34,,2025,11,12,Wednesday,2,4,46,30,0,0,0,0,0,0,0,0,18,49,49,,,,,,,,,-1.466666666666659,,,Reebok Professional Deck,Fitness,Esterilla Fitness,,0,,0,,0,,0,,0,,0,,0,,0,,0,,0,,0,,0,,0,,0,,0,,0,,0,,0,,0,,1,,0,,0,,0,,0,,1,,0,,0,,0,,0,,0,,0,,0,,0,,1,,0,,0,,0,,0,,0,,0,,0,,0,,0,,0
2025-11-13,PROD_011,Reebok Professional Deck,Fitness,Esterilla Fitness,45,False,,44.97,,2025,11,13,Thursday,3,4,46,30,0,0,0,0,0,0,0,0,17,48,48,,,,,,,,,-0.06666666666666919,,,Reebok Professional Deck,Fitness,Esterilla Fitness,,0,,0,,0,,0,,0,,0,,0,,0,,0,,0,,0,,0,,0,,0,,0,,0,,0,,0,,0,,1,,0,,0,,0,,0,,1,,0,,0,,0,,0,,0,,0,,0,,0,,1,,0,,0,,0,,0,,0,,0,,0,,0,,0,,0
2025-11-14,PROD_011,Reebok Professional Deck,Fitness,Esterilla Fitness,45,False,,44.22,,2025,11,14,Friday,4,4,46,30,0,0,0,0,0,0,0,0,16,47,47,,,,,,,,,-1.733333333333336,,,Reebok Professional Deck,Fitness,Esterilla Fitness,,0,,0,,0,,0,,0,,0,,0,,0,,0,,0,,0,,0,,0,,0,,0,,0,,0,,0,,0,,1,,0,,0,,0,,0,,1,,0,,0,,0,,0,,0,,0,,0,,0,,1,,0,,0,,0,,0,,0,,0,,0,,0,,0,,0
2025-11-15,PROD_011,Reebok Professional Deck,Fitness,Esterilla Fitness,45,False,,45.54,,2025,11,15,Saturday,5,4,46,30,1,0,0,0,0,0,0,0,15,46,46,,,,,,,,,1.1999999999999982,,,Reebok Professional Deck,Fitness,Esterilla Fitness,,0,,0,,0,,0,,0,,0,,0,,0,,0,,0,,0,,0,,0,,0,,0,,0,,0,,0,,0,,1,,0,,0,,0,,0,,1,,0,,0,,0,,0,,0,,0,,0,,0,,1,,0,,0,,0,,0,,0,,0,,0,,0,,0,,0
2025-11-16,PROD_011,Reebok Professional Deck,Fitness,Esterilla Fitness,45,False,,45.18,,2025,11,16,Sunday,6,4,46,30,1,0,0,0,0,0,0,0,14,45,45,,,,,,,,,0.3999999999999994,,,Reebok Professional Deck,Fitness,Esterilla Fitness,,0,,0,,0,,0,,0,,0,,0,,0,,0,,0,,0,,0,,0,,0,,0,,0,,0,,0,,0,,1,,0,,0,,0,,0,,1,,0,,0,,0,,0,,0,,0,,0,,0,,1,,0,,0,,0,,0,,0,,0,,0,,0,,0,,0
2025-11-17,PROD_011,Reebok Professional Deck,Fitness,Esterilla Fitness,45,False,,45.65,,2025,11,17,Monday,0,4,47,30,0,0,0,0,0,0,0,0,13,44,44,,,,,,,,,1.4444444444444413,,,Reebok Professional Deck,Fitness,Esterilla Fitness,,0,,0,,0,,0,,0,,0,,0,,0,,0,,0,,0,,0,,0,,0,,0,,0,,0,,0,,0,,1,,0,,0,,0,,0,,1,,0,,0,,0,,0,,0,,0,,0,,0,,1,,0,,0,,0,,0,,0,,0,,0,,0,,0,,0
2025-11-18,PROD_011,Reebok Professional Deck,Fitness,Esterilla Fitness,45,False,,45.21,,2025,11,18,Tuesday,1,4,47,30,0,0,0,0,0,0,0,0,12,43,43,,,,,,,,,0.4666666666666685,,,Reebok Professional Deck,Fitness,Esterilla Fitness,,0,,0,,0,,0,,0,,0,,0,,0,,0,,0,,0,,0,,0,,0,,0,,0,,0,,0,,0,,1,,0,,0,,0,,0,,1,,0,,0,,0,,0,,0,,0,,0,,0,,1,,0,,0,,0,,0,,0,,0,,0,,0,,0,,0
2025-11-19,PROD_011,Reebok Professional Deck,Fitness,Esterilla Fitness,45,False,,44.12,,2025,11,19,Wednesday,2,4,47,30,0,0,0,0,0,0,0,0,11,42,42,,,,,,,,,-1.955555555555561,,,Reebok Professional Deck,Fitness,Esterilla Fitness,,0,,0,,0,,0,,0,,0,,0,,0,,0,,0,,0,,0,,0,,0,,0,,0,,0,,0,,0,,1,,0,,0,,0,,0,,1,,0,,0,,0,,0,,0,,0,,0,,0,,1,,0,,0,,0,,0,,0,,0,,0,,0,,0,,0
2025-11-20,PROD_011,Reebok Professional Deck,Fitness,Esterilla Fitness,45,False,,44.16,,2025,11,20,Thursday,3,4,47,30,0,0,0,0,0,0,0,0,10,41,41,,,,,,,,,-1.866666666666674,,,Reebok Professional Deck,Fitness,Esterilla Fitness,,0,,0,,0,,0,,0,,0,,0,,0,,0,,0,,0,,0,,0,,0,,0,,0,,0,,0,,0,,1,,0,,0,,0,,0,,1,,0,,0,,0,,0,,0,,0,,0,,0,,1,,0,,0,,0,,0,,0,,0,,0,,0,,0,,0
2025-11-21,PROD_011,Reebok Professional Deck,Fitness,Esterilla Fitness,45,False,,44.34,,2025,11,21,Friday,4,4,47,30,0,0,0,0,0,0,0,0,9,40,40,,,,,,,,,-1.466666666666659,,,Reebok Professional Deck,Fitness,Esterilla Fitness,,0,,0,,0,,0,,0,,0,,0,,0,,0,,0,,0,,0,,0,,0,,0,,0,,0,,0,,0,,1,,0,,0,,0,,0,,1,,0,,0,,0,,0,,0,,0,,0,,0,,1,,0,,0,,0,,0,,0,,0,,0,,0,,0,,0
2025-11-22,PROD_011,Reebok Professional Deck,Fitness,Esterilla Fitness,45,False,,44.4,,2025,11,22,Saturday,5,4,47,30,1,0,0,0,0,0,0,0,8,39,39,,,,,,,,,-1.3333333333333366,,,Reebok Professional Deck,Fitness,Esterilla Fitness,,0,,0,,0,,0,,0,,0,,0,,0,,0,,0,,0,,0,,0,,0,,0,,0,,0,,0,,0,,1,,0,,0,,0,,0,,1,,0,,0,,0,,0,,0,,0,,0,,0,,1,,0,,0,,0,,0,,0,,0,,0,,0,,0,,0
2025-11-23,PROD_011,Reebok Professional Deck,Fitness,Esterilla Fitness,45,False,,45.37,,2025,11,23,Sunday,6,4,47,30,1,0,0,0,0,0,0,0,7,38,38,,,,,,,,,0.8222222222222165,,,Reebok Professional Deck,Fitness,Esterilla Fitness,,0,,0,,0,,0,,0,,0,,0,,0,,0,,0,,0,,0,,0,,0,,0,,0,,0,,0,,0,,1,,0,,0,,0,,0,,1,,0,,0,,0,,0,,0,,0,,0,,0,,1,,0,,0,,0,,0,,0,,0,,0,,0,,0,,0
2025-11-24,PROD_011,Reebok Professional Deck,Fitness,Esterilla Fitness,45,False,,45.39,,2025,11,24,Monday,0,4,48,30,0,0,0,0,0,0,0,0,6,37,37,,,,,,,,,0.866666666666668,,,Reebok Professional Deck,Fitness,Esterilla Fitness,,0,,0,,0,,0,,0,,0,,0,,0,,0,,0,,0,,0,,0,,0,,0,,0,,0,,0,,0,,1,,0,,0,,0,,0,,1,,0,,0,,0,,0,,0,,0,,0,,0,,1,,0,,0,,0,,0,,0,,0,,0,,0,,0,,0
2025-11-25,PROD_011,Reebok Professional Deck,Fitness,Esterilla Fitness,45,False,,45.57,,2025,11,25,Tuesday,1,4,48,30,0,0,0,0,0,0,0,0,5,36,36,,,,,,,,,1.2666666666666673,,,Reebok Professional Deck,Fitness,Esterilla Fitness,,0,,0,,0,,0,,0,,0,,0,,0,,0,,0,,0,,0,,0,,0,,0,,0,,0,,0,,0,,1,,0,,0,,0,,0,,1,,0,,0,,0,,0,,0,,0,,0,,0,,1,,0,,0,,0,,0,,0,,0,,0,,0,,0,,0
2025-11-26,PROD_011,Reebok Professional Deck,Fitness,Esterilla Fitness,45,False,,45.05,,2025,11,26,Wednesday,2,4,48,30,0,0,0,0,0,0,0,0,4,35,35,,,,,,,,,0.1111111111111048,,,Reebok Professional Deck,Fitness,Esterilla Fitness,,0,,0,,0,,0,,0,,0,,0,,0,,0,,0,,0,,0,,0,,0,,0,,0,,0,,0,,0,,1,,0,,0,,0,,0,,1,,0,,0,,0,,0,,0,,0,,0,,0,,1,,0,,0,,0,,0,,0,,0,,0,,0,,0,,0
2025-11-27,PROD_011,Reebok Professional Deck,Fitness,Esterilla Fitness,45,False,,44.21,,2025,11,27,Thursday,3,4,48,30,0,0,0,0,0,0,0,0,3,34,34,,,,,,,,,-1.7555555555555535,,,Reebok Professional Deck,Fitness,Esterilla Fitness,,0,,0,,0,,0,,0,,0,,0,,0,,0,,0,,0,,0,,0,,0,,0,,0,,0,,0,,0,,1,,0,,0,,0,,0,,1,,0,,0,,0,,0,,0,,0,,0,,0,,1,,0,,0,,0,,0,,0,,0,,0,,0,,0,,0
2025-11-28,PROD_011,Reebok Professional Deck,Fitness,Esterilla Fitness,45,False,,38.25,,2025,11,28,Friday,4,4,48,30,0,0,1,0,0,0,0,0,2,33,33,,,,,,,,,-15.0,,,Reebok Professional Deck,Fitness,Esterilla Fitness,,0,,0,,0,,0,,0,,0,,0,,0,,0,,0,,0,,0,,0,,0,,0,,0,,0,,0,,0,,1,,0,,0,,0,,0,,1,,0,,0,,0,,0,,0,,0,,0,,0,,1,,0,,0,,0,,0,,0,,0,,0,,0,,0,,0
2025-11-29,PROD_011,Reebok Professional Deck,Fitness,Esterilla Fitness,45,False,,45.0,,2025,11,29,Saturday,5,4,48,30,1,0,0,0,0,0,0,0,1,32,32,,,,,,,,,0.0,,,Reebok Professional Deck,Fitness,Esterilla Fitness,,0,,0,,0,,0,,0,,0,,0,,0,,0,,0,,0,,0,,0,,0,,0,,0,,0,,0,,0,,1,,0,,0,,0,,0,,1,,0,,0,,0,,0,,0,,0,,0,,0,,1,,0,,0,,0,,0,,0,,0,,0,,0,,0,,0
2025-11-30,PROD_011,Reebok Professional Deck,Fitness,Esterilla Fitness,45,False,,44.51,,2025,11,30,Sunday,6,4,48,30,1,0,0,0,0,0,0,0,0,31,31,,,,,,,,,-1.0888888888888932,,,Reebok Professional Deck,Fitness,Esterilla Fitness,,0,,0,,0,,0,,0,,0,,0,,0,,0,,0,,0,,0,,0,,0,,0,,0,,0,,0,,0,,1,,0,,0,,0,,0,,1,,0,,0,,0,,0,,0,,0,,0,,0,,1,,0,,0,,0,,0,,0,,0,,0,,0,,0,,0
2025-11-01,PROD_012,Domyos Kit Mancuernas 20kg,Fitness,Pesas Casa,55,False,,54.26,,2025,11,1,Saturday,5,4,44,30,1,1,0,0,0,0,0,0,29,60,60,5.0,6.0,1.0,8.0,12.0,7.0,6.0,6.428571428571429,-1.3454545454545492,,,Domyos Kit Mancuernas 20kg,Fitness,Pesas Casa,,0,,0,,0,,0,,0,,0,,0,,1,,0,,0,,0,,0,,0,,0,,0,,0,,0,,0,,0,,0,,0,,0,,0,,0,,1,,0,,0,,0,,0,,0,,0,,0,,0,,0,,0,,0,,0,,0,,1,,0,,0,,0,,0,,0
2025-11-02,PROD_012,Domyos Kit Mancuernas 20kg,Fitness,Pesas Casa,55,False,,54.47,,2025,11,2,Sunday,6,4,44,30,1,0,0,0,0,0,0,0,28,59,59,,5.0,6.0,1.0,8.0,12.0,7.0,6.5,-0.9636363636363656,,,Domyos Kit Mancuernas 20kg,Fitness,Pesas Casa,,0,,0,,0,,0,,0,,0,,0,,1,,0,,0,,0,,0,,0,,0,,0,,0,,0,,0,,0,,0,,0,,0,,0,,0,,1,,0,,0,,0,,0,,0,,0,,0,,0,,0,,0,,0,,0,,0,,1,,0,,0,,0,,0,,0
2025-11-03,PROD_012,Domyos Kit Mancuernas 20kg,Fitness,Pesas Casa,55,False,,56.03,,2025,11,3,Monday,0,4,45,30,0,0,0,0,0,0,0,0,27,58,58,,,5.0,6.0,1.0,8.0,12.0,6.4,1.8727272727272748,,,Domyos Kit Mancuernas 20kg,Fitness,Pesas Casa,,0,,0,,0,,0,,0,,0,,0,,1,,0,,0,,0,,0,,0,,0,,0,,0,,0,,0,,0,,0,,0,,0,,0,,0,,1,,0,,0,,0,,0,,0,,0,,0,,0,,0,,0,,0,,0,,0,,1,,0,,0,,0,,0,,0
2025-11-04,PROD_012,Domyos Kit Mancuernas 20kg,Fitness,Pesas Casa,55,False,,54.06,,2025,11,4,Tuesday,1,4,45,30,0,0,0,0,0,0,0,0,26,57,57,,,,5.0,6.0,1.0,8.0,5.0,-1.709090909090905,,,Domyos Kit Mancuernas 20kg,Fitness,Pesas Casa,,0,,0,,0,,0,,0,,0,,0,,1,,0,,0,,0,,0,,0,,0,,0,,0,,0,,0,,0,,0,,0,,0,,0,,0,,1,,0,,0,,0,,0,,0,,0,,0,,0,,0,,0,,0,,0,,0,,1,,0,,0,,0,,0,,0
2025-11-05,PROD_012,Domyos Kit Mancuernas 20kg,Fitness,Pesas Casa,55,False,,54.85,,2025,11,5,Wednesday,2,4,45,30,0,0,0,0,0,0,0,0,25,56,56,,,,,5.0,6.0,1.0,4.0,-0.27272727272727015,,,Domyos Kit Mancuernas 20kg,Fitness,Pesas Casa,,0,,0,,0,,0,,0,,0,,0,,1,,0,,0,,0,,0,,0,,0,,0,,0,,0,,0,,0,,0,,0,,0,,0,,0,,1,,0,,0,,0,,0,,0,,0,,0,,0,,0,,0,,0,,0,,0,,1,,0,,0,,0,,0,,0
2025-11-06,PROD_012,Domyos Kit Mancuernas 20kg,Fitness,Pesas Casa,55,False,,55.45,,2025,11,6,Thursday,3,4,45,30,0,0,0,0,0,0,0,0,24,55,55,,,,,,5.0,6.0,5.5,0.8181818181818232,,,Domyos Kit Mancuernas 20kg,Fitness,Pesas Casa,,0,,0,,0,,0,,0,,0,,0,,1,,0,,0,,0,,0,,0,,0,,0,,0,,0,,0,,0,,0,,0,,0,,0,,0,,1,,0,,0,,0,,0,,0,,0,,0,,0,,0,,0,,0,,0,,0,,1,,0,,0,,0,,0,,0
2025-11-07,PROD_012,Domyos Kit Mancuernas 20kg,Fitness,Pesas Casa,55,False,,55.76,,2025,11,7,Friday,4,4,45,30,0,0,0,0,0,0,0,0,23,54,54,,,,,,,5.0,5.0,1.381818181818178,,,Domyos Kit Mancuernas 20kg,Fitness,Pesas Casa,,0,,0,,0,,0,,0,,0,,0,,1,,0,,0,,0,,0,,0,,0,,0,,0,,0,,0,,0,,0,,0,,0,,0,,0,,1,,0,,0,,0,,0,,0,,0,,0,,0,,0,,0,,0,,0,,0,,1,,0,,0,,0,,0,,0
2025-11-08,PROD_012,Domyos Kit Mancuernas 20kg,Fitness,Pesas Casa,55,False,,55.81,,2025,11,8,Saturday,5,4,45,30,1,0,0,0,0,0,0,0,22,53,53,,,,,,,,,1.4727272727272769,,,Domyos Kit Mancuernas 20kg,Fitness,Pesas Casa,,0,,0,,0,,0,,0,,0,,0,,1,,0,,0,,0,,0,,0,,0,,0,,0,,0,,0,,0,,0,,0,,0,,0,,0,,1,,0,,0,,0,,0,,0,,0,,0,,0,,0,,0,,0,,0,,0,,1,,0,,0,,0,,0,,0
2025-11-09,PROD_012,Domyos Kit Mancuernas 20kg,Fitness,Pesas Casa,55,False,,55.07,,2025,11,9,Sunday,6,4,45,30,1,0,0,0,0,0,0,0,21,52,52,,,,,,,,,0.1272727272727278,,,Domyos Kit Mancuernas 20kg,Fitness,Pesas Casa,,0,,0,,0,,0,,0,,0,,0,,1,,0,,0,,0,,0,,0,,0,,0,,0,,0,,0,,0,,0,,0,,0,,0,,0,,1,,0,,0,,0,,0,,0,,0,,0,,0,,0,,0,,0,,0,,0,,1,,0,,0,,0,,0,,0
2025-11-10,PROD_012,Domyos Kit Mancuernas 20kg,Fitness,Pesas Casa,55,False,,55.95,,2025,11,10,Monday,0,4,46,30,0,0,0,0,0,0,0,0,20,51,51,,,,,,,,,1.7272727272727324,,,Domyos Kit Mancuernas 20kg,Fitness,Pesas Casa,,0,,0,,0,,0,,0,,0,,0,,1,,0,,0,,0,,0,,0,,0,,0,,0,,0,,0,,0,,0,,0,,0,,0,,0,,1,,0,,0,,0,,0,,0,,0,,0,,0,,0,,0,,0,,0,,0,,1,,0,,0,,0,,0,,0
2025-11-11,PROD_012,Domyos Kit Mancuernas 20kg,Fitness,Pesas Casa,55,False,,54.9,,2025,11,11,Tuesday,1,4,46,30,0,0,0,0,0,0,0,0,19,50,50,,,,,,,,,-0.1818181818181844,,,Domyos Kit Mancuernas 20kg,Fitness,Pesas Casa,,0,,0,,0,,0,,0,,0,,0,,1,,0,,0,,0,,0,,0,,0,,0,,0,,0,,0,,0,,0,,0,,0,,0,,0,,1,,0,,0,,0,,0,,0,,0,,0,,0,,0,,0,,0,,0,,0,,1,,0,,0,,0,,0,,0
2025-11-12,PROD_012,Domyos Kit Mancuernas 20kg,Fitness,Pesas Casa,55,False,,55.37,,2025,11,12,Wednesday,2,4,46,30,0,0,0,0,0,0,0,0,18,49,49,,,,,,,,,0.6727272727272681,,,Domyos Kit Mancuernas 20kg,Fitness,Pesas Casa,,0,,0,,0,,0,,0,,0,,0,,1,,0,,0,,0,,0,,0,,0,,0,,0,,0,,0,,0,,0,,0,,0,,0,,0,,1,,0,,0,,0,,0,,0,,0,,0,,0,,0,,0,,0,,0,,0,,1,,0,,0,,0,,0,,0
2025-11-13,PROD_012,Domyos Kit Mancuernas 20kg,Fitness,Pesas Casa,55,False,,56.03,,2025,11,13,Thursday,3,4,46,30,0,0,0,0,0,0,0,0,17,48,48,,,,,,,,,1.8727272727272748,,,Domyos Kit Mancuernas 20kg,Fitness,Pesas Casa,,0,,0,,0,,0,,0,,0,,0,,1,,0,,0,,0,,0,,0,,0,,0,,0,,0,,0,,0,,0,,0,,0,,0,,0,,1,,0,,0,,0,,0,,0,,0,,0,,0,,0,,0,,0,,0,,0,,1,,0,,0,,0,,0,,0
2025-11-14,PROD_012,Domyos Kit Mancuernas 20kg,Fitness,Pesas Casa,55,False,,54.88,,2025,11,14,Friday,4,4,46,30,0,0,0,0,0,0,0,0,16,47,47,,,,,,,,,-0.21818181818181354,,,Domyos Kit Mancuernas 20kg,Fitness,Pesas Casa,,0,,0,,0,,0,,0,,0,,0,,1,,0,,0,,0,,0,,0,,0,,0,,0,,0,,0,,0,,0,,0,,0,,0,,0,,1,,0,,0,,0,,0,,0,,0,,0,,0,,0,,0,,0,,0,,0,,1,,0,,0,,0,,0,,0
2025-11-15,PROD_012,Domyos Kit Mancuernas 20kg,Fitness,Pesas Casa,55,False,,55.98,,2025,11,15,Saturday,5,4,46,30,1,0,0,0,0,0,0,0,15,46,46,,,,,,,,,1.781818181818176,,,Domyos Kit Mancuernas 20kg,Fitness,Pesas Casa,,0,,0,,0,,0,,0,,0,,0,,1,,0,,0,,0,,0,,0,,0,,0,,0,,0,,0,,0,,0,,0,,0,,0,,0,,1,,0,,0,,0,,0,,0,,0,,0,,0,,0,,0,,0,,0,,0,,1,,0,,0,,0,,0,,0
2025-11-16,PROD_012,Domyos Kit Mancuernas 20kg,Fitness,Pesas Casa,55,False,,55.26,,2025,11,16,Sunday,6,4,46,30,1,0,0,0,0,0,0,0,14,45,45,,,,,,,,,0.4727272727272691,,,Domyos Kit Mancuernas 20kg,Fitness,Pesas Casa,,0,,0,,0,,0,,0,,0,,0,,1,,0,,0,,0,,0,,0,,0,,0,,0,,0,,0,,0,,0,,0,,0,,0,,0,,1,,0,,0,,0,,0,,0,,0,,0,,0,,0,,0,,0,,0,,0,,1,,0,,0,,0,,0,,0
2025-11-17,PROD_012,Domyos Kit Mancuernas 20kg,Fitness,Pesas Casa,55,False,,54.37,,2025,11,17,Monday,0,4,47,30,0,0,0,0,0,0,0,0,13,44,44,,,,,,,,,-1.14545454545455,,,Domyos Kit Mancuernas 20kg,Fitness,Pesas Casa,,0,,0,,0,,0,,0,,0,,0,,1,,0,,0,,0,,0,,0,,0,,0,,0,,0,,0,,0,,0,,0,,0,,0,,0,,1,,0,,0,,0,,0,,0,,0,,0,,0,,0,,0,,0,,0,,0,,1,,0,,0,,0,,0,,0
2025-11-18,PROD_012,Domyos Kit Mancuernas 20kg,Fitness,Pesas Casa,55,False,,55.33,,2025,11,18,Tuesday,1,4,47,30,0,0,0,0,0,0,0,0,12,43,43,,,,,,,,,0.5999999999999969,,,Domyos Kit Mancuernas 20kg,Fitness,Pesas Casa,,0,,0,,0,,0,,0,,0,,0,,1,,0,,0,,0,,0,,0,,0,,0,,0,,0,,0,,0,,0,,0,,0,,0,,0,,1,,0,,0,,0,,0,,0,,0,,0,,0,,0,,0,,0,,0,,0,,1,,0,,0,,0,,0,,0
2025-11-19,PROD_012,Domyos Kit Mancuernas 20kg,Fitness,Pesas Casa,55,False,,55.82,,2025,11,19,Wednesday,2,4,47,30,0,0,0,0,0,0,0,0,11,42,42,,,,,,,,,1.4909090909090914,,,Domyos Kit Mancuernas 20kg,Fitness,Pesas Casa,,0,,0,,0,,0,,0,,0,,0,,1,,0,,0,,0,,0,,0,,0,,0,,0,,0,,0,,0,,0,,0,,0,,0,,0,,1,,0,,0,,0,,0,,0,,0,,0,,0,,0,,0,,0,,0,,0,,1,,0,,0,,0,,0,,0
2025-11-20,PROD_012,Domyos Kit Mancuernas 20kg,Fitness,Pesas Casa,55,False,,55.52,,2025,11,20,Thursday,3,4,47,30,0,0,0,0,0,0,0,0,10,41,41,,,,,,,,,0.9454545454545511,,,Domyos Kit Mancuernas 20kg,Fitness,Pesas Casa,,0,,0,,0,,0,,0,,0,,0,,1,,0,,0,,0,,0,,0,,0,,0,,0,,0,,0,,0,,0,,0,,0,,0,,0,,1,,0,,0,,0,,0,,0,,0,,0,,0,,0,,0,,0,,0,,0,,1,,0,,0,,0,,0,,0
2025-11-21,PROD_012,Domyos Kit Mancuernas 20kg,Fitness,Pesas Casa,55,False,,55.68,,2025,11,21,Friday,4,4,47,30,0,0,0,0,0,0,0,0,9,40,40,,,,,,,,,1.2363636363636359,,,Domyos Kit Mancuernas 20kg,Fitness,Pesas Casa,,0,,0,,0,,0,,0,,0,,0,,1,,0,,0,,0,,0,,0,,0,,0,,0,,0,,0,,0,,0,,0,,0,,0,,0,,1,,0,,0,,0,,0,,0,,0,,0,,0,,0,,0,,0,,0,,0,,1,,0,,0,,0,,0,,0
2025-11-22,PROD_012,Domyos Kit Mancuernas 20kg,Fitness,Pesas Casa,55,False,,54.86,,2025,11,22,Saturday,5,4,47,30,1,0,0,0,0,0,0,0,8,39,39,,,,,,,,,-0.2545454545454556,,,Domyos Kit Mancuernas 20kg,Fitness,Pesas Casa,,0,,0,,0,,0,,0,,0,,0,,1,,0,,0,,0,,0,,0,,0,,0,,0,,0,,0,,0,,0,,0,,0,,0,,0,,1,,0,,0,,0,,0,,0,,0,,0,,0,,0,,0,,0,,0,,0,,1,,0,,0,,0,,0,,0
2025-11-23,PROD_012,Domyos Kit Mancuernas 20kg,Fitness,Pesas Casa,55,False,,54.61,,2025,11,23,Sunday,6,4,47,30,1,0,0,0,0,0,0,0,7,38,38,,,,,,,,,-0.7090909090909101,,,Domyos Kit Mancuernas 20kg,Fitness,Pesas Casa,,0,,0,,0,,0,,0,,0,,0,,1,,0,,0,,0,,0,,0,,0,,0,,0,,0,,0,,0,,0,,0,,0,,0,,0,,1,,0,,0,,0,,0,,0,,0,,0,,0,,0,,0,,0,,0,,0,,1,,0,,0,,0,,0,,0
2025-11-24,PROD_012,Domyos Kit Mancuernas 20kg,Fitness,Pesas Casa,55,False,,55.43,,2025,11,24,Monday,0,4,48,30,0,0,0,0,0,0,0,0,6,37,37,,,,,,,,,0.7818181818181813,,,Domyos Kit Mancuernas 20kg,Fitness,Pesas Casa,,0,,0,,0,,0,,0,,0,,0,,1,,0,,0,,0,,0,,0,,0,,0,,0,,0,,0,,0,,0,,0,,0,,0,,0,,1,,0,,0,,0,,0,,0,,0,,0,,0,,0,,0,,0,,0,,0,,1,,0,,0,,0,,0,,0
2025-11-25,PROD_012,Domyos Kit Mancuernas 20kg,Fitness,Pesas Casa,55,False,,54.4,,2025,11,25,Tuesday,1,4,48,30,0,0,0,0,0,0,0,0,5,36,36,,,,,,,,,-1.0909090909090935,,,Domyos Kit Mancuernas 20kg,Fitness,Pesas Casa,,0,,0,,0,,0,,0,,0,,0,,1,,0,,0,,0,,0,,0,,0,,0,,0,,0,,0,,0,,0,,0,,0,,0,,0,,1,,0,,0,,0,,0,,0,,0,,0,,0,,0,,0,,0,,0,,0,,1,,0,,0,,0,,0,,0
2025-11-26,PROD_012,Domyos Kit Mancuernas 20kg,Fitness,Pesas Casa,55,False,,55.37,,2025,11,26,Wednesday,2,4,48,30,0,0,0,0,0,0,0,0,4,35,35,,,,,,,,,0.6727272727272681,,,Domyos Kit Mancuernas 20kg,Fitness,Pesas Casa,,0,,0,,0,,0,,0,,0,,0,,1,,0,,0,,0,,0,,0,,0,,0,,0,,0,,0,,0,,0,,0,,0,,0,,0,,1,,0,,0,,0,,0,,0,,0,,0,,0,,0,,0,,0,,0,,0,,1,,0,,0,,0,,0,,0
2025-11-27,PROD_012,Domyos Kit Mancuernas 20kg,Fitness,Pesas Casa,55,False,,55.04,,2025,11,27,Thursday,3,4,48,30,0,0,0,0,0,0,0,0,3,34,34,,,,,,,,,0.07272727272727117,,,Domyos Kit Mancuernas 20kg,Fitness,Pesas Casa,,0,,0,,0,,0,,0,,0,,0,,1,,0,,0,,0,,0,,0,,0,,0,,0,,0,,0,,0,,0,,0,,0,,0,,0,,1,,0,,0,,0,,0,,0,,0,,0,,0,,0,,0,,0,,0,,0,,1,,0,,0,,0,,0,,0
2025-11-28,PROD_012,Domyos Kit Mancuernas 20kg,Fitness,Pesas Casa,55,False,,46.75,,2025,11,28,Friday,4,4,48,30,0,0,1,0,0,0,0,0,2,33,33,,,,,,,,,-15.0,,,Domyos Kit Mancuernas 20kg,Fitness,Pesas Casa,,0,,0,,0,,0,,0,,0,,0,,1,,0,,0,,0,,0,,0,,0,,0,,0,,0,,0,,0,,0,,0,,0,,0,,0,,1,,0,,0,,0,,0,,0,,0,,0,,0,,0,,0,,0,,0,,0,,1,,0,,0,,0,,0,,0
2025-11-29,PROD_012,Domyos Kit Mancuernas 20kg,Fitness,Pesas Casa,55,False,,55.24,,2025,11,29,Saturday,5,4,48,30,1,0,0,0,0,0,0,0,1,32,32,,,,,,,,,0.43636363636364,,,Domyos Kit Mancuernas 20kg,Fitness,Pesas Casa,,0,,0,,0,,0,,0,,0,,0,,1,,0,,0,,0,,0,,0,,0,,0,,0,,0,,0,,0,,0,,0,,0,,0,,0,,1,,0,,0,,0,,0,,0,,0,,0,,0,,0,,0,,0,,0,,0,,1,,0,,0,,0,,0,,0
2025-11-30,PROD_012,Domyos Kit Mancuernas 20kg,Fitness,Pesas Casa,55,False,,55.94,,2025,11,30,Sunday,6,4,48,30,1,0,0,0,0,0,0,0,0,31,31,,,,,,,,,1.709090909090905,,,Domyos Kit Mancuernas 20kg,Fitness,Pesas Casa,,0,,0,,0,,0,,0,,0,,0,,1,,0,,0,,0,,0,,0,,0,,0,,0,,0,,0,,0,,0,,0,,0,,0,,0,,1,,0,,0,,0,,0,,0,,0,,0,,0,,0,,0,,0,,0,,0,,1,,0,,0,,0,,0,,0
2025-11-01,PROD_013,Decathlon Bandas Elásticas Set,Fitness,Bandas Elásticas,25,False,,25.4,,2025,11,1,Saturday,5,4,44,30,1,1,0,0,0,0,0,0,29,60,60,2.0,6.0,4.0,10.0,1.0,1.0,1.0,3.5714285714285716,1.5999999999999945,,,Decathlon Bandas Elásticas Set,Fitness,Bandas Elásticas,,0,,0,,0,,0,,0,,1,,0,,0,,0,,0,,0,,0,,0,,0,,0,,0,,0,,0,,0,,0,,0,,0,,0,,0,,1,,0,,0,,0,,0,,1,,0,,0,,0,,0,,0,,0,,0,,0,,0,,0,,0,,0,,0,,0
2025-11-02,PROD_013,Decathlon Bandas Elásticas Set,Fitness,Bandas Elásticas,25,False,,25.32,,2025,11,2,Sunday,6,4,44,30,1,0,0,0,0,0,0,0,28,59,59,,2.0,6.0,4.0,10.0,1.0,1.0,4.0,1.2800000000000011,,,Decathlon Bandas Elásticas Set,Fitness,Bandas Elásticas,,0,,0,,0,,0,,0,,1,,0,,0,,0,,0,,0,,0,,0,,0,,0,,0,,0,,0,,0,,0,,0,,0,,0,,0,,1,,0,,0,,0,,0,,1,,0,,0,,0,,0,,0,,0,,0,,0,,0,,0,,0,,0,,0,,0
2025-11-03,PROD_013,Decathlon Bandas Elásticas Set,Fitness,Bandas Elásticas,25,False,,24.6,,2025,11,3,Monday,0,4,45,30,0,0,0,0,0,0,0,0,27,58,58,,,2.0,6.0,4.0,10.0,1.0,4.6,-1.5999999999999945,,,Decathlon Bandas Elásticas Set,Fitness,Bandas Elásticas,,0,,0,,0,,0,,0,,1,,0,,0,,0,,0,,0,,0,,0,,0,,0,,0,,0,,0,,0,,0,,0,,0,,0,,0,,1,,0,,0,,0,,0,,1,,0,,0,,0,,0,,0,,0,,0,,0,,0,,0,,0,,0,,0,,0
2025-11-04,PROD_013,Decathlon Bandas Elásticas Set,Fitness,Bandas Elásticas,25,False,,25.24,,2025,11,4,Tuesday,1,4,45,30,0,0,0,0,0,0,0,0,26,57,57,,,,2.0,6.0,4.0,10.0,5.5,0.9599999999999936,,,Decathlon Bandas Elásticas Set,Fitness,Bandas Elásticas,,0,,0,,0,,0,,0,,1,,0,,0,,0,,0,,0,,0,,0,,0,,0,,0,,0,,0,,0,,0,,0,,0,,0,,0,,1,,0,,0,,0,,0,,1,,0,,0,,0,,0,,0,,0,,0,,0,,0,,0,,0,,0,,0,,0
2025-11-05,PROD_013,Decathlon Bandas Elásticas Set,Fitness,Bandas Elásticas,25,False,,24.6,,2025,11,5,Wednesday,2,4,45,30,0,0,0,0,0,0,0,0,25,56,56,,,,,2.0,6.0,4.0,4.0,-1.5999999999999945,,,Decathlon Bandas Elásticas Set,Fitness,Bandas Elásticas,,0,,0,,0,,0,,0,,1,,0,,0,,0,,0,,0,,0,,0,,0,,0,,0,,0,,0,,0,,0,,0,,0,,0,,0,,1,,0,,0,,0,,0,,1,,0,,0,,0,,0,,0,,0,,0,,0,,0,,0,,0,,0,,0,,0
2025-11-06,PROD_013,Decathlon Bandas Elásticas Set,Fitness,Bandas Elásticas,25,False,,24.73,,2025,11,6,Thursday,3,4,45,30,0,0,0,0,0,0,0,0,24,55,55,,,,,,2.0,6.0,4.0,-1.0799999999999983,,,Decathlon Bandas Elásticas Set,Fitness,Bandas Elásticas,,0,,0,,0,,0,,0,,1,,0,,0,,0,,0,,0,,0,,0,,0,,0,,0,,0,,0,,0,,0,,0,,0,,0,,0,,1,,0,,0,,0,,0,,1,,0,,0,,0,,0,,0,,0,,0,,0,,0,,0,,0,,0,,0,,0
2025-11-07,PROD_013,Decathlon Bandas Elásticas Set,Fitness,Bandas Elásticas,25,False,,25.0,,2025,11,7,Friday,4,4,45,30,0,0,0,0,0,0,0,0,23,54,54,,,,,,,2.0,2.0,0.0,,,Decathlon Bandas Elásticas Set,Fitness,Bandas Elásticas,,0,,0,,0,,0,,0,,1,,0,,0,,0,,0,,0,,0,,0,,0,,0,,0,,0,,0,,0,,0,,0,,0,,0,,0,,1,,0,,0,,0,,0,,1,,0,,0,,0,,0,,0,,0,,0,,0,,0,,0,,0,,0,,0,,0
2025-11-08,PROD_013,Decathlon Bandas Elásticas Set,Fitness,Bandas Elásticas,25,False,,25.19,,2025,11,8,Saturday,5,4,45,30,1,0,0,0,0,0,0,0,22,53,53,,,,,,,,,0.7600000000000051,,,Decathlon Bandas Elásticas Set,Fitness,Bandas Elásticas,,0,,0,,0,,0,,0,,1,,0,,0,,0,,0,,0,,0,,0,,0,,0,,0,,0,,0,,0,,0,,0,,0,,0,,0,,1,,0,,0,,0,,0,,1,,0,,0,,0,,0,,0,,0,,0,,0,,0,,0,,0,,0,,0,,0
2025-11-09,PROD_013,Decathlon Bandas Elásticas Set,Fitness,Bandas Elásticas,25,False,,25.08,,2025,11,9,Sunday,6,4,45,30,1,0,0,0,0,0,0,0,21,52,52,,,,,,,,,0.3199999999999932,,,Decathlon Bandas Elásticas Set,Fitness,Bandas Elásticas,,0,,0,,0,,0,,0,,1,,0,,0,,0,,0,,0,,0,,0,,0,,0,,0,,0,,0,,0,,0,,0,,0,,0,,0,,1,,0,,0,,0,,0,,1,,0,,0,,0,,0,,0,,0,,0,,0,,0,,0,,0,,0,,0,,0
2025-11-10,PROD_013,Decathlon Bandas Elásticas Set,Fitness,Bandas Elásticas,25,False,,24.73,,2025,11,10,Monday,0,4,46,30,0,0,0,0,0,0,0,0,20,51,51,,,,,,,,,-1.0799999999999983,,,Decathlon Bandas Elásticas Set,Fitness,Bandas Elásticas,,0,,0,,0,,0,,0,,1,,0,,0,,0,,0,,0,,0,,0,,0,,0,,0,,0,,0,,0,,0,,0,,0,,0,,0,,1,,0,,0,,0,,0,,1,,0,,0,,0,,0,,0,,0,,0,,0,,0,,0,,0,,0,,0,,0
2025-11-11,PROD_013,Decathlon Bandas Elásticas Set,Fitness,Bandas Elásticas,25,False,,25.02,,2025,11,11,Tuesday,1,4,46,30,0,0,0,0,0,0,0,0,19,50,50,,,,,,,,,0.0799999999999983,,,Decathlon Bandas Elásticas Set,Fitness,Bandas Elásticas,,0,,0,,0,,0,,0,,1,,0,,0,,0,,0,,0,,0,,0,,0,,0,,0,,0,,0,,0,,0,,0,,0,,0,,0,,1,,0,,0,,0,,0,,1,,0,,0,,0,,0,,0,,0,,0,,0,,0,,0,,0,,0,,0,,0
2025-11-12,PROD_013,Decathlon Bandas Elásticas Set,Fitness,Bandas Elásticas,25,False,,25.03,,2025,11,12,Wednesday,2,4,46,30,0,0,0,0,0,0,0,0,18,49,49,,,,,,,,,0.12000000000000455,,,Decathlon Bandas Elásticas Set,Fitness,Bandas Elásticas,,0,,0,,0,,0,,0,,1,,0,,0,,0,,0,,0,,0,,0,,0,,0,,0,,0,,0,,0,,0,,0,,0,,0,,0,,1,,0,,0,,0,,0,,1,,0,,0,,0,,0,,0,,0,,0,,0,,0,,0,,0,,0,,0,,0
2025-11-13,PROD_013,Decathlon Bandas Elásticas Set,Fitness,Bandas Elásticas,25,False,,25.17,,2025,11,13,Thursday,3,4,46,30,0,0,0,0,0,0,0,0,17,48,48,,,,,,,,,0.6800000000000068,,,Decathlon Bandas Elásticas Set,Fitness,Bandas Elásticas,,0,,0,,0,,0,,0,,1,,0,,0,,0,,0,,0,,0,,0,,0,,0,,0,,0,,0,,0,,0,,0,,0,,0,,0,,1,,0,,0,,0,,0,,1,,0,,0,,0,,0,,0,,0,,0,,0,,0,,0,,0,,0,,0,,0
2025-11-14,PROD_013,Decathlon Bandas Elásticas Set,Fitness,Bandas Elásticas,25,False,,25.06,,2025,11,14,Friday,4,4,46,30,0,0,0,0,0,0,0,0,16,47,47,,,,,,,,,0.2399999999999949,,,Decathlon Bandas Elásticas Set,Fitness,Bandas Elásticas,,0,,0,,0,,0,,0,,1,,0,,0,,0,,0,,0,,0,,0,,0,,0,,0,,0,,0,,0,,0,,0,,0,,0,,0,,1,,0,,0,,0,,0,,1,,0,,0,,0,,0,,0,,0,,0,,0,,0,,0,,0,,0,,0,,0
2025-11-15,PROD_013,Decathlon Bandas Elásticas Set,Fitness,Bandas Elásticas,25,False,,25.04,,2025,11,15,Saturday,5,4,46,30,1,0,0,0,0,0,0,0,15,46,46,,,,,,,,,0.1599999999999966,,,Decathlon Bandas Elásticas Set,Fitness,Bandas Elásticas,,0,,0,,0,,0,,0,,1,,0,,0,,0,,0,,0,,0,,0,,0,,0,,0,,0,,0,,0,,0,,0,,0,,0,,0,,1,,0,,0,,0,,0,,1,,0,,0,,0,,0,,0,,0,,0,,0,,0,,0,,0,,0,,0,,0
2025-11-16,PROD_013,Decathlon Bandas Elásticas Set,Fitness,Bandas Elásticas,25,False,,25.16,,2025,11,16,Sunday,6,4,46,30,1,0,0,0,0,0,0,0,14,45,45,,,,,,,,,0.6400000000000006,,,Decathlon Bandas Elásticas Set,Fitness,Bandas Elásticas,,0,,0,,0,,0,,0,,1,,0,,0,,0,,0,,0,,0,,0,,0,,0,,0,,0,,0,,0,,0,,0,,0,,0,,0,,1,,0,,0,,0,,0,,1,,0,,0,,0,,0,,0,,0,,0,,0,,0,,0,,0,,0,,0,,0
2025-11-17,PROD_013,Decathlon Bandas Elásticas Set,Fitness,Bandas Elásticas,25,False,,24.65,,2025,11,17,Monday,0,4,47,30,0,0,0,0,0,0,0,0,13,44,44,,,,,,,,,-1.4000000000000057,,,Decathlon Bandas Elásticas Set,Fitness,Bandas Elásticas,,0,,0,,0,,0,,0,,1,,0,,0,,0,,0,,0,,0,,0,,0,,0,,0,,0,,0,,0,,0,,0,,0,,0,,0,,1,,0,,0,,0,,0,,1,,0,,0,,0,,0,,0,,0,,0,,0,,0,,0,,0,,0,,0,,0
2025-11-18,PROD_013,Decathlon Bandas Elásticas Set,Fitness,Bandas Elásticas,25,False,,24.59,,2025,11,18,Tuesday,1,4,47,30,0,0,0,0,0,0,0,0,12,43,43,,,,,,,,,-1.6400000000000006,,,Decathlon Bandas Elásticas Set,Fitness,Bandas Elásticas,,0,,0,,0,,0,,0,,1,,0,,0,,0,,0,,0,,0,,0,,0,,0,,0,,0,,0,,0,,0,,0,,0,,0,,0,,1,,0,,0,,0,,0,,1,,0,,0,,0,,0,,0,,0,,0,,0,,0,,0,,0,,0,,0,,0
2025-11-19,PROD_013,Decathlon Bandas Elásticas Set,Fitness,Bandas Elásticas,25,False,,25.33,,2025,11,19,Wednesday,2,4,47,30,0,0,0,0,0,0,0,0,11,42,42,,,,,,,,,1.3199999999999932,,,Decathlon Bandas Elásticas Set,Fitness,Bandas Elásticas,,0,,0,,0,,0,,0,,1,,0,,0,,0,,0,,0,,0,,0,,0,,0,,0,,0,,0,,0,,0,,0,,0,,0,,0,,1,,0,,0,,0,,0,,1,,0,,0,,0,,0,,0,,0,,0,,0,,0,,0,,0,,0,,0,,0
2025-11-20,PROD_013,Decathlon Bandas Elásticas Set,Fitness,Bandas Elásticas,25,False,,24.59,,2025,11,20,Thursday,3,4,47,30,0,0,0,0,0,0,0,0,10,41,41,,,,,,,,,-1.6400000000000006,,,Decathlon Bandas Elásticas Set,Fitness,Bandas Elásticas,,0,,0,,0,,0,,0,,1,,0,,0,,0,,0,,0,,0,,0,,0,,0,,0,,0,,0,,0,,0,,0,,0,,0,,0,,1,,0,,0,,0,,0,,1,,0,,0,,0,,0,,0,,0,,0,,0,,0,,0,,0,,0,,0,,0
2025-11-21,PROD_013,Decathlon Bandas Elásticas Set,Fitness,Bandas Elásticas,25,False,,24.81,,2025,11,21,Friday,4,4,47,30,0,0,0,0,0,0,0,0,9,40,40,,,,,,,,,-0.7600000000000051,,,Decathlon Bandas Elásticas Set,Fitness,Bandas Elásticas,,0,,0,,0,,0,,0,,1,,0,,0,,0,,0,,0,,0,,0,,0,,0,,0,,0,,0,,0,,0,,0,,0,,0,,0,,1,,0,,0,,0,,0,,1,,0,,0,,0,,0,,0,,0,,0,,0,,0,,0,,0,,0,,0,,0
2025-11-22,PROD_013,Decathlon Bandas Elásticas Set,Fitness,Bandas Elásticas,25,False,,25.42,,2025,11,22,Saturday,5,4,47,30,1,0,0,0,0,0,0,0,8,39,39,,,,,,,,,1.6800000000000068,,,Decathlon Bandas Elásticas Set,Fitness,Bandas Elásticas,,0,,0,,0,,0,,0,,1,,0,,0,,0,,0,,0,,0,,0,,0,,0,,0,,0,,0,,0,,0,,0,,0,,0,,0,,1,,0,,0,,0,,0,,1,,0,,0,,0,,0,,0,,0,,0,,0,,0,,0,,0,,0,,0,,0
2025-11-23,PROD_013,Decathlon Bandas Elásticas Set,Fitness,Bandas Elásticas,25,False,,25.35,,2025,11,23,Sunday,6,4,47,30,1,0,0,0,0,0,0,0,7,38,38,,,,,,,,,1.4000000000000057,,,Decathlon Bandas Elásticas Set,Fitness,Bandas Elásticas,,0,,0,,0,,0,,0,,1,,0,,0,,0,,0,,0,,0,,0,,0,,0,,0,,0,,0,,0,,0,,0,,0,,0,,0,,1,,0,,0,,0,,0,,1,,0,,0,,0,,0,,0,,0,,0,,0,,0,,0,,0,,0,,0,,0
2025-11-24,PROD_013,Decathlon Bandas Elásticas Set,Fitness,Bandas Elásticas,25,False,,25.37,,2025,11,24,Monday,0,4,48,30,0,0,0,0,0,0,0,0,6,37,37,,,,,,,,,1.480000000000004,,,Decathlon Bandas Elásticas Set,Fitness,Bandas Elásticas,,0,,0,,0,,0,,0,,1,,0,,0,,0,,0,,0,,0,,0,,0,,0,,0,,0,,0,,0,,0,,0,,0,,0,,0,,1,,0,,0,,0,,0,,1,,0,,0,,0,,0,,0,,0,,0,,0,,0,,0,,0,,0,,0,,0
2025-11-25,PROD_013,Decathlon Bandas Elásticas Set,Fitness,Bandas Elásticas,25,False,,24.8,,2025,11,25,Tuesday,1,4,48,30,0,0,0,0,0,0,0,0,5,36,36,,,,,,,,,-0.7999999999999973,,,Decathlon Bandas Elásticas Set,Fitness,Bandas Elásticas,,0,,0,,0,,0,,0,,1,,0,,0,,0,,0,,0,,0,,0,,0,,0,,0,,0,,0,,0,,0,,0,,0,,0,,0,,1,,0,,0,,0,,0,,1,,0,,0,,0,,0,,0,,0,,0,,0,,0,,0,,0,,0,,0,,0
2025-11-26,PROD_013,Decathlon Bandas Elásticas Set,Fitness,Bandas Elásticas,25,False,,24.85,,2025,11,26,Wednesday,2,4,48,30,0,0,0,0,0,0,0,0,4,35,35,,,,,,,,,-0.5999999999999943,,,Decathlon Bandas Elásticas Set,Fitness,Bandas Elásticas,,0,,0,,0,,0,,0,,1,,0,,0,,0,,0,,0,,0,,0,,0,,0,,0,,0,,0,,0,,0,,0,,0,,0,,0,,1,,0,,0,,0,,0,,1,,0,,0,,0,,0,,0,,0,,0,,0,,0,,0,,0,,0,,0,,0
2025-11-27,PROD_013,Decathlon Bandas Elásticas Set,Fitness,Bandas Elásticas,25,False,,25.32,,2025,11,27,Thursday,3,4,48,30,0,0,0,0,0,0,0,0,3,34,34,,,,,,,,,1.2800000000000011,,,Decathlon Bandas Elásticas Set,Fitness,Bandas Elásticas,,0,,0,,0,,0,,0,,1,,0,,0,,0,,0,,0,,0,,0,,0,,0,,0,,0,,0,,0,,0,,0,,0,,0,,0,,1,,0,,0,,0,,0,,1,,0,,0,,0,,0,,0,,0,,0,,0,,0,,0,,0,,0,,0,,0
2025-11-28,PROD_013,Decathlon Bandas Elásticas Set,Fitness,Bandas Elásticas,25,False,,21.25,,2025,11,28,Friday,4,4,48,30,0,0,1,0,0,0,0,0,2,33,33,,,,,,,,,-15.0,,,Decathlon Bandas Elásticas Set,Fitness,Bandas Elásticas,,0,,0,,0,,0,,0,,1,,0,,0,,0,,0,,0,,0,,0,,0,,0,,0,,0,,0,,0,,0,,0,,0,,0,,0,,1,,0,,0,,0,,0,,1,,0,,0,,0,,0,,0,,0,,0,,0,,0,,0,,0,,0,,0,,0
2025-11-29,PROD_013,Decathlon Bandas Elásticas Set,Fitness,Bandas Elásticas,25,False,,24.57,,2025,11,29,Saturday,5,4,48,30,1,0,0,0,0,0,0,0,1,32,32,,,,,,,,,-1.7199999999999989,,,Decathlon Bandas Elásticas Set,Fitness,Bandas Elásticas,,0,,0,,0,,0,,0,,1,,0,,0,,0,,0,,0,,0,,0,,0,,0,,0,,0,,0,,0,,0,,0,,0,,0,,0,,1,,0,,0,,0,,0,,1,,0,,0,,0,,0,,0,,0,,0,,0,,0,,0,,0,,0,,0,,0
2025-11-30,PROD_013,Decathlon Bandas Elásticas Set,Fitness,Bandas Elásticas,25,False,,25.47,,2025,11,30,Sunday,6,4,48,30,1,0,0,0,0,0,0,0,0,31,31,,,,,,,,,1.8799999999999955,,,Decathlon Bandas Elásticas Set,Fitness,Bandas Elásticas,,0,,0,,0,,0,,0,,1,,0,,0,,0,,0,,0,,0,,0,,0,,0,,0,,0,,0,,0,,0,,0,,0,,0,,0,,1,,0,,0,,0,,0,,1,,0,,0,,0,,0,,0,,0,,0,,0,,0,,0,,0,,0,,0,,0
2025-11-01,PROD_014,Sveltus Kettlebell 12kg,Fitness,Pesa Rusa,40,False,,39.22,,2025,11,1,Saturday,5,4,44,30,1,1,0,0,0,0,0,0,29,60,60,4.0,1.0,11.0,5.0,3.0,8.0,5.0,5.285714285714286,-1.9500000000000028,,,Sveltus Kettlebell 12kg,Fitness,Pesa Rusa,,0,,0,,0,,0,,0,,0,,0,,0,,0,,0,,0,,0,,0,,0,,0,,0,,0,,0,,0,,0,,0,,1,,0,,0,,1,,0,,0,,0,,0,,0,,0,,0,,0,,0,,0,,0,,0,,1,,0,,0,,0,,0,,0,,0
2025-11-02,PROD_014,Sveltus Kettlebell 12kg,Fitness,Pesa Rusa,40,False,,40.08,,2025,11,2,Sunday,6,4,44,30,1,0,0,0,0,0,0,0,28,59,59,,4.0,1.0,11.0,5.0,3.0,8.0,5.333333333333333,0.19999999999999576,,,Sveltus Kettlebell 12kg,Fitness,Pesa Rusa,,0,,0,,0,,0,,0,,0,,0,,0,,0,,0,,0,,0,,0,,0,,0,,0,,0,,0,,0,,0,,0,,1,,0,,0,,1,,0,,0,,0,,0,,0,,0,,0,,0,,0,,0,,0,,0,,1,,0,,0,,0,,0,,0,,0
2025-11-03,PROD_014,Sveltus Kettlebell 12kg,Fitness,Pesa Rusa,40,False,,39.44,,2025,11,3,Monday,0,4,45,30,0,0,0,0,0,0,0,0,27,58,58,,,4.0,1.0,11.0,5.0,3.0,4.8,-1.4000000000000057,,,Sveltus Kettlebell 12kg,Fitness,Pesa Rusa,,0,,0,,0,,0,,0,,0,,0,,0,,0,,0,,0,,0,,0,,0,,0,,0,,0,,0,,0,,0,,0,,1,,0,,0,,1,,0,,0,,0,,0,,0,,0,,0,,0,,0,,0,,0,,0,,1,,0,,0,,0,,0,,0,,0
2025-11-04,PROD_014,Sveltus Kettlebell 12kg,Fitness,Pesa Rusa,40,False,,39.96,,2025,11,4,Tuesday,1,4,45,30,0,0,0,0,0,0,0,0,26,57,57,,,,4.0,1.0,11.0,5.0,5.25,-0.09999999999999788,,,Sveltus Kettlebell 12kg,Fitness,Pesa Rusa,,0,,0,,0,,0,,0,,0,,0,,0,,0,,0,,0,,0,,0,,0,,0,,0,,0,,0,,0,,0,,0,,1,,0,,0,,1,,0,,0,,0,,0,,0,,0,,0,,0,,0,,0,,0,,0,,1,,0,,0,,0,,0,,0,,0
2025-11-05,PROD_014,Sveltus Kettlebell 12kg,Fitness,Pesa Rusa,40,False,,40.63,,2025,11,5,Wednesday,2,4,45,30,0,0,0,0,0,0,0,0,25,56,56,,,,,4.0,1.0,11.0,5.333333333333333,1.5750000000000062,,,Sveltus Kettlebell 12kg,Fitness,Pesa Rusa,,0,,0,,0,,0,,0,,0,,0,,0,,0,,0,,0,,0,,0,,0,,0,,0,,0,,0,,0,,0,,0,,1,,0,,0,,1,,0,,0,,0,,0,,0,,0,,0,,0,,0,,0,,0,,0,,1,,0,,0,,0,,0,,0,,0
2025-11-06,PROD_014,Sveltus Kettlebell 12kg,Fitness,Pesa Rusa,40,False,,39.9,,2025,11,6,Thursday,3,4,45,30,0,0,0,0,0,0,0,0,24,55,55,,,,,,4.0,1.0,2.5,-0.25000000000000355,,,Sveltus Kettlebell 12kg,Fitness,Pesa Rusa,,0,,0,,0,,0,,0,,0,,0,,0,,0,,0,,0,,0,,0,,0,,0,,0,,0,,0,,0,,0,,0,,1,,0,,0,,1,,0,,0,,0,,0,,0,,0,,0,,0,,0,,0,,0,,0,,1,,0,,0,,0,,0,,0,,0
2025-11-07,PROD_014,Sveltus Kettlebell 12kg,Fitness,Pesa Rusa,40,False,,40.25,,2025,11,7,Friday,4,4,45,30,0,0,0,0,0,0,0,0,23,54,54,,,,,,,4.0,4.0,0.625,,,Sveltus Kettlebell 12kg,Fitness,Pesa Rusa,,0,,0,,0,,0,,0,,0,,0,,0,,0,,0,,0,,0,,0,,0,,0,,0,,0,,0,,0,,0,,0,,1,,0,,0,,1,,0,,0,,0,,0,,0,,0,,0,,0,,0,,0,,0,,0,,1,,0,,0,,0,,0,,0,,0
2025-11-08,PROD_014,Sveltus Kettlebell 12kg,Fitness,Pesa Rusa,40,False,,40.18,,2025,11,8,Saturday,5,4,45,30,1,0,0,0,0,0,0,0,22,53,53,,,,,,,,,0.4499999999999993,,,Sveltus Kettlebell 12kg,Fitness,Pesa Rusa,,0,,0,,0,,0,,0,,0,,0,,0,,0,,0,,0,,0,,0,,0,,0,,0,,0,,0,,0,,0,,0,,1,,0,,0,,1,,0,,0,,0,,0,,0,,0,,0,,0,,0,,0,,0,,0,,1,,0,,0,,0,,0,,0,,0
2025-11-09,PROD_014,Sveltus Kettlebell 12kg,Fitness,Pesa Rusa,40,False,,40.02,,2025,11,9,Sunday,6,4,45,30,1,0,0,0,0,0,0,0,21,52,52,,,,,,,,,0.050000000000007816,,,Sveltus Kettlebell 12kg,Fitness,Pesa Rusa,,0,,0,,0,,0,,0,,0,,0,,0,,0,,0,,0,,0,,0,,0,,0,,0,,0,,0,,0,,0,,0,,1,,0,,0,,1,,0,,0,,0,,0,,0,,0,,0,,0,,0,,0,,0,,0,,1,,0,,0,,0,,0,,0,,0
2025-11-10,PROD_014,Sveltus Kettlebell 12kg,Fitness,Pesa Rusa,40,False,,39.34,,2025,11,10,Monday,0,4,46,30,0,0,0,0,0,0,0,0,20,51,51,,,,,,,,,-1.6499999999999915,,,Sveltus Kettlebell 12kg,Fitness,Pesa Rusa,,0,,0,,0,,0,,0,,0,,0,,0,,0,,0,,0,,0,,0,,0,,0,,0,,0,,0,,0,,0,,0,,1,,0,,0,,1,,0,,0,,0,,0,,0,,0,,0,,0,,0,,0,,0,,0,,1,,0,,0,,0,,0,,0,,0
2025-11-11,PROD_014,Sveltus Kettlebell 12kg,Fitness,Pesa Rusa,40,False,,39.76,,2025,11,11,Tuesday,1,4,46,30,0,0,0,0,0,0,0,0,19,50,50,,,,,,,,,-0.600000000000005,,,Sveltus Kettlebell 12kg,Fitness,Pesa Rusa,,0,,0,,0,,0,,0,,0,,0,,0,,0,,0,,0,,0,,0,,0,,0,,0,,0,,0,,0,,0,,0,,1,,0,,0,,1,,0,,0,,0,,0,,0,,0,,0,,0,,0,,0,,0,,0,,1,,0,,0,,0,,0,,0,,0
2025-11-12,PROD_014,Sveltus Kettlebell 12kg,Fitness,Pesa Rusa,40,False,,39.5,,2025,11,12,Wednesday,2,4,46,30,0,0,0,0,0,0,0,0,18,49,49,,,,,,,,,-1.25,,,Sveltus Kettlebell 12kg,Fitness,Pesa Rusa,,0,,0,,0,,0,,0,,0,,0,,0,,0,,0,,0,,0,,0,,0,,0,,0,,0,,0,,0,,0,,0,,1,,0,,0,,1,,0,,0,,0,,0,,0,,0,,0,,0,,0,,0,,0,,0,,1,,0,,0,,0,,0,,0,,0
2025-11-13,PROD_014,Sveltus Kettlebell 12kg,Fitness,Pesa Rusa,40,False,,40.2,,2025,11,13,Thursday,3,4,46,30,0,0,0,0,0,0,0,0,17,48,48,,,,,,,,,0.5000000000000071,,,Sveltus Kettlebell 12kg,Fitness,Pesa Rusa,,0,,0,,0,,0,,0,,0,,0,,0,,0,,0,,0,,0,,0,,0,,0,,0,,0,,0,,0,,0,,0,,1,,0,,0,,1,,0,,0,,0,,0,,0,,0,,0,,0,,0,,0,,0,,0,,1,,0,,0,,0,,0,,0,,0
2025-11-14,PROD_014,Sveltus Kettlebell 12kg,Fitness,Pesa Rusa,40,False,,39.39,,2025,11,14,Friday,4,4,46,30,0,0,0,0,0,0,0,0,16,47,47,,,,,,,,,-1.5249999999999986,,,Sveltus Kettlebell 12kg,Fitness,Pesa Rusa,,0,,0,,0,,0,,0,,0,,0,,0,,0,,0,,0,,0,,0,,0,,0,,0,,0,,0,,0,,0,,0,,1,,0,,0,,1,,0,,0,,0,,0,,0,,0,,0,,0,,0,,0,,0,,0,,1,,0,,0,,0,,0,,0,,0
2025-11-15,PROD_014,Sveltus Kettlebell 12kg,Fitness,Pesa Rusa,40,False,,39.27,,2025,11,15,Saturday,5,4,46,30,1,0,0,0,0,0,0,0,15,46,46,,,,,,,,,-1.8249999999999922,,,Sveltus Kettlebell 12kg,Fitness,Pesa Rusa,,0,,0,,0,,0,,0,,0,,0,,0,,0,,0,,0,,0,,0,,0,,0,,0,,0,,0,,0,,0,,0,,1,,0,,0,,1,,0,,0,,0,,0,,0,,0,,0,,0,,0,,0,,0,,0,,1,,0,,0,,0,,0,,0,,0
2025-11-16,PROD_014,Sveltus Kettlebell 12kg,Fitness,Pesa Rusa,40,False,,40.4,,2025,11,16,Sunday,6,4,46,30,1,0,0,0,0,0,0,0,14,45,45,,,,,,,,,0.9999999999999963,,,Sveltus Kettlebell 12kg,Fitness,Pesa Rusa,,0,,0,,0,,0,,0,,0,,0,,0,,0,,0,,0,,0,,0,,0,,0,,0,,0,,0,,0,,0,,0,,1,,0,,0,,1,,0,,0,,0,,0,,0,,0,,0,,0,,0,,0,,0,,0,,1,,0,,0,,0,,0,,0,,0
2025-11-17,PROD_014,Sveltus Kettlebell 12kg,Fitness,Pesa Rusa,40,False,,40.68,,2025,11,17,Monday,0,4,47,30,0,0,0,0,0,0,0,0,13,44,44,,,,,,,,,1.6999999999999995,,,Sveltus Kettlebell 12kg,Fitness,Pesa Rusa,,0,,0,,0,,0,,0,,0,,0,,0,,0,,0,,0,,0,,0,,0,,0,,0,,0,,0,,0,,0,,0,,1,,0,,0,,1,,0,,0,,0,,0,,0,,0,,0,,0,,0,,0,,0,,0,,1,,0,,0,,0,,0,,0,,0
2025-11-18,PROD_014,Sveltus Kettlebell 12kg,Fitness,Pesa Rusa,40,False,,39.89,,2025,11,18,Tuesday,1,4,47,30,0,0,0,0,0,0,0,0,12,43,43,,,,,,,,,-0.2749999999999986,,,Sveltus Kettlebell 12kg,Fitness,Pesa Rusa,,0,,0,,0,,0,,0,,0,,0,,0,,0,,0,,0,,0,,0,,0,,0,,0,,0,,0,,0,,0,,0,,1,,0,,0,,1,,0,,0,,0,,0,,0,,0,,0,,0,,0,,0,,0,,0,,1,,0,,0,,0,,0,,0,,0
2025-11-19,PROD_014,Sveltus Kettlebell 12kg,Fitness,Pesa Rusa,40,False,,40.62,,2025,11,19,Wednesday,2,4,47,30,0,0,0,0,0,0,0,0,11,42,42,,,,,,,,,1.5499999999999936,,,Sveltus Kettlebell 12kg,Fitness,Pesa Rusa,,0,,0,,0,,0,,0,,0,,0,,0,,0,,0,,0,,0,,0,,0,,0,,0,,0,,0,,0,,0,,0,,1,,0,,0,,1,,0,,0,,0,,0,,0,,0,,0,,0,,0,,0,,0,,0,,1,,0,,0,,0,,0,,0,,0
2025-11-20,PROD_014,Sveltus Kettlebell 12kg,Fitness,Pesa Rusa,40,False,,40.51,,2025,11,20,Thursday,3,4,47,30,0,0,0,0,0,0,0,0,10,41,41,,,,,,,,,1.274999999999995,,,Sveltus Kettlebell 12kg,Fitness,Pesa Rusa,,0,,0,,0,,0,,0,,0,,0,,0,,0,,0,,0,,0,,0,,0,,0,,0,,0,,0,,0,,0,,0,,1,,0,,0,,1,,0,,0,,0,,0,,0,,0,,0,,0,,0,,0,,0,,0,,1,,0,,0,,0,,0,,0,,0
2025-11-21,PROD_014,Sveltus Kettlebell 12kg,Fitness,Pesa Rusa,40,False,,40.55,,2025,11,21,Friday,4,4,47,30,0,0,0,0,0,0,0,0,9,40,40,,,,,,,,,1.374999999999993,,,Sveltus Kettlebell 12kg,Fitness,Pesa Rusa,,0,,0,,0,,0,,0,,0,,0,,0,,0,,0,,0,,0,,0,,0,,0,,0,,0,,0,,0,,0,,0,,1,,0,,0,,1,,0,,0,,0,,0,,0,,0,,0,,0,,0,,0,,0,,0,,1,,0,,0,,0,,0,,0,,0
2025-11-22,PROD_014,Sveltus Kettlebell 12kg,Fitness,Pesa Rusa,40,False,,40.25,,2025,11,22,Saturday,5,4,47,30,1,0,0,0,0,0,0,0,8,39,39,,,,,,,,,0.625,,,Sveltus Kettlebell 12kg,Fitness,Pesa Rusa,,0,,0,,0,,0,,0,,0,,0,,0,,0,,0,,0,,0,,0,,0,,0,,0,,0,,0,,0,,0,,0,,1,,0,,0,,1,,0,,0,,0,,0,,0,,0,,0,,0,,0,,0,,0,,0,,1,,0,,0,,0,,0,,0,,0
2025-11-23,PROD_014,Sveltus Kettlebell 12kg,Fitness,Pesa Rusa,40,False,,40.51,,2025,11,23,Sunday,6,4,47,30,1,0,0,0,0,0,0,0,7,38,38,,,,,,,,,1.274999999999995,,,Sveltus Kettlebell 12kg,Fitness,Pesa Rusa,,0,,0,,0,,0,,0,,0,,0,,0,,0,,0,,0,,0,,0,,0,,0,,0,,0,,0,,0,,0,,0,,1,,0,,0,,1,,0,,0,,0,,0,,0,,0,,0,,0,,0,,0,,0,,0,,1,,0,,0,,0,,0,,0,,0
2025-11-24,PROD_014,Sveltus Kettlebell 12kg,Fitness,Pesa Rusa,40,False,,40.55,,2025,11,24,Monday,0,4,48,30,0,0,0,0,0,0,0,0,6,37,37,,,,,,,,,1.374999999999993,,,Sveltus Kettlebell 12kg,Fitness,Pesa Rusa,,0,,0,,0,,0,,0,,0,,0,,0,,0,,0,,0,,0,,0,,0,,0,,0,,0,,0,,0,,0,,0,,1,,0,,0,,1,,0,,0,,0,,0,,0,,0,,0,,0,,0,,0,,0,,0,,1,,0,,0,,0,,0,,0,,0
2025-11-25,PROD_014,Sveltus Kettlebell 12kg,Fitness,Pesa Rusa,40,False,,39.68,,2025,11,25,Tuesday,1,4,48,30,0,0,0,0,0,0,0,0,5,36,36,,,,,,,,,-0.8000000000000007,,,Sveltus Kettlebell 12kg,Fitness,Pesa Rusa,,0,,0,,0,,0,,0,,0,,0,,0,,0,,0,,0,,0,,0,,0,,0,,0,,0,,0,,0,,0,,0,,1,,0,,0,,1,,0,,0,,0,,0,,0,,0,,0,,0,,0,,0,,0,,0,,1,,0,,0,,0,,0,,0,,0
2025-11-26,PROD_014,Sveltus Kettlebell 12kg,Fitness,Pesa Rusa,40,False,,40.6,,2025,11,26,Wednesday,2,4,48,30,0,0,0,0,0,0,0,0,4,35,35,,,,,,,,,1.5000000000000036,,,Sveltus Kettlebell 12kg,Fitness,Pesa Rusa,,0,,0,,0,,0,,0,,0,,0,,0,,0,,0,,0,,0,,0,,0,,0,,0,,0,,0,,0,,0,,0,,1,,0,,0,,1,,0,,0,,0,,0,,0,,0,,0,,0,,0,,0,,0,,0,,1,,0,,0,,0,,0,,0,,0
2025-11-27,PROD_014,Sveltus Kettlebell 12kg,Fitness,Pesa Rusa,40,False,,39.21,,2025,11,27,Thursday,3,4,48,30,0,0,0,0,0,0,0,0,3,34,34,,,,,,,,,-1.9749999999999979,,,Sveltus Kettlebell 12kg,Fitness,Pesa Rusa,,0,,0,,0,,0,,0,,0,,0,,0,,0,,0,,0,,0,,0,,0,,0,,0,,0,,0,,0,,0,,0,,1,,0,,0,,1,,0,,0,,0,,0,,0,,0,,0,,0,,0,,0,,0,,0,,1,,0,,0,,0,,0,,0,,0
2025-11-28,PROD_014,Sveltus Kettlebell 12kg,Fitness,Pesa Rusa,40,False,,34.0,,2025,11,28,Friday,4,4,48,30,0,0,1,0,0,0,0,0,2,33,33,,,,,,,,,-15.0,,,Sveltus Kettlebell 12kg,Fitness,Pesa Rusa,,0,,0,,0,,0,,0,,0,,0,,0,,0,,0,,0,,0,,0,,0,,0,,0,,0,,0,,0,,0,,0,,1,,0,,0,,1,,0,,0,,0,,0,,0,,0,,0,,0,,0,,0,,0,,0,,1,,0,,0,,0,,0,,0,,0
2025-11-29,PROD_014,Sveltus Kettlebell 12kg,Fitness,Pesa Rusa,40,False,,40.19,,2025,11,29,Saturday,5,4,48,30,1,0,0,0,0,0,0,0,1,32,32,,,,,,,,,0.47499999999999437,,,Sveltus Kettlebell 12kg,Fitness,Pesa Rusa,,0,,0,,0,,0,,0,,0,,0,,0,,0,,0,,0,,0,,0,,0,,0,,0,,0,,0,,0,,0,,0,,1,,0,,0,,1,,0,,0,,0,,0,,0,,0,,0,,0,,0,,0,,0,,0,,1,,0,,0,,0,,0,,0,,0
2025-11-30,PROD_014,Sveltus Kettlebell 12kg,Fitness,Pesa Rusa,40,False,,39.21,,2025,11,30,Sunday,6,4,48,30,1,0,0,0,0,0,0,0,0,31,31,,,,,,,,,-1.9749999999999979,,,Sveltus Kettlebell 12kg,Fitness,Pesa Rusa,,0,,0,,0,,0,,0,,0,,0,,0,,0,,0,,0,,0,,0,,0,,0,,0,,0,,0,,0,,0,,0,,1,,0,,0,,1,,0,,0,,0,,0,,0,,0,,0,,0,,0,,0,,0,,0,,1,,0,,0,,0,,0,,0,,0
2025-11-01,PROD_015,Salomon Speedcross 5 GTX,Outdoor,Zapatillas Trail,150,True,,150.0,,2025,11,1,Saturday,5,4,44,30,1,1,0,0,0,0,0,0,29,60,60,4.0,3.0,5.0,4.0,5.0,5.0,6.0,4.571428571428571,0.0,,,Salomon Speedcross 5 GTX,Outdoor,Zapatillas Trail,,0,,0,,0,,0,,0,,0,,0,,0,,0,,0,,0,,0,,0,,0,,0,,0,,0,,0,,0,,0,,1,,0,,0,,0,,0,,1,,0,,0,,0,,0,,0,,0,,0,,0,,0,,0,,0,,0,,0,,0,,0,,0,,0,,1
2025-11-02,PROD_015,Salomon Speedcross 5 GTX,Outdoor,Zapatillas Trail,150,True,,150.0,,2025,11,2,Sunday,6,4,44,30,1,0,0,0,0,0,0,0,28,59,59,,4.0,3.0,5.0,4.0,5.0,5.0,4.333333333333333,0.0,,,Salomon Speedcross 5 GTX,Outdoor,Zapatillas Trail,,0,,0,,0,,0,,0,,0,,0,,0,,0,,0,,0,,0,,0,,0,,0,,0,,0,,0,,0,,0,,1,,0,,0,,0,,0,,1,,0,,0,,0,,0,,0,,0,,0,,0,,0,,0,,0,,0,,0,,0,,0,,0,,0,,1
2025-11-03,PROD_015,Salomon Speedcross 5 GTX,Outdoor,Zapatillas Trail,150,True,,150.0,,2025,11,3,Monday,0,4,45,30,0,0,0,0,0,0,0,0,27,58,58,,,4.0,3.0,5.0,4.0,5.0,4.2,0.0,,,Salomon Speedcross 5 GTX,Outdoor,Zapatillas Trail,,0,,0,,0,,0,,0,,0,,0,,0,,0,,0,,0,,0,,0,,0,,0,,0,,0,,0,,0,,0,,1,,0,,0,,0,,0,,1,,0,,0,,0,,0,,0,,0,,0,,0,,0,,0,,0,,0,,0,,0,,0,,0,,0,,1
2025-11-04,PROD_015,Salomon Speedcross 5 GTX,Outdoor,Zapatillas Trail,150,True,,150.0,,2025,11,4,Tuesday,1,4,45,30,0,0,0,0,0,0,0,0,26,57,57,,,,4.0,3.0,5.0,4.0,4.0,0.0,,,Salomon Speedcross 5 GTX,Outdoor,Zapatillas Trail,,0,,0,,0,,0,,0,,0,,0,,0,,0,,0,,0,,0,,0,,0,,0,,0,,0,,0,,0,,0,,1,,0,,0,,0,,0,,1,,0,,0,,0,,0,,0,,0,,0,,0,,0,,0,,0,,0,,0,,0,,0,,0,,0,,1
2025-11-05,PROD_015,Salomon Speedcross 5 GTX,Outdoor,Zapatillas Trail,150,True,,150.0,,2025,11,5,Wednesday,2,4,45,30,0,0,0,0,0,0,0,0,25,56,56,,,,,4.0,3.0,5.0,4.0,0.0,,,Salomon Speedcross 5 GTX,Outdoor,Zapatillas Trail,,0,,0,,0,,0,,0,,0,,0,,0,,0,,0,,0,,0,,0,,0,,0,,0,,0,,0,,0,,0,,1,,0,,0,,0,,0,,1,,0,,0,,0,,0,,0,,0,,0,,0,,0,,0,,0,,0,,0,,0,,0,,0,,0,,1
2025-11-06,PROD_015,Salomon Speedcross 5 GTX,Outdoor,Zapatillas Trail,150,True,,150.0,,2025,11,6,Thursday,3,4,45,30,0,0,0,0,0,0,0,0,24,55,55,,,,,,4.0,3.0,3.5,0.0,,,Salomon Speedcross 5 GTX,Outdoor,Zapatillas Trail,,0,,0,,0,,0,,0,,0,,0,,0,,0,,0,,0,,0,,0,,0,,0,,0,,0,,0,,0,,0,,1,,0,,0,,0,,0,,1,,0,,0,,0,,0,,0,,0,,0,,0,,0,,0,,0,,0,,0,,0,,0,,0,,0,,1
2025-11-07,PROD_015,Salomon Speedcross 5 GTX,Outdoor,Zapatillas Trail,150,True,,150.0,,2025,11,7,Friday,4,4,45,30,0,0,0,0,0,0,0,0,23,54,54,,,,,,,4.0,4.0,0.0,,,Salomon Speedcross 5 GTX,Outdoor,Zapatillas Trail,,0,,0,,0,,0,,0,,0,,0,,0,,0,,0,,0,,0,,0,,0,,0,,0,,0,,0,,0,,0,,1,,0,,0,,0,,0,,1,,0,,0,,0,,0,,0,,0,,0,,0,,0,,0,,0,,0,,0,,0,,0,,0,,0,,1
2025-11-08,PROD_015,Salomon Speedcross 5 GTX,Outdoor,Zapatillas Trail,150,True,,150.0,,2025,11,8,Saturday,5,4,45,30,1,0,0,0,0,0,0,0,22,53,53,,,,,,,,,0.0,,,Salomon Speedcross 5 GTX,Outdoor,Zapatillas Trail,,0,,0,,0,,0,,0,,0,,0,,0,,0,,0,,0,,0,,0,,0,,0,,0,,0,,0,,0,,0,,1,,0,,0,,0,,0,,1,,0,,0,,0,,0,,0,,0,,0,,0,,0,,0,,0,,0,,0,,0,,0,,0,,0,,1
2025-11-09,PROD_015,Salomon Speedcross 5 GTX,Outdoor,Zapatillas Trail,150,True,,150.0,,2025,11,9,Sunday,6,4,45,30,1,0,0,0,0,0,0,0,21,52,52,,,,,,,,,0.0,,,Salomon Speedcross 5 GTX,Outdoor,Zapatillas Trail,,0,,0,,0,,0,,0,,0,,0,,0,,0,,0,,0,,0,,0,,0,,0,,0,,0,,0,,0,,0,,1,,0,,0,,0,,0,,1,,0,,0,,0,,0,,0,,0,,0,,0,,0,,0,,0,,0,,0,,0,,0,,0,,0,,1
2025-11-10,PROD_015,Salomon Speedcross 5 GTX,Outdoor,Zapatillas Trail,150,True,,150.0,,2025,11,10,Monday,0,4,46,30,0,0,0,0,0,0,0,0,20,51,51,,,,,,,,,0.0,,,Salomon Speedcross 5 GTX,Outdoor,Zapatillas Trail,,0,,0,,0,,0,,0,,0,,0,,0,,0,,0,,0,,0,,0,,0,,0,,0,,0,,0,,0,,0,,1,,0,,0,,0,,0,,1,,0,,0,,0,,0,,0,,0,,0,,0,,0,,0,,0,,0,,0,,0,,0,,0,,0,,1
2025-11-11,PROD_015,Salomon Speedcross 5 GTX,Outdoor,Zapatillas Trail,150,True,,150.0,,2025,11,11,Tuesday,1,4,46,30,0,0,0,0,0,0,0,0,19,50,50,,,,,,,,,0.0,,,Salomon Speedcross 5 GTX,Outdoor,Zapatillas Trail,,0,,0,,0,,0,,0,,0,,0,,0,,0,,0,,0,,0,,0,,0,,0,,0,,0,,0,,0,,0,,1,,0,,0,,0,,0,,1,,0,,0,,0,,0,,0,,0,,0,,0,,0,,0,,0,,0,,0,,0,,0,,0,,0,,1
2025-11-12,PROD_015,Salomon Speedcross 5 GTX,Outdoor,Zapatillas Trail,150,True,,150.0,,2025,11,12,Wednesday,2,4,46,30,0,0,0,0,0,0,0,0,18,49,49,,,,,,,,,0.0,,,Salomon Speedcross 5 GTX,Outdoor,Zapatillas Trail,,0,,0,,0,,0,,0,,0,,0,,0,,0,,0,,0,,0,,0,,0,,0,,0,,0,,0,,0,,0,,1,,0,,0,,0,,0,,1,,0,,0,,0,,0,,0,,0,,0,,0,,0,,0,,0,,0,,0,,0,,0,,0,,0,,1
2025-11-13,PROD_015,Salomon Speedcross 5 GTX,Outdoor,Zapatillas Trail,150,True,,150.0,,2025,11,13,Thursday,3,4,46,30,0,0,0,0,0,0,0,0,17,48,48,,,,,,,,,0.0,,,Salomon Speedcross 5 GTX,Outdoor,Zapatillas Trail,,0,,0,,0,,0,,0,,0,,0,,0,,0,,0,,0,,0,,0,,0,,0,,0,,0,,0,,0,,0,,1,,0,,0,,0,,0,,1,,0,,0,,0,,0,,0,,0,,0,,0,,0,,0,,0,,0,,0,,0,,0,,0,,0,,1
2025-11-14,PROD_015,Salomon Speedcross 5 GTX,Outdoor,Zapatillas Trail,150,True,,150.0,,2025,11,14,Friday,4,4,46,30,0,0,0,0,0,0,0,0,16,47,47,,,,,,,,,0.0,,,Salomon Speedcross 5 GTX,Outdoor,Zapatillas Trail,,0,,0,,0,,0,,0,,0,,0,,0,,0,,0,,0,,0,,0,,0,,0,,0,,0,,0,,0,,0,,1,,0,,0,,0,,0,,1,,0,,0,,0,,0,,0,,0,,0,,0,,0,,0,,0,,0,,0,,0,,0,,0,,0,,1
2025-11-15,PROD_015,Salomon Speedcross 5 GTX,Outdoor,Zapatillas Trail,150,True,,150.0,,2025,11,15,Saturday,5,4,46,30,1,0,0,0,0,0,0,0,15,46,46,,,,,,,,,0.0,,,Salomon Speedcross 5 GTX,Outdoor,Zapatillas Trail,,0,,0,,0,,0,,0,,0,,0,,0,,0,,0,,0,,0,,0,,0,,0,,0,,0,,0,,0,,0,,1,,0,,0,,0,,0,,1,,0,,0,,0,,0,,0,,0,,0,,0,,0,,0,,0,,0,,0,,0,,0,,0,,0,,1
2025-11-16,PROD_015,Salomon Speedcross 5 GTX,Outdoor,Zapatillas Trail,150,True,,150.0,,2025,11,16,Sunday,6,4,46,30,1,0,0,0,0,0,0,0,14,45,45,,,,,,,,,0.0,,,Salomon Speedcross 5 GTX,Outdoor,Zapatillas Trail,,0,,0,,0,,0,,0,,0,,0,,0,,0,,0,,0,,0,,0,,0,,0,,0,,0,,0,,0,,0,,1,,0,,0,,0,,0,,1,,0,,0,,0,,0,,0,,0,,0,,0,,0,,0,,0,,0,,0,,0,,0,,0,,0,,1
2025-11-17,PROD_015,Salomon Speedcross 5 GTX,Outdoor,Zapatillas Trail,150,True,,150.0,,2025,11,17,Monday,0,4,47,30,0,0,0,0,0,0,0,0,13,44,44,,,,,,,,,0.0,,,Salomon Speedcross 5 GTX,Outdoor,Zapatillas Trail,,0,,0,,0,,0,,0,,0,,0,,0,,0,,0,,0,,0,,0,,0,,0,,0,,0,,0,,0,,0,,1,,0,,0,,0,,0,,1,,0,,0,,0,,0,,0,,0,,0,,0,,0,,0,,0,,0,,0,,0,,0,,0,,0,,1
2025-11-18,PROD_015,Salomon Speedcross 5 GTX,Outdoor,Zapatillas Trail,150,True,,150.0,,2025,11,18,Tuesday,1,4,47,30,0,0,0,0,0,0,0,0,12,43,43,,,,,,,,,0.0,,,Salomon Speedcross 5 GTX,Outdoor,Zapatillas Trail,,0,,0,,0,,0,,0,,0,,0,,0,,0,,0,,0,,0,,0,,0,,0,,0,,0,,0,,0,,0,,1,,0,,0,,0,,0,,1,,0,,0,,0,,0,,0,,0,,0,,0,,0,,0,,0,,0,,0,,0,,0,,0,,0,,1
2025-11-19,PROD_015,Salomon Speedcross 5 GTX,Outdoor,Zapatillas Trail,150,True,,150.0,,2025,11,19,Wednesday,2,4,47,30,0,0,0,0,0,0,0,0,11,42,42,,,,,,,,,0.0,,,Salomon Speedcross 5 GTX,Outdoor,Zapatillas Trail,,0,,0,,0,,0,,0,,0,,0,,0,,0,,0,,0,,0,,0,,0,,0,,0,,0,,0,,0,,0,,1,,0,,0,,0,,0,,1,,0,,0,,0,,0,,0,,0,,0,,0,,0,,0,,0,,0,,0,,0,,0,,0,,0,,1
2025-11-20,PROD_015,Salomon Speedcross 5 GTX,Outdoor,Zapatillas Trail,150,True,,150.0,,2025,11,20,Thursday,3,4,47,30,0,0,0,0,0,0,0,0,10,41,41,,,,,,,,,0.0,,,Salomon Speedcross 5 GTX,Outdoor,Zapatillas Trail,,0,,0,,0,,0,,0,,0,,0,,0,,0,,0,,0,,0,,0,,0,,0,,0,,0,,0,,0,,0,,1,,0,,0,,0,,0,,1,,0,,0,,0,,0,,0,,0,,0,,0,,0,,0,,0,,0,,0,,0,,0,,0,,0,,1
2025-11-21,PROD_015,Salomon Speedcross 5 GTX,Outdoor,Zapatillas Trail,150,True,,150.0,,2025,11,21,Friday,4,4,47,30,0,0,0,0,0,0,0,0,9,40,40,,,,,,,,,0.0,,,Salomon Speedcross 5 GTX,Outdoor,Zapatillas Trail,,0,,0,,0,,0,,0,,0,,0,,0,,0,,0,,0,,0,,0,,0,,0,,0,,0,,0,,0,,0,,1,,0,,0,,0,,0,,1,,0,,0,,0,,0,,0,,0,,0,,0,,0,,0,,0,,0,,0,,0,,0,,0,,0,,1
2025-11-22,PROD_015,Salomon Speedcross 5 GTX,Outdoor,Zapatillas Trail,150,True,,150.0,,2025,11,22,Saturday,5,4,47,30,1,0,0,0,0,0,0,0,8,39,39,,,,,,,,,0.0,,,Salomon Speedcross 5 GTX,Outdoor,Zapatillas Trail,,0,,0,,0,,0,,0,,0,,0,,0,,0,,0,,0,,0,,0,,0,,0,,0,,0,,0,,0,,0,,1,,0,,0,,0,,0,,1,,0,,0,,0,,0,,0,,0,,0,,0,,0,,0,,0,,0,,0,,0,,0,,0,,0,,1
2025-11-23,PROD_015,Salomon Speedcross 5 GTX,Outdoor,Zapatillas Trail,150,True,,150.0,,2025,11,23,Sunday,6,4,47,30,1,0,0,0,0,0,0,0,7,38,38,,,,,,,,,0.0,,,Salomon Speedcross 5 GTX,Outdoor,Zapatillas Trail,,0,,0,,0,,0,,0,,0,,0,,0,,0,,0,,0,,0,,0,,0,,0,,0,,0,,0,,0,,0,,1,,0,,0,,0,,0,,1,,0,,0,,0,,0,,0,,0,,0,,0,,0,,0,,0,,0,,0,,0,,0,,0,,0,,1
2025-11-24,PROD_015,Salomon Speedcross 5 GTX,Outdoor,Zapatillas Trail,150,True,,150.0,,2025,11,24,Monday,0,4,48,30,0,0,0,0,0,0,0,0,6,37,37,,,,,,,,,0.0,,,Salomon Speedcross 5 GTX,Outdoor,Zapatillas Trail,,0,,0,,0,,0,,0,,0,,0,,0,,0,,0,,0,,0,,0,,0,,0,,0,,0,,0,,0,,0,,1,,0,,0,,0,,0,,1,,0,,0,,0,,0,,0,,0,,0,,0,,0,,0,,0,,0,,0,,0,,0,,0,,0,,1
2025-11-25,PROD_015,Salomon Speedcross 5 GTX,Outdoor,Zapatillas Trail,150,True,,150.0,,2025,11,25,Tuesday,1,4,48,30,0,0,0,0,0,0,0,0,5,36,36,,,,,,,,,0.0,,,Salomon Speedcross 5 GTX,Outdoor,Zapatillas Trail,,0,,0,,0,,0,,0,,0,,0,,0,,0,,0,,0,,0,,0,,0,,0,,0,,0,,0,,0,,0,,1,,0,,0,,0,,0,,1,,0,,0,,0,,0,,0,,0,,0,,0,,0,,0,,0,,0,,0,,0,,0,,0,,0,,1
2025-11-26,PROD_015,Salomon Speedcross 5 GTX,Outdoor,Zapatillas Trail,150,True,,150.0,,2025,11,26,Wednesday,2,4,48,30,0,0,0,0,0,0,0,0,4,35,35,,,,,,,,,0.0,,,Salomon Speedcross 5 GTX,Outdoor,Zapatillas Trail,,0,,0,,0,,0,,0,,0,,0,,0,,0,,0,,0,,0,,0,,0,,0,,0,,0,,0,,0,,0,,1,,0,,0,,0,,0,,1,,0,,0,,0,,0,,0,,0,,0,,0,,0,,0,,0,,0,,0,,0,,0,,0,,0,,1
2025-11-27,PROD_015,Salomon Speedcross 5 GTX,Outdoor,Zapatillas Trail,150,True,,150.0,,2025,11,27,Thursday,3,4,48,30,0,0,0,0,0,0,0,0,3,34,34,,,,,,,,,0.0,,,Salomon Speedcross 5 GTX,Outdoor,Zapatillas Trail,,0,,0,,0,,0,,0,,0,,0,,0,,0,,0,,0,,0,,0,,0,,0,,0,,0,,0,,0,,0,,1,,0,,0,,0,,0,,1,,0,,0,,0,,0,,0,,0,,0,,0,,0,,0,,0,,0,,0,,0,,0,,0,,0,,1
2025-11-28,PROD_015,Salomon Speedcross 5 GTX,Outdoor,Zapatillas Trail,150,True,,127.5,,2025,11,28,Friday,4,4,48,30,0,0,1,0,0,0,0,0,2,33,33,,,,,,,,,-15.0,,,Salomon Speedcross 5 GTX,Outdoor,Zapatillas Trail,,0,,0,,0,,0,,0,,0,,0,,0,,0,,0,,0,,0,,0,,0,,0,,0,,0,,0,,0,,0,,1,,0,,0,,0,,0,,1,,0,,0,,0,,0,,0,,0,,0,,0,,0,,0,,0,,0,,0,,0,,0,,0,,0,,1
2025-11-29,PROD_015,Salomon Speedcross 5 GTX,Outdoor,Zapatillas Trail,150,True,,150.0,,2025,11,29,Saturday,5,4,48,30,1,0,0,0,0,0,0,0,1,32,32,,,,,,,,,0.0,,,Salomon Speedcross 5 GTX,Outdoor,Zapatillas Trail,,0,,0,,0,,0,,0,,0,,0,,0,,0,,0,,0,,0,,0,,0,,0,,0,,0,,0,,0,,0,,1,,0,,0,,0,,0,,1,,0,,0,,0,,0,,0,,0,,0,,0,,0,,0,,0,,0,,0,,0,,0,,0,,0,,1
2025-11-30,PROD_015,Salomon Speedcross 5 GTX,Outdoor,Zapatillas Trail,150,True,,150.0,,2025,11,30,Sunday,6,4,48,30,1,0,0,0,0,0,0,0,0,31,31,,,,,,,,,0.0,,,Salomon Speedcross 5 GTX,Outdoor,Zapatillas Trail,,0,,0,,0,,0,,0,,0,,0,,0,,0,,0,,0,,0,,0,,0,,0,,0,,0,,0,,0,,0,,1,,0,,0,,0,,0,,1,,0,,0,,0,,0,,0,,0,,0,,0,,0,,0,,0,,0,,0,,0,,0,,0,,0,,1
2025-11-01,PROD_016,Trek Marlin 7,Outdoor,Bicicleta Montaña,830,True,,830.0,,2025,11,1,Saturday,5,4,44,30,1,1,0,0,0,0,0,0,29,60,60,3.0,3.0,3.0,3.0,3.0,4.0,5.0,3.4285714285714284,0.0,,,Trek Marlin 7,Outdoor,Bicicleta Montaña,,0,,0,,0,,0,,0,,0,,0,,0,,0,,0,,0,,0,,0,,0,,0,,0,,0,,0,,0,,0,,0,,0,,0,,1,,0,,1,,0,,0,,0,,0,,1,,0,,0,,0,,0,,0,,0,,0,,0,,0,,0,,0,,0,,0
2025-11-02,PROD_016,Trek Marlin 7,Outdoor,Bicicleta Montaña,830,True,,830.0,,2025,11,2,Sunday,6,4,44,30,1,0,0,0,0,0,0,0,28,59,59,,3.0,3.0,3.0,3.0,3.0,4.0,3.1666666666666665,0.0,,,Trek Marlin 7,Outdoor,Bicicleta Montaña,,0,,0,,0,,0,,0,,0,,0,,0,,0,,0,,0,,0,,0,,0,,0,,0,,0,,0,,0,,0,,0,,0,,0,,1,,0,,1,,0,,0,,0,,0,,1,,0,,0,,0,,0,,0,,0,,0,,0,,0,,0,,0,,0,,0
2025-11-03,PROD_016,Trek Marlin 7,Outdoor,Bicicleta Montaña,830,True,,830.0,,2025,11,3,Monday,0,4,45,30,0,0,0,0,0,0,0,0,27,58,58,,,3.0,3.0,3.0,3.0,3.0,3.0,0.0,,,Trek Marlin 7,Outdoor,Bicicleta Montaña,,0,,0,,0,,0,,0,,0,,0,,0,,0,,0,,0,,0,,0,,0,,0,,0,,0,,0,,0,,0,,0,,0,,0,,1,,0,,1,,0,,0,,0,,0,,1,,0,,0,,0,,0,,0,,0,,0,,0,,0,,0,,0,,0,,0
2025-11-04,PROD_016,Trek Marlin 7,Outdoor,Bicicleta Montaña,830,True,,830.0,,2025,11,4,Tuesday,1,4,45,30,0,0,0,0,0,0,0,0,26,57,57,,,,3.0,3.0,3.0,3.0,3.0,0.0,,,Trek Marlin 7,Outdoor,Bicicleta Montaña,,0,,0,,0,,0,,0,,0,,0,,0,,0,,0,,0,,0,,0,,0,,0,,0,,0,,0,,0,,0,,0,,0,,0,,1,,0,,1,,0,,0,,0,,0,,1,,0,,0,,0,,0,,0,,0,,0,,0,,0,,0,,0,,0,,0
2025-11-05,PROD_016,Trek Marlin 7,Outdoor,Bicicleta Montaña,830,True,,830.0,,2025,11,5,Wednesday,2,4,45,30,0,0,0,0,0,0,0,0,25,56,56,,,,,3.0,3.0,3.0,3.0,0.0,,,Trek Marlin 7,Outdoor,Bicicleta Montaña,,0,,0,,0,,0,,0,,0,,0,,0,,0,,0,,0,,0,,0,,0,,0,,0,,0,,0,,0,,0,,0,,0,,0,,1,,0,,1,,0,,0,,0,,0,,1,,0,,0,,0,,0,,0,,0,,0,,0,,0,,0,,0,,0,,0
2025-11-06,PROD_016,Trek Marlin 7,Outdoor,Bicicleta Montaña,830,True,,830.0,,2025,11,6,Thursday,3,4,45,30,0,0,0,0,0,0,0,0,24,55,55,,,,,,3.0,3.0,3.0,0.0,,,Trek Marlin 7,Outdoor,Bicicleta Montaña,,0,,0,,0,,0,,0,,0,,0,,0,,0,,0,,0,,0,,0,,0,,0,,0,,0,,0,,0,,0,,0,,0,,0,,1,,0,,1,,0,,0,,0,,0,,1,,0,,0,,0,,0,,0,,0,,0,,0,,0,,0,,0,,0,,0
2025-11-07,PROD_016,Trek Marlin 7,Outdoor,Bicicleta Montaña,830,True,,830.0,,2025,11,7,Friday,4,4,45,30,0,0,0,0,0,0,0,0,23,54,54,,,,,,,3.0,3.0,0.0,,,Trek Marlin 7,Outdoor,Bicicleta Montaña,,0,,0,,0,,0,,0,,0,,0,,0,,0,,0,,0,,0,,0,,0,,0,,0,,0,,0,,0,,0,,0,,0,,0,,1,,0,,1,,0,,0,,0,,0,,1,,0,,0,,0,,0,,0,,0,,0,,0,,0,,0,,0,,0,,0
2025-11-08,PROD_016,Trek Marlin 7,Outdoor,Bicicleta Montaña,830,True,,830.0,,2025,11,8,Saturday,5,4,45,30,1,0,0,0,0,0,0,0,22,53,53,,,,,,,,,0.0,,,Trek Marlin 7,Outdoor,Bicicleta Montaña,,0,,0,,0,,0,,0,,0,,0,,0,,0,,0,,0,,0,,0,,0,,0,,0,,0,,0,,0,,0,,0,,0,,0,,1,,0,,1,,0,,0,,0,,0,,1,,0,,0,,0,,0,,0,,0,,0,,0,,0,,0,,0,,0,,0
2025-11-09,PROD_016,Trek Marlin 7,Outdoor,Bicicleta Montaña,830,True,,830.0,,2025,11,9,Sunday,6,4,45,30,1,0,0,0,0,0,0,0,21,52,52,,,,,,,,,0.0,,,Trek Marlin 7,Outdoor,Bicicleta Montaña,,0,,0,,0,,0,,0,,0,,0,,0,,0,,0,,0,,0,,0,,0,,0,,0,,0,,0,,0,,0,,0,,0,,0,,1,,0,,1,,0,,0,,0,,0,,1,,0,,0,,0,,0,,0,,0,,0,,0,,0,,0,,0,,0,,0
2025-11-10,PROD_016,Trek Marlin 7,Outdoor,Bicicleta Montaña,830,True,,830.0,,2025,11,10,Monday,0,4,46,30,0,0,0,0,0,0,0,0,20,51,51,,,,,,,,,0.0,,,Trek Marlin 7,Outdoor,Bicicleta Montaña,,0,,0,,0,,0,,0,,0,,0,,0,,0,,0,,0,,0,,0,,0,,0,,0,,0,,0,,0,,0,,0,,0,,0,,1,,0,,1,,0,,0,,0,,0,,1,,0,,0,,0,,0,,0,,0,,0,,0,,0,,0,,0,,0,,0
2025-11-11,PROD_016,Trek Marlin 7,Outdoor,Bicicleta Montaña,830,True,,830.0,,2025,11,11,Tuesday,1,4,46,30,0,0,0,0,0,0,0,0,19,50,50,,,,,,,,,0.0,,,Trek Marlin 7,Outdoor,Bicicleta Montaña,,0,,0,,0,,0,,0,,0,,0,,0,,0,,0,,0,,0,,0,,0,,0,,0,,0,,0,,0,,0,,0,,0,,0,,1,,0,,1,,0,,0,,0,,0,,1,,0,,0,,0,,0,,0,,0,,0,,0,,0,,0,,0,,0,,0
2025-11-12,PROD_016,Trek Marlin 7,Outdoor,Bicicleta Montaña,830,True,,830.0,,2025,11,12,Wednesday,2,4,46,30,0,0,0,0,0,0,0,0,18,49,49,,,,,,,,,0.0,,,Trek Marlin 7,Outdoor,Bicicleta Montaña,,0,,0,,0,,0,,0,,0,,0,,0,,0,,0,,0,,0,,0,,0,,0,,0,,0,,0,,0,,0,,0,,0,,0,,1,,0,,1,,0,,0,,0,,0,,1,,0,,0,,0,,0,,0,,0,,0,,0,,0,,0,,0,,0,,0
2025-11-13,PROD_016,Trek Marlin 7,Outdoor,Bicicleta Montaña,830,True,,830.0,,2025,11,13,Thursday,3,4,46,30,0,0,0,0,0,0,0,0,17,48,48,,,,,,,,,0.0,,,Trek Marlin 7,Outdoor,Bicicleta Montaña,,0,,0,,0,,0,,0,,0,,0,,0,,0,,0,,0,,0,,0,,0,,0,,0,,0,,0,,0,,0,,0,,0,,0,,1,,0,,1,,0,,0,,0,,0,,1,,0,,0,,0,,0,,0,,0,,0,,0,,0,,0,,0,,0,,0
2025-11-14,PROD_016,Trek Marlin 7,Outdoor,Bicicleta Montaña,830,True,,830.0,,2025,11,14,Friday,4,4,46,30,0,0,0,0,0,0,0,0,16,47,47,,,,,,,,,0.0,,,Trek Marlin 7,Outdoor,Bicicleta Montaña,,0,,0,,0,,0,,0,,0,,0,,0,,0,,0,,0,,0,,0,,0,,0,,0,,0,,0,,0,,0,,0,,0,,0,,1,,0,,1,,0,,0,,0,,0,,1,,0,,0,,0,,0,,0,,0,,0,,0,,0,,0,,0,,0,,0
2025-11-15,PROD_016,Trek Marlin 7,Outdoor,Bicicleta Montaña,830,True,,830.0,,2025,11,15,Saturday,5,4,46,30,1,0,0,0,0,0,0,0,15,46,46,,,,,,,,,0.0,,,Trek Marlin 7,Outdoor,Bicicleta Montaña,,0,,0,,0,,0,,0,,0,,0,,0,,0,,0,,0,,0,,0,,0,,0,,0,,0,,0,,0,,0,,0,,0,,0,,1,,0,,1,,0,,0,,0,,0,,1,,0,,0,,0,,0,,0,,0,,0,,0,,0,,0,,0,,0,,0
2025-11-16,PROD_016,Trek Marlin 7,Outdoor,Bicicleta Montaña,830,True,,830.0,,2025,11,16,Sunday,6,4,46,30,1,0,0,0,0,0,0,0,14,45,45,,,,,,,,,0.0,,,Trek Marlin 7,Outdoor,Bicicleta Montaña,,0,,0,,0,,0,,0,,0,,0,,0,,0,,0,,0,,0,,0,,0,,0,,0,,0,,0,,0,,0,,0,,0,,0,,1,,0,,1,,0,,0,,0,,0,,1,,0,,0,,0,,0,,0,,0,,0,,0,,0,,0,,0,,0,,0
2025-11-17,PROD_016,Trek Marlin 7,Outdoor,Bicicleta Montaña,830,True,,830.0,,2025,11,17,Monday,0,4,47,30,0,0,0,0,0,0,0,0,13,44,44,,,,,,,,,0.0,,,Trek Marlin 7,Outdoor,Bicicleta Montaña,,0,,0,,0,,0,,0,,0,,0,,0,,0,,0,,0,,0,,0,,0,,0,,0,,0,,0,,0,,0,,0,,0,,0,,1,,0,,1,,0,,0,,0,,0,,1,,0,,0,,0,,0,,0,,0,,0,,0,,0,,0,,0,,0,,0
2025-11-18,PROD_016,Trek Marlin 7,Outdoor,Bicicleta Montaña,830,True,,830.0,,2025,11,18,Tuesday,1,4,47,30,0,0,0,0,0,0,0,0,12,43,43,,,,,,,,,0.0,,,Trek Marlin 7,Outdoor,Bicicleta Montaña,,0,,0,,0,,0,,0,,0,,0,,0,,0,,0,,0,,0,,0,,0,,0,,0,,0,,0,,0,,0,,0,,0,,0,,1,,0,,1,,0,,0,,0,,0,,1,,0,,0,,0,,0,,0,,0,,0,,0,,0,,0,,0,,0,,0
2025-11-19,PROD_016,Trek Marlin 7,Outdoor,Bicicleta Montaña,830,True,,830.0,,2025,11,19,Wednesday,2,4,47,30,0,0,0,0,0,0,0,0,11,42,42,,,,,,,,,0.0,,,Trek Marlin 7,Outdoor,Bicicleta Montaña,,0,,0,,0,,0,,0,,0,,0,,0,,0,,0,,0,,0,,0,,0,,0,,0,,0,,0,,0,,0,,0,,0,,0,,1,,0,,1,,0,,0,,0,,0,,1,,0,,0,,0,,0,,0,,0,,0,,0,,0,,0,,0,,0,,0
2025-11-20,PROD_016,Trek Marlin 7,Outdoor,Bicicleta Montaña,830,True,,830.0,,2025,11,20,Thursday,3,4,47,30,0,0,0,0,0,0,0,0,10,41,41,,,,,,,,,0.0,,,Trek Marlin 7,Outdoor,Bicicleta Montaña,,0,,0,,0,,0,,0,,0,,0,,0,,0,,0,,0,,0,,0,,0,,0,,0,,0,,0,,0,,0,,0,,0,,0,,1,,0,,1,,0,,0,,0,,0,,1,,0,,0,,0,,0,,0,,0,,0,,0,,0,,0,,0,,0,,0
2025-11-21,PROD_016,Trek Marlin 7,Outdoor,Bicicleta Montaña,830,True,,830.0,,2025,11,21,Friday,4,4,47,30,0,0,0,0,0,0,0,0,9,40,40,,,,,,,,,0.0,,,Trek Marlin 7,Outdoor,Bicicleta Montaña,,0,,0,,0,,0,,0,,0,,0,,0,,0,,0,,0,,0,,0,,0,,0,,0,,0,,0,,0,,0,,0,,0,,0,,1,,0,,1,,0,,0,,0,,0,,1,,0,,0,,0,,0,,0,,0,,0,,0,,0,,0,,0,,0,,0
2025-11-22,PROD_016,Trek Marlin 7,Outdoor,Bicicleta Montaña,830,True,,830.0,,2025,11,22,Saturday,5,4,47,30,1,0,0,0,0,0,0,0,8,39,39,,,,,,,,,0.0,,,Trek Marlin 7,Outdoor,Bicicleta Montaña,,0,,0,,0,,0,,0,,0,,0,,0,,0,,0,,0,,0,,0,,0,,0,,0,,0,,0,,0,,0,,0,,0,,0,,1,,0,,1,,0,,0,,0,,0,,1,,0,,0,,0,,0,,0,,0,,0,,0,,0,,0,,0,,0,,0
2025-11-23,PROD_016,Trek Marlin 7,Outdoor,Bicicleta Montaña,830,True,,830.0,,2025,11,23,Sunday,6,4,47,30,1,0,0,0,0,0,0,0,7,38,38,,,,,,,,,0.0,,,Trek Marlin 7,Outdoor,Bicicleta Montaña,,0,,0,,0,,0,,0,,0,,0,,0,,0,,0,,0,,0,,0,,0,,0,,0,,0,,0,,0,,0,,0,,0,,0,,1,,0,,1,,0,,0,,0,,0,,1,,0,,0,,0,,0,,0,,0,,0,,0,,0,,0,,0,,0,,0
2025-11-24,PROD_016,Trek Marlin 7,Outdoor,Bicicleta Montaña,830,True,,830.0,,2025,11,24,Monday,0,4,48,30,0,0,0,0,0,0,0,0,6,37,37,,,,,,,,,0.0,,,Trek Marlin 7,Outdoor,Bicicleta Montaña,,0,,0,,0,,0,,0,,0,,0,,0,,0,,0,,0,,0,,0,,0,,0,,0,,0,,0,,0,,0,,0,,0,,0,,1,,0,,1,,0,,0,,0,,0,,1,,0,,0,,0,,0,,0,,0,,0,,0,,0,,0,,0,,0,,0
2025-11-25,PROD_016,Trek Marlin 7,Outdoor,Bicicleta Montaña,830,True,,830.0,,2025,11,25,Tuesday,1,4,48,30,0,0,0,0,0,0,0,0,5,36,36,,,,,,,,,0.0,,,Trek Marlin 7,Outdoor,Bicicleta Montaña,,0,,0,,0,,0,,0,,0,,0,,0,,0,,0,,0,,0,,0,,0,,0,,0,,0,,0,,0,,0,,0,,0,,0,,1,,0,,1,,0,,0,,0,,0,,1,,0,,0,,0,,0,,0,,0,,0,,0,,0,,0,,0,,0,,0
2025-11-26,PROD_016,Trek Marlin 7,Outdoor,Bicicleta Montaña,830,True,,830.0,,2025,11,26,Wednesday,2,4,48,30,0,0,0,0,0,0,0,0,4,35,35,,,,,,,,,0.0,,,Trek Marlin 7,Outdoor,Bicicleta Montaña,,0,,0,,0,,0,,0,,0,,0,,0,,0,,0,,0,,0,,0,,0,,0,,0,,0,,0,,0,,0,,0,,0,,0,,1,,0,,1,,0,,0,,0,,0,,1,,0,,0,,0,,0,,0,,0,,0,,0,,0,,0,,0,,0,,0
2025-11-27,PROD_016,Trek Marlin 7,Outdoor,Bicicleta Montaña,830,True,,830.0,,2025,11,27,Thursday,3,4,48,30,0,0,0,0,0,0,0,0,3,34,34,,,,,,,,,0.0,,,Trek Marlin 7,Outdoor,Bicicleta Montaña,,0,,0,,0,,0,,0,,0,,0,,0,,0,,0,,0,,0,,0,,0,,0,,0,,0,,0,,0,,0,,0,,0,,0,,1,,0,,1,,0,,0,,0,,0,,1,,0,,0,,0,,0,,0,,0,,0,,0,,0,,0,,0,,0,,0
2025-11-28,PROD_016,Trek Marlin 7,Outdoor,Bicicleta Montaña,830,True,,705.5,,2025,11,28,Friday,4,4,48,30,0,0,1,0,0,0,0,0,2,33,33,,,,,,,,,-15.0,,,Trek Marlin 7,Outdoor,Bicicleta Montaña,,0,,0,,0,,0,,0,,0,,0,,0,,0,,0,,0,,0,,0,,0,,0,,0,,0,,0,,0,,0,,0,,0,,0,,1,,0,,1,,0,,0,,0,,0,,1,,0,,0,,0,,0,,0,,0,,0,,0,,0,,0,,0,,0,,0
2025-11-29,PROD_016,Trek Marlin 7,Outdoor,Bicicleta Montaña,830,True,,830.0,,2025,11,29,Saturday,5,4,48,30,1,0,0,0,0,0,0,0,1,32,32,,,,,,,,,0.0,,,Trek Marlin 7,Outdoor,Bicicleta Montaña,,0,,0,,0,,0,,0,,0,,0,,0,,0,,0,,0,,0,,0,,0,,0,,0,,0,,0,,0,,0,,0,,0,,0,,1,,0,,1,,0,,0,,0,,0,,1,,0,,0,,0,,0,,0,,0,,0,,0,,0,,0,,0,,0,,0
2025-11-30,PROD_016,Trek Marlin 7,Outdoor,Bicicleta Montaña,830,True,,830.0,,2025,11,30,Sunday,6,4,48,30,1,0,0,0,0,0,0,0,0,31,31,,,,,,,,,0.0,,,Trek Marlin 7,Outdoor,Bicicleta Montaña,,0,,0,,0,,0,,0,,0,,0,,0,,0,,0,,0,,0,,0,,0,,0,,0,,0,,0,,0,,0,,0,,0,,0,,1,,0,,1,,0,,0,,0,,0,,1,,0,,0,,0,,0,,0,,0,,0,,0,,0,,0,,0,,0,,0
2025-11-01,PROD_017,The North Face Borealis,Outdoor,Mochila Trekking,95,False,,95.07,,2025,11,1,Saturday,5,4,44,30,1,1,0,0,0,0,0,0,29,60,60,3.0,2.0,6.0,3.0,1.0,1.0,3.0,2.7142857142857144,0.07368421052630861,,,The North Face Borealis,Outdoor,Mochila Trekking,,0,,0,,0,,0,,0,,0,,0,,0,,0,,0,,0,,0,,0,,0,,0,,0,,0,,0,,0,,0,,0,,0,,1,,0,,0,,1,,0,,0,,0,,0,,0,,0,,0,,0,,0,,0,,1,,0,,0,,0,,0,,0,,0,,0
2025-11-02,PROD_017,The North Face Borealis,Outdoor,Mochila Trekking,95,False,,93.44,,2025,11,2,Sunday,6,4,44,30,1,0,0,0,0,0,0,0,28,59,59,,3.0,2.0,6.0,3.0,1.0,1.0,2.6666666666666665,-1.6421052631578972,,,The North Face Borealis,Outdoor,Mochila Trekking,,0,,0,,0,,0,,0,,0,,0,,0,,0,,0,,0,,0,,0,,0,,0,,0,,0,,0,,0,,0,,0,,0,,1,,0,,0,,1,,0,,0,,0,,0,,0,,0,,0,,0,,0,,0,,1,,0,,0,,0,,0,,0,,0,,0
2025-11-03,PROD_017,The North Face Borealis,Outdoor,Mochila Trekking,95,False,,95.9,,2025,11,3,Monday,0,4,45,30,0,0,0,0,0,0,0,0,27,58,58,,,3.0,2.0,6.0,3.0,1.0,3.0,0.9473684210526375,,,The North Face Borealis,Outdoor,Mochila Trekking,,0,,0,,0,,0,,0,,0,,0,,0,,0,,0,,0,,0,,0,,0,,0,,0,,0,,0,,0,,0,,0,,0,,1,,0,,0,,1,,0,,0,,0,,0,,0,,0,,0,,0,,0,,0,,1,,0,,0,,0,,0,,0,,0,,0
2025-11-04,PROD_017,The North Face Borealis,Outdoor,Mochila Trekking,95,False,,93.55,,2025,11,4,Tuesday,1,4,45,30,0,0,0,0,0,0,0,0,26,57,57,,,,3.0,2.0,6.0,3.0,3.5,-1.5263157894736872,,,The North Face Borealis,Outdoor,Mochila Trekking,,0,,0,,0,,0,,0,,0,,0,,0,,0,,0,,0,,0,,0,,0,,0,,0,,0,,0,,0,,0,,0,,0,,1,,0,,0,,1,,0,,0,,0,,0,,0,,0,,0,,0,,0,,0,,1,,0,,0,,0,,0,,0,,0,,0
2025-11-05,PROD_017,The North Face Borealis,Outdoor,Mochila Trekking,95,False,,94.56,,2025,11,5,Wednesday,2,4,45,30,0,0,0,0,0,0,0,0,25,56,56,,,,,3.0,2.0,6.0,3.6666666666666665,-0.4631578947368397,,,The North Face Borealis,Outdoor,Mochila Trekking,,0,,0,,0,,0,,0,,0,,0,,0,,0,,0,,0,,0,,0,,0,,0,,0,,0,,0,,0,,0,,0,,0,,1,,0,,0,,1,,0,,0,,0,,0,,0,,0,,0,,0,,0,,0,,1,,0,,0,,0,,0,,0,,0,,0
2025-11-06,PROD_017,The North Face Borealis,Outdoor,Mochila Trekking,95,False,,94.37,,2025,11,6,Thursday,3,4,45,30,0,0,0,0,0,0,0,0,24,55,55,,,,,,3.0,2.0,2.5,-0.6631578947368373,,,The North Face Borealis,Outdoor,Mochila Trekking,,0,,0,,0,,0,,0,,0,,0,,0,,0,,0,,0,,0,,0,,0,,0,,0,,0,,0,,0,,0,,0,,0,,1,,0,,0,,1,,0,,0,,0,,0,,0,,0,,0,,0,,0,,0,,1,,0,,0,,0,,0,,0,,0,,0
2025-11-07,PROD_017,The North Face Borealis,Outdoor,Mochila Trekking,95,False,,95.07,,2025,11,7,Friday,4,4,45,30,0,0,0,0,0,0,0,0,23,54,54,,,,,,,3.0,3.0,0.07368421052630861,,,The North Face Borealis,Outdoor,Mochila Trekking,,0,,0,,0,,0,,0,,0,,0,,0,,0,,0,,0,,0,,0,,0,,0,,0,,0,,0,,0,,0,,0,,0,,1,,0,,0,,1,,0,,0,,0,,0,,0,,0,,0,,0,,0,,0,,1,,0,,0,,0,,0,,0,,0,,0
2025-11-08,PROD_017,The North Face Borealis,Outdoor,Mochila Trekking,95,False,,96.42,,2025,11,8,Saturday,5,4,45,30,1,0,0,0,0,0,0,0,22,53,53,,,,,,,,,1.494736842105265,,,The North Face Borealis,Outdoor,Mochila Trekking,,0,,0,,0,,0,,0,,0,,0,,0,,0,,0,,0,,0,,0,,0,,0,,0,,0,,0,,0,,0,,0,,0,,1,,0,,0,,1,,0,,0,,0,,0,,0,,0,,0,,0,,0,,0,,1,,0,,0,,0,,0,,0,,0,,0
2025-11-09,PROD_017,The North Face Borealis,Outdoor,Mochila Trekking,95,False,,96.15,,2025,11,9,Sunday,6,4,45,30,1,0,0,0,0,0,0,0,21,52,52,,,,,,,,,1.2105263157894797,,,The North Face Borealis,Outdoor,Mochila Trekking,,0,,0,,0,,0,,0,,0,,0,,0,,0,,0,,0,,0,,0,,0,,0,,0,,0,,0,,0,,0,,0,,0,,1,,0,,0,,1,,0,,0,,0,,0,,0,,0,,0,,0,,0,,0,,1,,0,,0,,0,,0,,0,,0,,0
2025-11-10,PROD_017,The North Face Borealis,Outdoor,Mochila Trekking,95,False,,94.76,,2025,11,10,Monday,0,4,46,30,0,0,0,0,0,0,0,0,20,51,51,,,,,,,,,-0.25263157894736304,,,The North Face Borealis,Outdoor,Mochila Trekking,,0,,0,,0,,0,,0,,0,,0,,0,,0,,0,,0,,0,,0,,0,,0,,0,,0,,0,,0,,0,,0,,0,,1,,0,,0,,1,,0,,0,,0,,0,,0,,0,,0,,0,,0,,0,,1,,0,,0,,0,,0,,0,,0,,0
2025-11-11,PROD_017,The North Face Borealis,Outdoor,Mochila Trekking,95,False,,93.7,,2025,11,11,Tuesday,1,4,46,30,0,0,0,0,0,0,0,0,19,50,50,,,,,,,,,-1.3684210526315759,,,The North Face Borealis,Outdoor,Mochila Trekking,,0,,0,,0,,0,,0,,0,,0,,0,,0,,0,,0,,0,,0,,0,,0,,0,,0,,0,,0,,0,,0,,0,,1,,0,,0,,1,,0,,0,,0,,0,,0,,0,,0,,0,,0,,0,,1,,0,,0,,0,,0,,0,,0,,0
2025-11-12,PROD_017,The North Face Borealis,Outdoor,Mochila Trekking,95,False,,96.74,,2025,11,12,Wednesday,2,4,46,30,0,0,0,0,0,0,0,0,18,49,49,,,,,,,,,1.8315789473684156,,,The North Face Borealis,Outdoor,Mochila Trekking,,0,,0,,0,,0,,0,,0,,0,,0,,0,,0,,0,,0,,0,,0,,0,,0,,0,,0,,0,,0,,0,,0,,1,,0,,0,,1,,0,,0,,0,,0,,0,,0,,0,,0,,0,,0,,1,,0,,0,,0,,0,,0,,0,,0
2025-11-13,PROD_017,The North Face Borealis,Outdoor,Mochila Trekking,95,False,,94.04,,2025,11,13,Thursday,3,4,46,30,0,0,0,0,0,0,0,0,17,48,48,,,,,,,,,-1.010526315789467,,,The North Face Borealis,Outdoor,Mochila Trekking,,0,,0,,0,,0,,0,,0,,0,,0,,0,,0,,0,,0,,0,,0,,0,,0,,0,,0,,0,,0,,0,,0,,1,,0,,0,,1,,0,,0,,0,,0,,0,,0,,0,,0,,0,,0,,1,,0,,0,,0,,0,,0,,0,,0
2025-11-14,PROD_017,The North Face Borealis,Outdoor,Mochila Trekking,95,False,,94.81,,2025,11,14,Friday,4,4,46,30,0,0,0,0,0,0,0,0,16,47,47,,,,,,,,,-0.19999999999999762,,,The North Face Borealis,Outdoor,Mochila Trekking,,0,,0,,0,,0,,0,,0,,0,,0,,0,,0,,0,,0,,0,,0,,0,,0,,0,,0,,0,,0,,0,,0,,1,,0,,0,,1,,0,,0,,0,,0,,0,,0,,0,,0,,0,,0,,1,,0,,0,,0,,0,,0,,0,,0
2025-11-15,PROD_017,The North Face Borealis,Outdoor,Mochila Trekking,95,False,,93.34,,2025,11,15,Saturday,5,4,46,30,1,0,0,0,0,0,0,0,15,46,46,,,,,,,,,-1.7473684210526281,,,The North Face Borealis,Outdoor,Mochila Trekking,,0,,0,,0,,0,,0,,0,,0,,0,,0,,0,,0,,0,,0,,0,,0,,0,,0,,0,,0,,0,,0,,0,,1,,0,,0,,1,,0,,0,,0,,0,,0,,0,,0,,0,,0,,0,,1,,0,,0,,0,,0,,0,,0,,0
2025-11-16,PROD_017,The North Face Borealis,Outdoor,Mochila Trekking,95,False,,93.18,,2025,11,16,Sunday,6,4,46,30,1,0,0,0,0,0,0,0,14,45,45,,,,,,,,,-1.9157894736842034,,,The North Face Borealis,Outdoor,Mochila Trekking,,0,,0,,0,,0,,0,,0,,0,,0,,0,,0,,0,,0,,0,,0,,0,,0,,0,,0,,0,,0,,0,,0,,1,,0,,0,,1,,0,,0,,0,,0,,0,,0,,0,,0,,0,,0,,1,,0,,0,,0,,0,,0,,0,,0
2025-11-17,PROD_017,The North Face Borealis,Outdoor,Mochila Trekking,95,False,,95.23,,2025,11,17,Monday,0,4,47,30,0,0,0,0,0,0,0,0,13,44,44,,,,,,,,,0.2421052631578989,,,The North Face Borealis,Outdoor,Mochila Trekking,,0,,0,,0,,0,,0,,0,,0,,0,,0,,0,,0,,0,,0,,0,,0,,0,,0,,0,,0,,0,,0,,0,,1,,0,,0,,1,,0,,0,,0,,0,,0,,0,,0,,0,,0,,0,,1,,0,,0,,0,,0,,0,,0,,0
2025-11-18,PROD_017,The North Face Borealis,Outdoor,Mochila Trekking,95,False,,93.85,,2025,11,18,Tuesday,1,4,47,30,0,0,0,0,0,0,0,0,12,43,43,,,,,,,,,-1.2105263157894797,,,The North Face Borealis,Outdoor,Mochila Trekking,,0,,0,,0,,0,,0,,0,,0,,0,,0,,0,,0,,0,,0,,0,,0,,0,,0,,0,,0,,0,,0,,0,,1,,0,,0,,1,,0,,0,,0,,0,,0,,0,,0,,0,,0,,0,,1,,0,,0,,0,,0,,0,,0,,0
2025-11-19,PROD_017,The North Face Borealis,Outdoor,Mochila Trekking,95,False,,96.79,,2025,11,19,Wednesday,2,4,47,30,0,0,0,0,0,0,0,0,11,42,42,,,,,,,,,1.8842105263157962,,,The North Face Borealis,Outdoor,Mochila Trekking,,0,,0,,0,,0,,0,,0,,0,,0,,0,,0,,0,,0,,0,,0,,0,,0,,0,,0,,0,,0,,0,,0,,1,,0,,0,,1,,0,,0,,0,,0,,0,,0,,0,,0,,0,,0,,1,,0,,0,,0,,0,,0,,0,,0
2025-11-20,PROD_017,The North Face Borealis,Outdoor,Mochila Trekking,95,False,,96.33,,2025,11,20,Thursday,3,4,47,30,0,0,0,0,0,0,0,0,10,41,41,,,,,,,,,1.3999999999999981,,,The North Face Borealis,Outdoor,Mochila Trekking,,0,,0,,0,,0,,0,,0,,0,,0,,0,,0,,0,,0,,0,,0,,0,,0,,0,,0,,0,,0,,0,,0,,1,,0,,0,,1,,0,,0,,0,,0,,0,,0,,0,,0,,0,,0,,1,,0,,0,,0,,0,,0,,0,,0
2025-11-21,PROD_017,The North Face Borealis,Outdoor,Mochila Trekking,95,False,,93.54,,2025,11,21,Friday,4,4,47,30,0,0,0,0,0,0,0,0,9,40,40,,,,,,,,,-1.5368421052631513,,,The North Face Borealis,Outdoor,Mochila Trekking,,0,,0,,0,,0,,0,,0,,0,,0,,0,,0,,0,,0,,0,,0,,0,,0,,0,,0,,0,,0,,0,,0,,1,,0,,0,,1,,0,,0,,0,,0,,0,,0,,0,,0,,0,,0,,1,,0,,0,,0,,0,,0,,0,,0
2025-11-22,PROD_017,The North Face Borealis,Outdoor,Mochila Trekking,95,False,,95.17,,2025,11,22,Saturday,5,4,47,30,1,0,0,0,0,0,0,0,8,39,39,,,,,,,,,0.17894736842105444,,,The North Face Borealis,Outdoor,Mochila Trekking,,0,,0,,0,,0,,0,,0,,0,,0,,0,,0,,0,,0,,0,,0,,0,,0,,0,,0,,0,,0,,0,,0,,1,,0,,0,,1,,0,,0,,0,,0,,0,,0,,0,,0,,0,,0,,1,,0,,0,,0,,0,,0,,0,,0
2025-11-23,PROD_017,The North Face Borealis,Outdoor,Mochila Trekking,95,False,,94.94,,2025,11,23,Sunday,6,4,47,30,1,0,0,0,0,0,0,0,7,38,38,,,,,,,,,-0.06315789473684451,,,The North Face Borealis,Outdoor,Mochila Trekking,,0,,0,,0,,0,,0,,0,,0,,0,,0,,0,,0,,0,,0,,0,,0,,0,,0,,0,,0,,0,,0,,0,,1,,0,,0,,1,,0,,0,,0,,0,,0,,0,,0,,0,,0,,0,,1,,0,,0,,0,,0,,0,,0,,0
2025-11-24,PROD_017,The North Face Borealis,Outdoor,Mochila Trekking,95,False,,95.57,,2025,11,24,Monday,0,4,48,30,0,0,0,0,0,0,0,0,6,37,37,,,,,,,,,0.5999999999999928,,,The North Face Borealis,Outdoor,Mochila Trekking,,0,,0,,0,,0,,0,,0,,0,,0,,0,,0,,0,,0,,0,,0,,0,,0,,0,,0,,0,,0,,0,,0,,1,,0,,0,,1,,0,,0,,0,,0,,0,,0,,0,,0,,0,,0,,1,,0,,0,,0,,0,,0,,0,,0
2025-11-25,PROD_017,The North Face Borealis,Outdoor,Mochila Trekking,95,False,,95.05,,2025,11,25,Tuesday,1,4,48,30,0,0,0,0,0,0,0,0,5,36,36,,,,,,,,,0.05263157894736543,,,The North Face Borealis,Outdoor,Mochila Trekking,,0,,0,,0,,0,,0,,0,,0,,0,,0,,0,,0,,0,,0,,0,,0,,0,,0,,0,,0,,0,,0,,0,,1,,0,,0,,1,,0,,0,,0,,0,,0,,0,,0,,0,,0,,0,,1,,0,,0,,0,,0,,0,,0,,0
2025-11-26,PROD_017,The North Face Borealis,Outdoor,Mochila Trekking,95,False,,93.73,,2025,11,26,Wednesday,2,4,48,30,0,0,0,0,0,0,0,0,4,35,35,,,,,,,,,-1.3368421052631536,,,The North Face Borealis,Outdoor,Mochila Trekking,,0,,0,,0,,0,,0,,0,,0,,0,,0,,0,,0,,0,,0,,0,,0,,0,,0,,0,,0,,0,,0,,0,,1,,0,,0,,1,,0,,0,,0,,0,,0,,0,,0,,0,,0,,0,,1,,0,,0,,0,,0,,0,,0,,0
2025-11-27,PROD_017,The North Face Borealis,Outdoor,Mochila Trekking,95,False,,95.07,,2025,11,27,Thursday,3,4,48,30,0,0,0,0,0,0,0,0,3,34,34,,,,,,,,,0.07368421052630861,,,The North Face Borealis,Outdoor,Mochila Trekking,,0,,0,,0,,0,,0,,0,,0,,0,,0,,0,,0,,0,,0,,0,,0,,0,,0,,0,,0,,0,,0,,0,,1,,0,,0,,1,,0,,0,,0,,0,,0,,0,,0,,0,,0,,0,,1,,0,,0,,0,,0,,0,,0,,0
2025-11-28,PROD_017,The North Face Borealis,Outdoor,Mochila Trekking,95,False,,80.75,,2025,11,28,Friday,4,4,48,30,0,0,1,0,0,0,0,0,2,33,33,,,,,,,,,-15.0,,,The North Face Borealis,Outdoor,Mochila Trekking,,0,,0,,0,,0,,0,,0,,0,,0,,0,,0,,0,,0,,0,,0,,0,,0,,0,,0,,0,,0,,0,,0,,1,,0,,0,,1,,0,,0,,0,,0,,0,,0,,0,,0,,0,,0,,1,,0,,0,,0,,0,,0,,0,,0
2025-11-29,PROD_017,The North Face Borealis,Outdoor,Mochila Trekking,95,False,,94.99,,2025,11,29,Saturday,5,4,48,30,1,0,0,0,0,0,0,0,1,32,32,,,,,,,,,-0.010526315789479069,,,The North Face Borealis,Outdoor,Mochila Trekking,,0,,0,,0,,0,,0,,0,,0,,0,,0,,0,,0,,0,,0,,0,,0,,0,,0,,0,,0,,0,,0,,0,,1,,0,,0,,1,,0,,0,,0,,0,,0,,0,,0,,0,,0,,0,,1,,0,,0,,0,,0,,0,,0,,0
2025-11-30,PROD_017,The North Face Borealis,Outdoor,Mochila Trekking,95,False,,96.22,,2025,11,30,Sunday,6,4,48,30,1,0,0,0,0,0,0,0,0,31,31,,,,,,,,,1.2842105263157881,,,The North Face Borealis,Outdoor,Mochila Trekking,,0,,0,,0,,0,,0,,0,,0,,0,,0,,0,,0,,0,,0,,0,,0,,0,,0,,0,,0,,0,,0,,0,,1,,0,,0,,1,,0,,0,,0,,0,,0,,0,,0,,0,,0,,0,,1,,0,,0,,0,,0,,0,,0,,0
2025-11-01,PROD_018,Columbia Silver Ridge,Outdoor,Ropa Montaña,70,False,,69.12,,2025,11,1,Saturday,5,4,44,30,1,1,0,0,0,0,0,0,29,60,60,2.0,4.0,3.0,4.0,4.0,5.0,3.0,3.5714285714285716,-1.2571428571428507,,,Columbia Silver Ridge,Outdoor,Ropa Montaña,,0,,0,,0,,0,,1,,0,,0,,0,,0,,0,,0,,0,,0,,0,,0,,0,,0,,0,,0,,0,,0,,0,,0,,0,,0,,1,,0,,0,,0,,0,,0,,0,,0,,0,,0,,0,,0,,0,,0,,0,,1,,0,,0,,0
2025-11-02,PROD_018,Columbia Silver Ridge,Outdoor,Ropa Montaña,70,False,,70.11,,2025,11,2,Sunday,6,4,44,30,1,0,0,0,0,0,0,0,28,59,59,,2.0,4.0,3.0,4.0,4.0,5.0,3.6666666666666665,0.15714285714285633,,,Columbia Silver Ridge,Outdoor,Ropa Montaña,,0,,0,,0,,0,,1,,0,,0,,0,,0,,0,,0,,0,,0,,0,,0,,0,,0,,0,,0,,0,,0,,0,,0,,0,,0,,1,,0,,0,,0,,0,,0,,0,,0,,0,,0,,0,,0,,0,,0,,0,,1,,0,,0,,0
2025-11-03,PROD_018,Columbia Silver Ridge,Outdoor,Ropa Montaña,70,False,,69.89,,2025,11,3,Monday,0,4,45,30,0,0,0,0,0,0,0,0,27,58,58,,,2.0,4.0,3.0,4.0,4.0,3.4,-0.15714285714285633,,,Columbia Silver Ridge,Outdoor,Ropa Montaña,,0,,0,,0,,0,,1,,0,,0,,0,,0,,0,,0,,0,,0,,0,,0,,0,,0,,0,,0,,0,,0,,0,,0,,0,,0,,1,,0,,0,,0,,0,,0,,0,,0,,0,,0,,0,,0,,0,,0,,0,,1,,0,,0,,0
2025-11-04,PROD_018,Columbia Silver Ridge,Outdoor,Ropa Montaña,70,False,,70.92,,2025,11,4,Tuesday,1,4,45,30,0,0,0,0,0,0,0,0,26,57,57,,,,2.0,4.0,3.0,4.0,3.25,1.3142857142857167,,,Columbia Silver Ridge,Outdoor,Ropa Montaña,,0,,0,,0,,0,,1,,0,,0,,0,,0,,0,,0,,0,,0,,0,,0,,0,,0,,0,,0,,0,,0,,0,,0,,0,,0,,1,,0,,0,,0,,0,,0,,0,,0,,0,,0,,0,,0,,0,,0,,0,,1,,0,,0,,0
2025-11-05,PROD_018,Columbia Silver Ridge,Outdoor,Ropa Montaña,70,False,,68.88,,2025,11,5,Wednesday,2,4,45,30,0,0,0,0,0,0,0,0,25,56,56,,,,,2.0,4.0,3.0,3.0,-1.6000000000000065,,,Columbia Silver Ridge,Outdoor,Ropa Montaña,,0,,0,,0,,0,,1,,0,,0,,0,,0,,0,,0,,0,,0,,0,,0,,0,,0,,0,,0,,0,,0,,0,,0,,0,,0,,1,,0,,0,,0,,0,,0,,0,,0,,0,,0,,0,,0,,0,,0,,0,,1,,0,,0,,0
2025-11-06,PROD_018,Columbia Silver Ridge,Outdoor,Ropa Montaña,70,False,,69.57,,2025,11,6,Thursday,3,4,45,30,0,0,0,0,0,0,0,0,24,55,55,,,,,,2.0,4.0,3.0,-0.6142857142857241,,,Columbia Silver Ridge,Outdoor,Ropa Montaña,,0,,0,,0,,0,,1,,0,,0,,0,,0,,0,,0,,0,,0,,0,,0,,0,,0,,0,,0,,0,,0,,0,,0,,0,,0,,1,,0,,0,,0,,0,,0,,0,,0,,0,,0,,0,,0,,0,,0,,0,,1,,0,,0,,0
2025-11-07,PROD_018,Columbia Silver Ridge,Outdoor,Ropa Montaña,70,False,,69.59,,2025,11,7,Friday,4,4,45,30,0,0,0,0,0,0,0,0,23,54,54,,,,,,,2.0,2.0,-0.5857142857142809,,,Columbia Silver Ridge,Outdoor,Ropa Montaña,,0,,0,,0,,0,,1,,0,,0,,0,,0,,0,,0,,0,,0,,0,,0,,0,,0,,0,,0,,0,,0,,0,,0,,0,,0,,1,,0,,0,,0,,0,,0,,0,,0,,0,,0,,0,,0,,0,,0,,0,,1,,0,,0,,0
2025-11-08,PROD_018,Columbia Silver Ridge,Outdoor,Ropa Montaña,70,False,,71.34,,2025,11,8,Saturday,5,4,45,30,1,0,0,0,0,0,0,0,22,53,53,,,,,,,,,1.914285714285719,,,Columbia Silver Ridge,Outdoor,Ropa Montaña,,0,,0,,0,,0,,1,,0,,0,,0,,0,,0,,0,,0,,0,,0,,0,,0,,0,,0,,0,,0,,0,,0,,0,,0,,0,,1,,0,,0,,0,,0,,0,,0,,0,,0,,0,,0,,0,,0,,0,,0,,1,,0,,0,,0
2025-11-09,PROD_018,Columbia Silver Ridge,Outdoor,Ropa Montaña,70,False,,70.52,,2025,11,9,Sunday,6,4,45,30,1,0,0,0,0,0,0,0,21,52,52,,,,,,,,,0.7428571428571372,,,Columbia Silver Ridge,Outdoor,Ropa Montaña,,0,,0,,0,,0,,1,,0,,0,,0,,0,,0,,0,,0,,0,,0,,0,,0,,0,,0,,0,,0,,0,,0,,0,,0,,0,,1,,0,,0,,0,,0,,0,,0,,0,,0,,0,,0,,0,,0,,0,,0,,1,,0,,0,,0
2025-11-10,PROD_018,Columbia Silver Ridge,Outdoor,Ropa Montaña,70,False,,70.94,,2025,11,10,Monday,0,4,46,30,0,0,0,0,0,0,0,0,20,51,51,,,,,,,,,1.3428571428571396,,,Columbia Silver Ridge,Outdoor,Ropa Montaña,,0,,0,,0,,0,,1,,0,,0,,0,,0,,0,,0,,0,,0,,0,,0,,0,,0,,0,,0,,0,,0,,0,,0,,0,,0,,1,,0,,0,,0,,0,,0,,0,,0,,0,,0,,0,,0,,0,,0,,0,,1,,0,,0,,0
2025-11-11,PROD_018,Columbia Silver Ridge,Outdoor,Ropa Montaña,70,False,,69.45,,2025,11,11,Tuesday,1,4,46,30,0,0,0,0,0,0,0,0,19,50,50,,,,,,,,,-0.7857142857142816,,,Columbia Silver Ridge,Outdoor,Ropa Montaña,,0,,0,,0,,0,,1,,0,,0,,0,,0,,0,,0,,0,,0,,0,,0,,0,,0,,0,,0,,0,,0,,0,,0,,0,,0,,1,,0,,0,,0,,0,,0,,0,,0,,0,,0,,0,,0,,0,,0,,0,,1,,0,,0,,0
2025-11-12,PROD_018,Columbia Silver Ridge,Outdoor,Ropa Montaña,70,False,,71.23,,2025,11,12,Wednesday,2,4,46,30,0,0,0,0,0,0,0,0,18,49,49,,,,,,,,,1.7571428571428627,,,Columbia Silver Ridge,Outdoor,Ropa Montaña,,0,,0,,0,,0,,1,,0,,0,,0,,0,,0,,0,,0,,0,,0,,0,,0,,0,,0,,0,,0,,0,,0,,0,,0,,0,,1,,0,,0,,0,,0,,0,,0,,0,,0,,0,,0,,0,,0,,0,,0,,1,,0,,0,,0
2025-11-13,PROD_018,Columbia Silver Ridge,Outdoor,Ropa Montaña,70,False,,69.33,,2025,11,13,Thursday,3,4,46,30,0,0,0,0,0,0,0,0,17,48,48,,,,,,,,,-0.9571428571428595,,,Columbia Silver Ridge,Outdoor,Ropa Montaña,,0,,0,,0,,0,,1,,0,,0,,0,,0,,0,,0,,0,,0,,0,,0,,0,,0,,0,,0,,0,,0,,0,,0,,0,,0,,1,,0,,0,,0,,0,,0,,0,,0,,0,,0,,0,,0,,0,,0,,0,,1,,0,,0,,0
2025-11-14,PROD_018,Columbia Silver Ridge,Outdoor,Ropa Montaña,70,False,,70.17,,2025,11,14,Friday,4,4,46,30,0,0,0,0,0,0,0,0,16,47,47,,,,,,,,,0.2428571428571453,,,Columbia Silver Ridge,Outdoor,Ropa Montaña,,0,,0,,0,,0,,1,,0,,0,,0,,0,,0,,0,,0,,0,,0,,0,,0,,0,,0,,0,,0,,0,,0,,0,,0,,0,,1,,0,,0,,0,,0,,0,,0,,0,,0,,0,,0,,0,,0,,0,,0,,1,,0,,0,,0
2025-11-15,PROD_018,Columbia Silver Ridge,Outdoor,Ropa Montaña,70,False,,70.13,,2025,11,15,Saturday,5,4,46,30,1,0,0,0,0,0,0,0,15,46,46,,,,,,,,,0.18571428571427923,,,Columbia Silver Ridge,Outdoor,Ropa Montaña,,0,,0,,0,,0,,1,,0,,0,,0,,0,,0,,0,,0,,0,,0,,0,,0,,0,,0,,0,,0,,0,,0,,0,,0,,0,,1,,0,,0,,0,,0,,0,,0,,0,,0,,0,,0,,0,,0,,0,,0,,1,,0,,0,,0
2025-11-16,PROD_018,Columbia Silver Ridge,Outdoor,Ropa Montaña,70,False,,68.91,,2025,11,16,Sunday,6,4,46,30,1,0,0,0,0,0,0,0,14,45,45,,,,,,,,,-1.557142857142862,,,Columbia Silver Ridge,Outdoor,Ropa Montaña,,0,,0,,0,,0,,1,,0,,0,,0,,0,,0,,0,,0,,0,,0,,0,,0,,0,,0,,0,,0,,0,,0,,0,,0,,0,,1,,0,,0,,0,,0,,0,,0,,0,,0,,0,,0,,0,,0,,0,,0,,1,,0,,0,,0
2025-11-17,PROD_018,Columbia Silver Ridge,Outdoor,Ropa Montaña,70,False,,69.38,,2025,11,17,Monday,0,4,47,30,0,0,0,0,0,0,0,0,13,44,44,,,,,,,,,-0.8857142857142922,,,Columbia Silver Ridge,Outdoor,Ropa Montaña,,0,,0,,0,,0,,1,,0,,0,,0,,0,,0,,0,,0,,0,,0,,0,,0,,0,,0,,0,,0,,0,,0,,0,,0,,0,,1,,0,,0,,0,,0,,0,,0,,0,,0,,0,,0,,0,,0,,0,,0,,1,,0,,0,,0
2025-11-18,PROD_018,Columbia Silver Ridge,Outdoor,Ropa Montaña,70,False,,71.15,,2025,11,18,Tuesday,1,4,47,30,0,0,0,0,0,0,0,0,12,43,43,,,,,,,,,1.642857142857151,,,Columbia Silver Ridge,Outdoor,Ropa Montaña,,0,,0,,0,,0,,1,,0,,0,,0,,0,,0,,0,,0,,0,,0,,0,,0,,0,,0,,0,,0,,0,,0,,0,,0,,0,,1,,0,,0,,0,,0,,0,,0,,0,,0,,0,,0,,0,,0,,0,,0,,1,,0,,0,,0
2025-11-19,PROD_018,Columbia Silver Ridge,Outdoor,Ropa Montaña,70,False,,70.92,,2025,11,19,Wednesday,2,4,47,30,0,0,0,0,0,0,0,0,11,42,42,,,,,,,,,1.3142857142857167,,,Columbia Silver Ridge,Outdoor,Ropa Montaña,,0,,0,,0,,0,,1,,0,,0,,0,,0,,0,,0,,0,,0,,0,,0,,0,,0,,0,,0,,0,,0,,0,,0,,0,,0,,1,,0,,0,,0,,0,,0,,0,,0,,0,,0,,0,,0,,0,,0,,0,,1,,0,,0,,0
2025-11-20,PROD_018,Columbia Silver Ridge,Outdoor,Ropa Montaña,70,False,,68.92,,2025,11,20,Thursday,3,4,47,30,0,0,0,0,0,0,0,0,10,41,41,,,,,,,,,-1.5428571428571405,,,Columbia Silver Ridge,Outdoor,Ropa Montaña,,0,,0,,0,,0,,1,,0,,0,,0,,0,,0,,0,,0,,0,,0,,0,,0,,0,,0,,0,,0,,0,,0,,0,,0,,0,,1,,0,,0,,0,,0,,0,,0,,0,,0,,0,,0,,0,,0,,0,,0,,1,,0,,0,,0
2025-11-21,PROD_018,Columbia Silver Ridge,Outdoor,Ropa Montaña,70,False,,68.63,,2025,11,21,Friday,4,4,47,30,0,0,0,0,0,0,0,0,9,40,40,,,,,,,,,-1.9571428571428635,,,Columbia Silver Ridge,Outdoor,Ropa Montaña,,0,,0,,0,,0,,1,,0,,0,,0,,0,,0,,0,,0,,0,,0,,0,,0,,0,,0,,0,,0,,0,,0,,0,,0,,0,,1,,0,,0,,0,,0,,0,,0,,0,,0,,0,,0,,0,,0,,0,,0,,1,,0,,0,,0
2025-11-22,PROD_018,Columbia Silver Ridge,Outdoor,Ropa Montaña,70,False,,70.28,,2025,11,22,Saturday,5,4,47,30,1,0,0,0,0,0,0,0,8,39,39,,,,,,,,,0.40000000000000163,,,Columbia Silver Ridge,Outdoor,Ropa Montaña,,0,,0,,0,,0,,1,,0,,0,,0,,0,,0,,0,,0,,0,,0,,0,,0,,0,,0,,0,,0,,0,,0,,0,,0,,0,,1,,0,,0,,0,,0,,0,,0,,0,,0,,0,,0,,0,,0,,0,,0,,1,,0,,0,,0
2025-11-23,PROD_018,Columbia Silver Ridge,Outdoor,Ropa Montaña,70,False,,71.1,,2025,11,23,Sunday,6,4,47,30,1,0,0,0,0,0,0,0,7,38,38,,,,,,,,,1.5714285714285632,,,Columbia Silver Ridge,Outdoor,Ropa Montaña,,0,,0,,0,,0,,1,,0,,0,,0,,0,,0,,0,,0,,0,,0,,0,,0,,0,,0,,0,,0,,0,,0,,0,,0,,0,,1,,0,,0,,0,,0,,0,,0,,0,,0,,0,,0,,0,,0,,0,,0,,1,,0,,0,,0
2025-11-24,PROD_018,Columbia Silver Ridge,Outdoor,Ropa Montaña,70,False,,68.7,,2025,11,24,Monday,0,4,48,30,0,0,0,0,0,0,0,0,6,37,37,,,,,,,,,-1.857142857142853,,,Columbia Silver Ridge,Outdoor,Ropa Montaña,,0,,0,,0,,0,,1,,0,,0,,0,,0,,0,,0,,0,,0,,0,,0,,0,,0,,0,,0,,0,,0,,0,,0,,0,,0,,1,,0,,0,,0,,0,,0,,0,,0,,0,,0,,0,,0,,0,,0,,0,,1,,0,,0,,0
2025-11-25,PROD_018,Columbia Silver Ridge,Outdoor,Ropa Montaña,70,False,,68.86,,2025,11,25,Tuesday,1,4,48,30,0,0,0,0,0,0,0,0,5,36,36,,,,,,,,,-1.6285714285714292,,,Columbia Silver Ridge,Outdoor,Ropa Montaña,,0,,0,,0,,0,,1,,0,,0,,0,,0,,0,,0,,0,,0,,0,,0,,0,,0,,0,,0,,0,,0,,0,,0,,0,,0,,1,,0,,0,,0,,0,,0,,0,,0,,0,,0,,0,,0,,0,,0,,0,,1,,0,,0,,0
2025-11-26,PROD_018,Columbia Silver Ridge,Outdoor,Ropa Montaña,70,False,,70.92,,2025,11,26,Wednesday,2,4,48,30,0,0,0,0,0,0,0,0,4,35,35,,,,,,,,,1.3142857142857167,,,Columbia Silver Ridge,Outdoor,Ropa Montaña,,0,,0,,0,,0,,1,,0,,0,,0,,0,,0,,0,,0,,0,,0,,0,,0,,0,,0,,0,,0,,0,,0,,0,,0,,0,,1,,0,,0,,0,,0,,0,,0,,0,,0,,0,,0,,0,,0,,0,,0,,1,,0,,0,,0
2025-11-27,PROD_018,Columbia Silver Ridge,Outdoor,Ropa Montaña,70,False,,69.49,,2025,11,27,Thursday,3,4,48,30,0,0,0,0,0,0,0,0,3,34,34,,,,,,,,,-0.7285714285714359,,,Columbia Silver Ridge,Outdoor,Ropa Montaña,,0,,0,,0,,0,,1,,0,,0,,0,,0,,0,,0,,0,,0,,0,,0,,0,,0,,0,,0,,0,,0,,0,,0,,0,,0,,1,,0,,0,,0,,0,,0,,0,,0,,0,,0,,0,,0,,0,,0,,0,,1,,0,,0,,0
2025-11-28,PROD_018,Columbia Silver Ridge,Outdoor,Ropa Montaña,70,False,,59.5,,2025,11,28,Friday,4,4,48,30,0,0,1,0,0,0,0,0,2,33,33,,,,,,,,,-15.0,,,Columbia Silver Ridge,Outdoor,Ropa Montaña,,0,,0,,0,,0,,1,,0,,0,,0,,0,,0,,0,,0,,0,,0,,0,,0,,0,,0,,0,,0,,0,,0,,0,,0,,0,,1,,0,,0,,0,,0,,0,,0,,0,,0,,0,,0,,0,,0,,0,,0,,1,,0,,0,,0
2025-11-29,PROD_018,Columbia Silver Ridge,Outdoor,Ropa Montaña,70,False,,70.26,,2025,11,29,Saturday,5,4,48,30,1,0,0,0,0,0,0,0,1,32,32,,,,,,,,,0.37142857142857877,,,Columbia Silver Ridge,Outdoor,Ropa Montaña,,0,,0,,0,,0,,1,,0,,0,,0,,0,,0,,0,,0,,0,,0,,0,,0,,0,,0,,0,,0,,0,,0,,0,,0,,0,,1,,0,,0,,0,,0,,0,,0,,0,,0,,0,,0,,0,,0,,0,,0,,1,,0,,0,,0
2025-11-30,PROD_018,Columbia Silver Ridge,Outdoor,Ropa Montaña,70,False,,69.68,,2025,11,30,Sunday,6,4,48,30,1,0,0,0,0,0,0,0,0,31,31,,,,,,,,,-0.45714285714284736,,,Columbia Silver Ridge,Outdoor,Ropa Montaña,,0,,0,,0,,0,,1,,0,,0,,0,,0,,0,,0,,0,,0,,0,,0,,0,,0,,0,,0,,0,,0,,0,,0,,0,,0,,1,,0,,0,,0,,0,,0,,0,,0,,0,,0,,0,,0,,0,,0,,0,,1,,0,,0,,0
2025-11-01,PROD_019,Merrell Moab 2 GTX,Outdoor,Zapatillas Trail,110,False,,110.89,,2025,11,1,Saturday,5,4,44,30,1,1,0,0,0,0,0,0,29,60,60,2.0,4.0,2.0,4.0,2.0,3.0,3.0,2.857142857142857,0.8090909090909096,,,Merrell Moab 2 GTX,Outdoor,Zapatillas Trail,,0,,0,,0,,0,,0,,0,,0,,0,,0,,0,,0,,0,,1,,0,,0,,0,,0,,0,,0,,0,,0,,0,,0,,0,,0,,1,,0,,0,,0,,0,,0,,0,,0,,0,,0,,0,,0,,0,,0,,0,,0,,0,,0,,1
2025-11-02,PROD_019,Merrell Moab 2 GTX,Outdoor,Zapatillas Trail,110,False,,111.79,,2025,11,2,Sunday,6,4,44,30,1,0,0,0,0,0,0,0,28,59,59,,2.0,4.0,2.0,4.0,2.0,3.0,2.8333333333333335,1.6272727272727332,,,Merrell Moab 2 GTX,Outdoor,Zapatillas Trail,,0,,0,,0,,0,,0,,0,,0,,0,,0,,0,,0,,0,,1,,0,,0,,0,,0,,0,,0,,0,,0,,0,,0,,0,,0,,1,,0,,0,,0,,0,,0,,0,,0,,0,,0,,0,,0,,0,,0,,0,,0,,0,,0,,1
2025-11-03,PROD_019,Merrell Moab 2 GTX,Outdoor,Zapatillas Trail,110,False,,109.16,,2025,11,3,Monday,0,4,45,30,0,0,0,0,0,0,0,0,27,58,58,,,2.0,4.0,2.0,4.0,2.0,2.8,-0.7636363636363668,,,Merrell Moab 2 GTX,Outdoor,Zapatillas Trail,,0,,0,,0,,0,,0,,0,,0,,0,,0,,0,,0,,0,,1,,0,,0,,0,,0,,0,,0,,0,,0,,0,,0,,0,,0,,1,,0,,0,,0,,0,,0,,0,,0,,0,,0,,0,,0,,0,,0,,0,,0,,0,,0,,1
2025-11-04,PROD_019,Merrell Moab 2 GTX,Outdoor,Zapatillas Trail,110,False,,108.3,,2025,11,4,Tuesday,1,4,45,30,0,0,0,0,0,0,0,0,26,57,57,,,,2.0,4.0,2.0,4.0,3.0,-1.545454545454548,,,Merrell Moab 2 GTX,Outdoor,Zapatillas Trail,,0,,0,,0,,0,,0,,0,,0,,0,,0,,0,,0,,0,,1,,0,,0,,0,,0,,0,,0,,0,,0,,0,,0,,0,,0,,1,,0,,0,,0,,0,,0,,0,,0,,0,,0,,0,,0,,0,,0,,0,,0,,0,,0,,1
2025-11-05,PROD_019,Merrell Moab 2 GTX,Outdoor,Zapatillas Trail,110,False,,109.42,,2025,11,5,Wednesday,2,4,45,30,0,0,0,0,0,0,0,0,25,56,56,,,,,2.0,4.0,2.0,2.6666666666666665,-0.5272727272727257,,,Merrell Moab 2 GTX,Outdoor,Zapatillas Trail,,0,,0,,0,,0,,0,,0,,0,,0,,0,,0,,0,,0,,1,,0,,0,,0,,0,,0,,0,,0,,0,,0,,0,,0,,0,,1,,0,,0,,0,,0,,0,,0,,0,,0,,0,,0,,0,,0,,0,,0,,0,,0,,0,,1
2025-11-06,PROD_019,Merrell Moab 2 GTX,Outdoor,Zapatillas Trail,110,False,,108.15,,2025,11,6,Thursday,3,4,45,30,0,0,0,0,0,0,0,0,24,55,55,,,,,,2.0,4.0,3.0,-1.6818181818181768,,,Merrell Moab 2 GTX,Outdoor,Zapatillas Trail,,0,,0,,0,,0,,0,,0,,0,,0,,0,,0,,0,,0,,1,,0,,0,,0,,0,,0,,0,,0,,0,,0,,0,,0,,0,,1,,0,,0,,0,,0,,0,,0,,0,,0,,0,,0,,0,,0,,0,,0,,0,,0,,0,,1
2025-11-07,PROD_019,Merrell Moab 2 GTX,Outdoor,Zapatillas Trail,110,False,,110.74,,2025,11,7,Friday,4,4,45,30,0,0,0,0,0,0,0,0,23,54,54,,,,,,,2.0,2.0,0.6727272727272681,,,Merrell Moab 2 GTX,Outdoor,Zapatillas Trail,,0,,0,,0,,0,,0,,0,,0,,0,,0,,0,,0,,0,,1,,0,,0,,0,,0,,0,,0,,0,,0,,0,,0,,0,,0,,1,,0,,0,,0,,0,,0,,0,,0,,0,,0,,0,,0,,0,,0,,0,,0,,0,,0,,1
2025-11-08,PROD_019,Merrell Moab 2 GTX,Outdoor,Zapatillas Trail,110,False,,110.6,,2025,11,8,Saturday,5,4,45,30,1,0,0,0,0,0,0,0,22,53,53,,,,,,,,,0.5454545454545403,,,Merrell Moab 2 GTX,Outdoor,Zapatillas Trail,,0,,0,,0,,0,,0,,0,,0,,0,,0,,0,,0,,0,,1,,0,,0,,0,,0,,0,,0,,0,,0,,0,,0,,0,,0,,1,,0,,0,,0,,0,,0,,0,,0,,0,,0,,0,,0,,0,,0,,0,,0,,0,,0,,1
2025-11-09,PROD_019,Merrell Moab 2 GTX,Outdoor,Zapatillas Trail,110,False,,111.64,,2025,11,9,Sunday,6,4,45,30,1,0,0,0,0,0,0,0,21,52,52,,,,,,,,,1.4909090909090914,,,Merrell Moab 2 GTX,Outdoor,Zapatillas Trail,,0,,0,,0,,0,,0,,0,,0,,0,,0,,0,,0,,0,,1,,0,,0,,0,,0,,0,,0,,0,,0,,0,,0,,0,,0,,1,,0,,0,,0,,0,,0,,0,,0,,0,,0,,0,,0,,0,,0,,0,,0,,0,,0,,1
2025-11-10,PROD_019,Merrell Moab 2 GTX,Outdoor,Zapatillas Trail,110,False,,107.85,,2025,11,10,Monday,0,4,46,30,0,0,0,0,0,0,0,0,20,51,51,,,,,,,,,-1.95454545454546,,,Merrell Moab 2 GTX,Outdoor,Zapatillas Trail,,0,,0,,0,,0,,0,,0,,0,,0,,0,,0,,0,,0,,1,,0,,0,,0,,0,,0,,0,,0,,0,,0,,0,,0,,0,,1,,0,,0,,0,,0,,0,,0,,0,,0,,0,,0,,0,,0,,0,,0,,0,,0,,0,,1
2025-11-11,PROD_019,Merrell Moab 2 GTX,Outdoor,Zapatillas Trail,110,False,,109.94,,2025,11,11,Tuesday,1,4,46,30,0,0,0,0,0,0,0,0,19,50,50,,,,,,,,,-0.05454545454545661,,,Merrell Moab 2 GTX,Outdoor,Zapatillas Trail,,0,,0,,0,,0,,0,,0,,0,,0,,0,,0,,0,,0,,1,,0,,0,,0,,0,,0,,0,,0,,0,,0,,0,,0,,0,,1,,0,,0,,0,,0,,0,,0,,0,,0,,0,,0,,0,,0,,0,,0,,0,,0,,0,,1
2025-11-12,PROD_019,Merrell Moab 2 GTX,Outdoor,Zapatillas Trail,110,False,,109.31,,2025,11,12,Wednesday,2,4,46,30,0,0,0,0,0,0,0,0,18,49,49,,,,,,,,,-0.6272727272727252,,,Merrell Moab 2 GTX,Outdoor,Zapatillas Trail,,0,,0,,0,,0,,0,,0,,0,,0,,0,,0,,0,,0,,1,,0,,0,,0,,0,,0,,0,,0,,0,,0,,0,,0,,0,,1,,0,,0,,0,,0,,0,,0,,0,,0,,0,,0,,0,,0,,0,,0,,0,,0,,0,,1
2025-11-13,PROD_019,Merrell Moab 2 GTX,Outdoor,Zapatillas Trail,110,False,,111.52,,2025,11,13,Thursday,3,4,46,30,0,0,0,0,0,0,0,0,17,48,48,,,,,,,,,1.381818181818178,,,Merrell Moab 2 GTX,Outdoor,Zapatillas Trail,,0,,0,,0,,0,,0,,0,,0,,0,,0,,0,,0,,0,,1,,0,,0,,0,,0,,0,,0,,0,,0,,0,,0,,0,,0,,1,,0,,0,,0,,0,,0,,0,,0,,0,,0,,0,,0,,0,,0,,0,,0,,0,,0,,1
2025-11-14,PROD_019,Merrell Moab 2 GTX,Outdoor,Zapatillas Trail,110,False,,109.15,,2025,11,14,Friday,4,4,46,30,0,0,0,0,0,0,0,0,16,47,47,,,,,,,,,-0.7727272727272676,,,Merrell Moab 2 GTX,Outdoor,Zapatillas Trail,,0,,0,,0,,0,,0,,0,,0,,0,,0,,0,,0,,0,,1,,0,,0,,0,,0,,0,,0,,0,,0,,0,,0,,0,,0,,1,,0,,0,,0,,0,,0,,0,,0,,0,,0,,0,,0,,0,,0,,0,,0,,0,,0,,1
2025-11-15,PROD_019,Merrell Moab 2 GTX,Outdoor,Zapatillas Trail,110,False,,111.31,,2025,11,15,Saturday,5,4,46,30,1,0,0,0,0,0,0,0,15,46,46,,,,,,,,,1.190909090909093,,,Merrell Moab 2 GTX,Outdoor,Zapatillas Trail,,0,,0,,0,,0,,0,,0,,0,,0,,0,,0,,0,,0,,1,,0,,0,,0,,0,,0,,0,,0,,0,,0,,0,,0,,0,,1,,0,,0,,0,,0,,0,,0,,0,,0,,0,,0,,0,,0,,0,,0,,0,,0,,0,,1
2025-11-16,PROD_019,Merrell Moab 2 GTX,Outdoor,Zapatillas Trail,110,False,,109.2,,2025,11,16,Sunday,6,4,46,30,1,0,0,0,0,0,0,0,14,45,45,,,,,,,,,-0.7272727272727246,,,Merrell Moab 2 GTX,Outdoor,Zapatillas Trail,,0,,0,,0,,0,,0,,0,,0,,0,,0,,0,,0,,0,,1,,0,,0,,0,,0,,0,,0,,0,,0,,0,,0,,0,,0,,1,,0,,0,,0,,0,,0,,0,,0,,0,,0,,0,,0,,0,,0,,0,,0,,0,,0,,1
2025-11-17,PROD_019,Merrell Moab 2 GTX,Outdoor,Zapatillas Trail,110,False,,110.44,,2025,11,17,Monday,0,4,47,30,0,0,0,0,0,0,0,0,13,44,44,,,,,,,,,0.3999999999999979,,,Merrell Moab 2 GTX,Outdoor,Zapatillas Trail,,0,,0,,0,,0,,0,,0,,0,,0,,0,,0,,0,,0,,1,,0,,0,,0,,0,,0,,0,,0,,0,,0,,0,,0,,0,,1,,0,,0,,0,,0,,0,,0,,0,,0,,0,,0,,0,,0,,0,,0,,0,,0,,0,,1
2025-11-18,PROD_019,Merrell Moab 2 GTX,Outdoor,Zapatillas Trail,110,False,,109.69,,2025,11,18,Tuesday,1,4,47,30,0,0,0,0,0,0,0,0,12,43,43,,,,,,,,,-0.2818181818181839,,,Merrell Moab 2 GTX,Outdoor,Zapatillas Trail,,0,,0,,0,,0,,0,,0,,0,,0,,0,,0,,0,,0,,1,,0,,0,,0,,0,,0,,0,,0,,0,,0,,0,,0,,0,,1,,0,,0,,0,,0,,0,,0,,0,,0,,0,,0,,0,,0,,0,,0,,0,,0,,0,,1
2025-11-19,PROD_019,Merrell Moab 2 GTX,Outdoor,Zapatillas Trail,110,False,,107.91,,2025,11,19,Wednesday,2,4,47,30,0,0,0,0,0,0,0,0,11,42,42,,,,,,,,,-1.900000000000003,,,Merrell Moab 2 GTX,Outdoor,Zapatillas Trail,,0,,0,,0,,0,,0,,0,,0,,0,,0,,0,,0,,0,,1,,0,,0,,0,,0,,0,,0,,0,,0,,0,,0,,0,,0,,1,,0,,0,,0,,0,,0,,0,,0,,0,,0,,0,,0,,0,,0,,0,,0,,0,,0,,1
2025-11-20,PROD_019,Merrell Moab 2 GTX,Outdoor,Zapatillas Trail,110,False,,109.6,,2025,11,20,Thursday,3,4,47,30,0,0,0,0,0,0,0,0,10,41,41,,,,,,,,,-0.3636363636363688,,,Merrell Moab 2 GTX,Outdoor,Zapatillas Trail,,0,,0,,0,,0,,0,,0,,0,,0,,0,,0,,0,,0,,1,,0,,0,,0,,0,,0,,0,,0,,0,,0,,0,,0,,0,,1,,0,,0,,0,,0,,0,,0,,0,,0,,0,,0,,0,,0,,0,,0,,0,,0,,0,,1
2025-11-21,PROD_019,Merrell Moab 2 GTX,Outdoor,Zapatillas Trail,110,False,,110.47,,2025,11,21,Friday,4,4,47,30,0,0,0,0,0,0,0,0,9,40,40,,,,,,,,,0.42727272727272625,,,Merrell Moab 2 GTX,Outdoor,Zapatillas Trail,,0,,0,,0,,0,,0,,0,,0,,0,,0,,0,,0,,0,,1,,0,,0,,0,,0,,0,,0,,0,,0,,0,,0,,0,,0,,1,,0,,0,,0,,0,,0,,0,,0,,0,,0,,0,,0,,0,,0,,0,,0,,0,,0,,1
2025-11-22,PROD_019,Merrell Moab 2 GTX,Outdoor,Zapatillas Trail,110,False,,110.83,,2025,11,22,Saturday,5,4,47,30,1,0,0,0,0,0,0,0,8,39,39,,,,,,,,,0.754545454545453,,,Merrell Moab 2 GTX,Outdoor,Zapatillas Trail,,0,,0,,0,,0,,0,,0,,0,,0,,0,,0,,0,,0,,1,,0,,0,,0,,0,,0,,0,,0,,0,,0,,0,,0,,0,,1,,0,,0,,0,,0,,0,,0,,0,,0,,0,,0,,0,,0,,0,,0,,0,,0,,0,,1
2025-11-23,PROD_019,Merrell Moab 2 GTX,Outdoor,Zapatillas Trail,110,False,,107.92,,2025,11,23,Sunday,6,4,47,30,1,0,0,0,0,0,0,0,7,38,38,,,,,,,,,-1.8909090909090893,,,Merrell Moab 2 GTX,Outdoor,Zapatillas Trail,,0,,0,,0,,0,,0,,0,,0,,0,,0,,0,,0,,0,,1,,0,,0,,0,,0,,0,,0,,0,,0,,0,,0,,0,,0,,1,,0,,0,,0,,0,,0,,0,,0,,0,,0,,0,,0,,0,,0,,0,,0,,0,,0,,1
2025-11-24,PROD_019,Merrell Moab 2 GTX,Outdoor,Zapatillas Trail,110,False,,107.94,,2025,11,24,Monday,0,4,48,30,0,0,0,0,0,0,0,0,6,37,37,,,,,,,,,-1.8727272727272748,,,Merrell Moab 2 GTX,Outdoor,Zapatillas Trail,,0,,0,,0,,0,,0,,0,,0,,0,,0,,0,,0,,0,,1,,0,,0,,0,,0,,0,,0,,0,,0,,0,,0,,0,,0,,1,,0,,0,,0,,0,,0,,0,,0,,0,,0,,0,,0,,0,,0,,0,,0,,0,,0,,1
2025-11-25,PROD_019,Merrell Moab 2 GTX,Outdoor,Zapatillas Trail,110,False,,107.9,,2025,11,25,Tuesday,1,4,48,30,0,0,0,0,0,0,0,0,5,36,36,,,,,,,,,-1.909090909090904,,,Merrell Moab 2 GTX,Outdoor,Zapatillas Trail,,0,,0,,0,,0,,0,,0,,0,,0,,0,,0,,0,,0,,1,,0,,0,,0,,0,,0,,0,,0,,0,,0,,0,,0,,0,,1,,0,,0,,0,,0,,0,,0,,0,,0,,0,,0,,0,,0,,0,,0,,0,,0,,0,,1
2025-11-26,PROD_019,Merrell Moab 2 GTX,Outdoor,Zapatillas Trail,110,False,,108.31,,2025,11,26,Wednesday,2,4,48,30,0,0,0,0,0,0,0,0,4,35,35,,,,,,,,,-1.5363636363636344,,,Merrell Moab 2 GTX,Outdoor,Zapatillas Trail,,0,,0,,0,,0,,0,,0,,0,,0,,0,,0,,0,,0,,1,,0,,0,,0,,0,,0,,0,,0,,0,,0,,0,,0,,0,,1,,0,,0,,0,,0,,0,,0,,0,,0,,0,,0,,0,,0,,0,,0,,0,,0,,0,,1
2025-11-27,PROD_019,Merrell Moab 2 GTX,Outdoor,Zapatillas Trail,110,False,,111.71,,2025,11,27,Thursday,3,4,48,30,0,0,0,0,0,0,0,0,3,34,34,,,,,,,,,1.554545454545449,,,Merrell Moab 2 GTX,Outdoor,Zapatillas Trail,,0,,0,,0,,0,,0,,0,,0,,0,,0,,0,,0,,0,,1,,0,,0,,0,,0,,0,,0,,0,,0,,0,,0,,0,,0,,1,,0,,0,,0,,0,,0,,0,,0,,0,,0,,0,,0,,0,,0,,0,,0,,0,,0,,1
2025-11-28,PROD_019,Merrell Moab 2 GTX,Outdoor,Zapatillas Trail,110,False,,93.5,,2025,11,28,Friday,4,4,48,30,0,0,1,0,0,0,0,0,2,33,33,,,,,,,,,-15.0,,,Merrell Moab 2 GTX,Outdoor,Zapatillas Trail,,0,,0,,0,,0,,0,,0,,0,,0,,0,,0,,0,,0,,1,,0,,0,,0,,0,,0,,0,,0,,0,,0,,0,,0,,0,,1,,0,,0,,0,,0,,0,,0,,0,,0,,0,,0,,0,,0,,0,,0,,0,,0,,0,,1
2025-11-29,PROD_019,Merrell Moab 2 GTX,Outdoor,Zapatillas Trail,110,False,,110.18,,2025,11,29,Saturday,5,4,48,30,1,0,0,0,0,0,0,0,1,32,32,,,,,,,,,0.16363636363636982,,,Merrell Moab 2 GTX,Outdoor,Zapatillas Trail,,0,,0,,0,,0,,0,,0,,0,,0,,0,,0,,0,,0,,1,,0,,0,,0,,0,,0,,0,,0,,0,,0,,0,,0,,0,,1,,0,,0,,0,,0,,0,,0,,0,,0,,0,,0,,0,,0,,0,,0,,0,,0,,0,,1
2025-11-30,PROD_019,Merrell Moab 2 GTX,Outdoor,Zapatillas Trail,110,False,,109.74,,2025,11,30,Sunday,6,4,48,30,1,0,0,0,0,0,0,0,0,31,31,,,,,,,,,-0.23636363636364102,,,Merrell Moab 2 GTX,Outdoor,Zapatillas Trail,,0,,0,,0,,0,,0,,0,,0,,0,,0,,0,,0,,0,,1,,0,,0,,0,,0,,0,,0,,0,,0,,0,,0,,0,,0,,1,,0,,0,,0,,0,,0,,0,,0,,0,,0,,0,,0,,0,,0,,0,,0,,0,,0,,1
2025-11-01,PROD_020,Quechua MH500,Outdoor,Ropa Montaña,80,False,,80.84,,2025,11,1,Saturday,5,4,44,30,1,1,0,0,0,0,0,0,29,60,60,3.0,2.0,6.0,2.0,4.0,3.0,1.0,3.0,1.0500000000000043,,,Quechua MH500,Outdoor,Ropa Montaña,,0,,0,,0,,0,,0,,0,,0,,0,,0,,0,,0,,0,,0,,0,,0,,0,,0,,1,,0,,0,,0,,0,,0,,0,,0,,1,,0,,0,,0,,0,,0,,0,,0,,0,,0,,0,,0,,0,,0,,0,,1,,0,,0,,0
2025-11-02,PROD_020,Quechua MH500,Outdoor,Ropa Montaña,80,False,,79.98,,2025,11,2,Sunday,6,4,44,30,1,0,0,0,0,0,0,0,28,59,59,,3.0,2.0,6.0,2.0,4.0,3.0,3.3333333333333335,-0.024999999999995023,,,Quechua MH500,Outdoor,Ropa Montaña,,0,,0,,0,,0,,0,,0,,0,,0,,0,,0,,0,,0,,0,,0,,0,,0,,0,,1,,0,,0,,0,,0,,0,,0,,0,,1,,0,,0,,0,,0,,0,,0,,0,,0,,0,,0,,0,,0,,0,,0,,1,,0,,0,,0
2025-11-03,PROD_020,Quechua MH500,Outdoor,Ropa Montaña,80,False,,81.05,,2025,11,3,Monday,0,4,45,30,0,0,0,0,0,0,0,0,27,58,58,,,3.0,2.0,6.0,2.0,4.0,3.4,1.3124999999999964,,,Quechua MH500,Outdoor,Ropa Montaña,,0,,0,,0,,0,,0,,0,,0,,0,,0,,0,,0,,0,,0,,0,,0,,0,,0,,1,,0,,0,,0,,0,,0,,0,,0,,1,,0,,0,,0,,0,,0,,0,,0,,0,,0,,0,,0,,0,,0,,0,,1,,0,,0,,0
2025-11-04,PROD_020,Quechua MH500,Outdoor,Ropa Montaña,80,False,,81.46,,2025,11,4,Tuesday,1,4,45,30,0,0,0,0,0,0,0,0,26,57,57,,,,3.0,2.0,6.0,2.0,3.25,1.8249999999999922,,,Quechua MH500,Outdoor,Ropa Montaña,,0,,0,,0,,0,,0,,0,,0,,0,,0,,0,,0,,0,,0,,0,,0,,0,,0,,1,,0,,0,,0,,0,,0,,0,,0,,1,,0,,0,,0,,0,,0,,0,,0,,0,,0,,0,,0,,0,,0,,0,,1,,0,,0,,0
2025-11-05,PROD_020,Quechua MH500,Outdoor,Ropa Montaña,80,False,,81.11,,2025,11,5,Wednesday,2,4,45,30,0,0,0,0,0,0,0,0,25,56,56,,,,,3.0,2.0,6.0,3.6666666666666665,1.3874999999999993,,,Quechua MH500,Outdoor,Ropa Montaña,,0,,0,,0,,0,,0,,0,,0,,0,,0,,0,,0,,0,,0,,0,,0,,0,,0,,1,,0,,0,,0,,0,,0,,0,,0,,1,,0,,0,,0,,0,,0,,0,,0,,0,,0,,0,,0,,0,,0,,0,,1,,0,,0,,0
2025-11-06,PROD_020,Quechua MH500,Outdoor,Ropa Montaña,80,False,,80.03,,2025,11,6,Thursday,3,4,45,30,0,0,0,0,0,0,0,0,24,55,55,,,,,,3.0,2.0,2.5,0.03750000000000142,,,Quechua MH500,Outdoor,Ropa Montaña,,0,,0,,0,,0,,0,,0,,0,,0,,0,,0,,0,,0,,0,,0,,0,,0,,0,,1,,0,,0,,0,,0,,0,,0,,0,,1,,0,,0,,0,,0,,0,,0,,0,,0,,0,,0,,0,,0,,0,,0,,1,,0,,0,,0
2025-11-07,PROD_020,Quechua MH500,Outdoor,Ropa Montaña,80,False,,80.6,,2025,11,7,Friday,4,4,45,30,0,0,0,0,0,0,0,0,23,54,54,,,,,,,3.0,3.0,0.7499999999999929,,,Quechua MH500,Outdoor,Ropa Montaña,,0,,0,,0,,0,,0,,0,,0,,0,,0,,0,,0,,0,,0,,0,,0,,0,,0,,1,,0,,0,,0,,0,,0,,0,,0,,1,,0,,0,,0,,0,,0,,0,,0,,0,,0,,0,,0,,0,,0,,0,,1,,0,,0,,0
2025-11-08,PROD_020,Quechua MH500,Outdoor,Ropa Montaña,80,False,,78.83,,2025,11,8,Saturday,5,4,45,30,1,0,0,0,0,0,0,0,22,53,53,,,,,,,,,-1.4625000000000021,,,Quechua MH500,Outdoor,Ropa Montaña,,0,,0,,0,,0,,0,,0,,0,,0,,0,,0,,0,,0,,0,,0,,0,,0,,0,,1,,0,,0,,0,,0,,0,,0,,0,,1,,0,,0,,0,,0,,0,,0,,0,,0,,0,,0,,0,,0,,0,,0,,1,,0,,0,,0
2025-11-09,PROD_020,Quechua MH500,Outdoor,Ropa Montaña,80,False,,79.07,,2025,11,9,Sunday,6,4,45,30,1,0,0,0,0,0,0,0,21,52,52,,,,,,,,,-1.1625000000000085,,,Quechua MH500,Outdoor,Ropa Montaña,,0,,0,,0,,0,,0,,0,,0,,0,,0,,0,,0,,0,,0,,0,,0,,0,,0,,1,,0,,0,,0,,0,,0,,0,,0,,1,,0,,0,,0,,0,,0,,0,,0,,0,,0,,0,,0,,0,,0,,0,,1,,0,,0,,0
2025-11-10,PROD_020,Quechua MH500,Outdoor,Ropa Montaña,80,False,,78.45,,2025,11,10,Monday,0,4,46,30,0,0,0,0,0,0,0,0,20,51,51,,,,,,,,,-1.9374999999999964,,,Quechua MH500,Outdoor,Ropa Montaña,,0,,0,,0,,0,,0,,0,,0,,0,,0,,0,,0,,0,,0,,0,,0,,0,,0,,1,,0,,0,,0,,0,,0,,0,,0,,1,,0,,0,,0,,0,,0,,0,,0,,0,,0,,0,,0,,0,,0,,0,,1,,0,,0,,0
2025-11-11,PROD_020,Quechua MH500,Outdoor,Ropa Montaña,80,False,,80.81,,2025,11,11,Tuesday,1,4,46,30,0,0,0,0,0,0,0,0,19,50,50,,,,,,,,,1.0125000000000028,,,Quechua MH500,Outdoor,Ropa Montaña,,0,,0,,0,,0,,0,,0,,0,,0,,0,,0,,0,,0,,0,,0,,0,,0,,0,,1,,0,,0,,0,,0,,0,,0,,0,,1,,0,,0,,0,,0,,0,,0,,0,,0,,0,,0,,0,,0,,0,,0,,1,,0,,0,,0
2025-11-12,PROD_020,Quechua MH500,Outdoor,Ropa Montaña,80,False,,80.85,,2025,11,12,Wednesday,2,4,46,30,0,0,0,0,0,0,0,0,18,49,49,,,,,,,,,1.062499999999993,,,Quechua MH500,Outdoor,Ropa Montaña,,0,,0,,0,,0,,0,,0,,0,,0,,0,,0,,0,,0,,0,,0,,0,,0,,0,,1,,0,,0,,0,,0,,0,,0,,0,,1,,0,,0,,0,,0,,0,,0,,0,,0,,0,,0,,0,,0,,0,,0,,1,,0,,0,,0
2025-11-13,PROD_020,Quechua MH500,Outdoor,Ropa Montaña,80,False,,78.65,,2025,11,13,Thursday,3,4,46,30,0,0,0,0,0,0,0,0,17,48,48,,,,,,,,,-1.687499999999993,,,Quechua MH500,Outdoor,Ropa Montaña,,0,,0,,0,,0,,0,,0,,0,,0,,0,,0,,0,,0,,0,,0,,0,,0,,0,,1,,0,,0,,0,,0,,0,,0,,0,,1,,0,,0,,0,,0,,0,,0,,0,,0,,0,,0,,0,,0,,0,,0,,1,,0,,0,,0
2025-11-14,PROD_020,Quechua MH500,Outdoor,Ropa Montaña,80,False,,78.61,,2025,11,14,Friday,4,4,46,30,0,0,0,0,0,0,0,0,16,47,47,,,,,,,,,-1.737500000000001,,,Quechua MH500,Outdoor,Ropa Montaña,,0,,0,,0,,0,,0,,0,,0,,0,,0,,0,,0,,0,,0,,0,,0,,0,,0,,1,,0,,0,,0,,0,,0,,0,,0,,1,,0,,0,,0,,0,,0,,0,,0,,0,,0,,0,,0,,0,,0,,0,,1,,0,,0,,0
2025-11-15,PROD_020,Quechua MH500,Outdoor,Ropa Montaña,80,False,,78.65,,2025,11,15,Saturday,5,4,46,30,1,0,0,0,0,0,0,0,15,46,46,,,,,,,,,-1.687499999999993,,,Quechua MH500,Outdoor,Ropa Montaña,,0,,0,,0,,0,,0,,0,,0,,0,,0,,0,,0,,0,,0,,0,,0,,0,,0,,1,,0,,0,,0,,0,,0,,0,,0,,1,,0,,0,,0,,0,,0,,0,,0,,0,,0,,0,,0,,0,,0,,0,,1,,0,,0,,0
2025-11-16,PROD_020,Quechua MH500,Outdoor,Ropa Montaña,80,False,,80.66,,2025,11,16,Sunday,6,4,46,30,1,0,0,0,0,0,0,0,14,45,45,,,,,,,,,0.8249999999999957,,,Quechua MH500,Outdoor,Ropa Montaña,,0,,0,,0,,0,,0,,0,,0,,0,,0,,0,,0,,0,,0,,0,,0,,0,,0,,1,,0,,0,,0,,0,,0,,0,,0,,1,,0,,0,,0,,0,,0,,0,,0,,0,,0,,0,,0,,0,,0,,0,,1,,0,,0,,0
2025-11-17,PROD_020,Quechua MH500,Outdoor,Ropa Montaña,80,False,,80.97,,2025,11,17,Monday,0,4,47,30,0,0,0,0,0,0,0,0,13,44,44,,,,,,,,,1.2124999999999986,,,Quechua MH500,Outdoor,Ropa Montaña,,0,,0,,0,,0,,0,,0,,0,,0,,0,,0,,0,,0,,0,,0,,0,,0,,0,,1,,0,,0,,0,,0,,0,,0,,0,,1,,0,,0,,0,,0,,0,,0,,0,,0,,0,,0,,0,,0,,0,,0,,1,,0,,0,,0
2025-11-18,PROD_020,Quechua MH500,Outdoor,Ropa Montaña,80,False,,81.3,,2025,11,18,Tuesday,1,4,47,30,0,0,0,0,0,0,0,0,12,43,43,,,,,,,,,1.6249999999999967,,,Quechua MH500,Outdoor,Ropa Montaña,,0,,0,,0,,0,,0,,0,,0,,0,,0,,0,,0,,0,,0,,0,,0,,0,,0,,1,,0,,0,,0,,0,,0,,0,,0,,1,,0,,0,,0,,0,,0,,0,,0,,0,,0,,0,,0,,0,,0,,0,,1,,0,,0,,0
2025-11-19,PROD_020,Quechua MH500,Outdoor,Ropa Montaña,80,False,,81.53,,2025,11,19,Wednesday,2,4,47,30,0,0,0,0,0,0,0,0,11,42,42,,,,,,,,,1.9125000000000014,,,Quechua MH500,Outdoor,Ropa Montaña,,0,,0,,0,,0,,0,,0,,0,,0,,0,,0,,0,,0,,0,,0,,0,,0,,0,,1,,0,,0,,0,,0,,0,,0,,0,,1,,0,,0,,0,,0,,0,,0,,0,,0,,0,,0,,0,,0,,0,,0,,1,,0,,0,,0
2025-11-20,PROD_020,Quechua MH500,Outdoor,Ropa Montaña,80,False,,80.47,,2025,11,20,Thursday,3,4,47,30,0,0,0,0,0,0,0,0,10,41,41,,,,,,,,,0.5874999999999986,,,Quechua MH500,Outdoor,Ropa Montaña,,0,,0,,0,,0,,0,,0,,0,,0,,0,,0,,0,,0,,0,,0,,0,,0,,0,,1,,0,,0,,0,,0,,0,,0,,0,,1,,0,,0,,0,,0,,0,,0,,0,,0,,0,,0,,0,,0,,0,,0,,1,,0,,0,,0
2025-11-21,PROD_020,Quechua MH500,Outdoor,Ropa Montaña,80,False,,78.63,,2025,11,21,Friday,4,4,47,30,0,0,0,0,0,0,0,0,9,40,40,,,,,,,,,-1.7125000000000057,,,Quechua MH500,Outdoor,Ropa Montaña,,0,,0,,0,,0,,0,,0,,0,,0,,0,,0,,0,,0,,0,,0,,0,,0,,0,,1,,0,,0,,0,,0,,0,,0,,0,,1,,0,,0,,0,,0,,0,,0,,0,,0,,0,,0,,0,,0,,0,,0,,1,,0,,0,,0
2025-11-22,PROD_020,Quechua MH500,Outdoor,Ropa Montaña,80,False,,80.68,,2025,11,22,Saturday,5,4,47,30,1,0,0,0,0,0,0,0,8,39,39,,,,,,,,,0.8500000000000085,,,Quechua MH500,Outdoor,Ropa Montaña,,0,,0,,0,,0,,0,,0,,0,,0,,0,,0,,0,,0,,0,,0,,0,,0,,0,,1,,0,,0,,0,,0,,0,,0,,0,,1,,0,,0,,0,,0,,0,,0,,0,,0,,0,,0,,0,,0,,0,,0,,1,,0,,0,,0
2025-11-23,PROD_020,Quechua MH500,Outdoor,Ropa Montaña,80,False,,78.86,,2025,11,23,Sunday,6,4,47,30,1,0,0,0,0,0,0,0,7,38,38,,,,,,,,,-1.4250000000000007,,,Quechua MH500,Outdoor,Ropa Montaña,,0,,0,,0,,0,,0,,0,,0,,0,,0,,0,,0,,0,,0,,0,,0,,0,,0,,1,,0,,0,,0,,0,,0,,0,,0,,1,,0,,0,,0,,0,,0,,0,,0,,0,,0,,0,,0,,0,,0,,0,,1,,0,,0,,0
2025-11-24,PROD_020,Quechua MH500,Outdoor,Ropa Montaña,80,False,,79.99,,2025,11,24,Monday,0,4,48,30,0,0,0,0,0,0,0,0,6,37,37,,,,,,,,,-0.012500000000006395,,,Quechua MH500,Outdoor,Ropa Montaña,,0,,0,,0,,0,,0,,0,,0,,0,,0,,0,,0,,0,,0,,0,,0,,0,,0,,1,,0,,0,,0,,0,,0,,0,,0,,1,,0,,0,,0,,0,,0,,0,,0,,0,,0,,0,,0,,0,,0,,0,,1,,0,,0,,0
2025-11-25,PROD_020,Quechua MH500,Outdoor,Ropa Montaña,80,False,,80.8,,2025,11,25,Tuesday,1,4,48,30,0,0,0,0,0,0,0,0,5,36,36,,,,,,,,,0.9999999999999963,,,Quechua MH500,Outdoor,Ropa Montaña,,0,,0,,0,,0,,0,,0,,0,,0,,0,,0,,0,,0,,0,,0,,0,,0,,0,,1,,0,,0,,0,,0,,0,,0,,0,,1,,0,,0,,0,,0,,0,,0,,0,,0,,0,,0,,0,,0,,0,,0,,1,,0,,0,,0
2025-11-26,PROD_020,Quechua MH500,Outdoor,Ropa Montaña,80,False,,79.28,,2025,11,26,Wednesday,2,4,48,30,0,0,0,0,0,0,0,0,4,35,35,,,,,,,,,-0.8999999999999986,,,Quechua MH500,Outdoor,Ropa Montaña,,0,,0,,0,,0,,0,,0,,0,,0,,0,,0,,0,,0,,0,,0,,0,,0,,0,,1,,0,,0,,0,,0,,0,,0,,0,,1,,0,,0,,0,,0,,0,,0,,0,,0,,0,,0,,0,,0,,0,,0,,1,,0,,0,,0
2025-11-27,PROD_020,Quechua MH500,Outdoor,Ropa Montaña,80,False,,79.41,,2025,11,27,Thursday,3,4,48,30,0,0,0,0,0,0,0,0,3,34,34,,,,,,,,,-0.7375000000000043,,,Quechua MH500,Outdoor,Ropa Montaña,,0,,0,,0,,0,,0,,0,,0,,0,,0,,0,,0,,0,,0,,0,,0,,0,,0,,1,,0,,0,,0,,0,,0,,0,,0,,1,,0,,0,,0,,0,,0,,0,,0,,0,,0,,0,,0,,0,,0,,0,,1,,0,,0,,0
2025-11-28,PROD_020,Quechua MH500,Outdoor,Ropa Montaña,80,False,,68.0,,2025,11,28,Friday,4,4,48,30,0,0,1,0,0,0,0,0,2,33,33,,,,,,,,,-15.0,,,Quechua MH500,Outdoor,Ropa Montaña,,0,,0,,0,,0,,0,,0,,0,,0,,0,,0,,0,,0,,0,,0,,0,,0,,0,,1,,0,,0,,0,,0,,0,,0,,0,,1,,0,,0,,0,,0,,0,,0,,0,,0,,0,,0,,0,,0,,0,,0,,1,,0,,0,,0
2025-11-29,PROD_020,Quechua MH500,Outdoor,Ropa Montaña,80,False,,79.79,,2025,11,29,Saturday,5,4,48,30,1,0,0,0,0,0,0,0,1,32,32,,,,,,,,,-0.2624999999999922,,,Quechua MH500,Outdoor,Ropa Montaña,,0,,0,,0,,0,,0,,0,,0,,0,,0,,0,,0,,0,,0,,0,,0,,0,,0,,1,,0,,0,,0,,0,,0,,0,,0,,1,,0,,0,,0,,0,,0,,0,,0,,0,,0,,0,,0,,0,,0,,0,,1,,0,,0,,0
2025-11-30,PROD_020,Quechua MH500,Outdoor,Ropa Montaña,80,False,,79.64,,2025,11,30,Sunday,6,4,48,30,1,0,0,0,0,0,0,0,0,31,31,,,,,,,,,-0.4499999999999993,,,Quechua MH500,Outdoor,Ropa Montaña,,0,,0,,0,,0,,0,,0,,0,,0,,0,,0,,0,,0,,0,,0,,0,,0,,0,,1,,0,,0,,0,,0,,0,,0,,0,,1,,0,,0,,0,,0,,0,,0,,0,,0,,0,,0,,0,,0,,0,,0,,1,,0,,0,,0
2025-11-01,PROD_021,Manduka PRO Yoga Mat,Wellness,Esterilla Yoga,130,True,,130.0,,2025,11,1,Saturday,5,4,44,30,1,1,0,0,0,0,0,0,29,60,60,6.0,5.0,6.0,6.0,6.0,7.0,10.0,6.571428571428571,0.0,,,Manduka PRO Yoga Mat,Wellness,Esterilla Yoga,,0,,0,,0,,0,,0,,0,,0,,0,,0,,0,,0,,1,,0,,0,,0,,0,,0,,0,,0,,0,,0,,0,,0,,0,,0,,0,,0,,1,,0,,0,,0,,0,,0,,0,,1,,0,,0,,0,,0,,0,,0,,0,,0,,0
2025-11-02,PROD_021,Manduka PRO Yoga Mat,Wellness,Esterilla Yoga,130,True,,130.0,,2025,11,2,Sunday,6,4,44,30,1,0,0,0,0,0,0,0,28,59,59,,6.0,5.0,6.0,6.0,6.0,7.0,6.0,0.0,,,Manduka PRO Yoga Mat,Wellness,Esterilla Yoga,,0,,0,,0,,0,,0,,0,,0,,0,,0,,0,,0,,1,,0,,0,,0,,0,,0,,0,,0,,0,,0,,0,,0,,0,,0,,0,,0,,1,,0,,0,,0,,0,,0,,0,,1,,0,,0,,0,,0,,0,,0,,0,,0,,0
2025-11-03,PROD_021,Manduka PRO Yoga Mat,Wellness,Esterilla Yoga,130,True,,130.0,,2025,11,3,Monday,0,4,45,30,0,0,0,0,0,0,0,0,27,58,58,,,6.0,5.0,6.0,6.0,6.0,5.8,0.0,,,Manduka PRO Yoga Mat,Wellness,Esterilla Yoga,,0,,0,,0,,0,,0,,0,,0,,0,,0,,0,,0,,1,,0,,0,,0,,0,,0,,0,,0,,0,,0,,0,,0,,0,,0,,0,,0,,1,,0,,0,,0,,0,,0,,0,,1,,0,,0,,0,,0,,0,,0,,0,,0,,0
2025-11-04,PROD_021,Manduka PRO Yoga Mat,Wellness,Esterilla Yoga,130,True,,130.0,,2025,11,4,Tuesday,1,4,45,30,0,0,0,0,0,0,0,0,26,57,57,,,,6.0,5.0,6.0,6.0,5.75,0.0,,,Manduka PRO Yoga Mat,Wellness,Esterilla Yoga,,0,,0,,0,,0,,0,,0,,0,,0,,0,,0,,0,,1,,0,,0,,0,,0,,0,,0,,0,,0,,0,,0,,0,,0,,0,,0,,0,,1,,0,,0,,0,,0,,0,,0,,1,,0,,0,,0,,0,,0,,0,,0,,0,,0
2025-11-05,PROD_021,Manduka PRO Yoga Mat,Wellness,Esterilla Yoga,130,True,,130.0,,2025,11,5,Wednesday,2,4,45,30,0,0,0,0,0,0,0,0,25,56,56,,,,,6.0,5.0,6.0,5.666666666666667,0.0,,,Manduka PRO Yoga Mat,Wellness,Esterilla Yoga,,0,,0,,0,,0,,0,,0,,0,,0,,0,,0,,0,,1,,0,,0,,0,,0,,0,,0,,0,,0,,0,,0,,0,,0,,0,,0,,0,,1,,0,,0,,0,,0,,0,,0,,1,,0,,0,,0,,0,,0,,0,,0,,0,,0
2025-11-06,PROD_021,Manduka PRO Yoga Mat,Wellness,Esterilla Yoga,130,True,,130.0,,2025,11,6,Thursday,3,4,45,30,0,0,0,0,0,0,0,0,24,55,55,,,,,,6.0,5.0,5.5,0.0,,,Manduka PRO Yoga Mat,Wellness,Esterilla Yoga,,0,,0,,0,,0,,0,,0,,0,,0,,0,,0,,0,,1,,0,,0,,0,,0,,0,,0,,0,,0,,0,,0,,0,,0,,0,,0,,0,,1,,0,,0,,0,,0,,0,,0,,1,,0,,0,,0,,0,,0,,0,,0,,0,,0
2025-11-07,PROD_021,Manduka PRO Yoga Mat,Wellness,Esterilla Yoga,130,True,,130.0,,2025,11,7,Friday,4,4,45,30,0,0,0,0,0,0,0,0,23,54,54,,,,,,,6.0,6.0,0.0,,,Manduka PRO Yoga Mat,Wellness,Esterilla Yoga,,0,,0,,0,,0,,0,,0,,0,,0,,0,,0,,0,,1,,0,,0,,0,,0,,0,,0,,0,,0,,0,,0,,0,,0,,0,,0,,0,,1,,0,,0,,0,,0,,0,,0,,1,,0,,0,,0,,0,,0,,0,,0,,0,,0
2025-11-08,PROD_021,Manduka PRO Yoga Mat,Wellness,Esterilla Yoga,130,True,,130.0,,2025,11,8,Saturday,5,4,45,30,1,0,0,0,0,0,0,0,22,53,53,,,,,,,,,0.0,,,Manduka PRO Yoga Mat,Wellness,Esterilla Yoga,,0,,0,,0,,0,,0,,0,,0,,0,,0,,0,,0,,1,,0,,0,,0,,0,,0,,0,,0,,0,,0,,0,,0,,0,,0,,0,,0,,1,,0,,0,,0,,0,,0,,0,,1,,0,,0,,0,,0,,0,,0,,0,,0,,0
2025-11-09,PROD_021,Manduka PRO Yoga Mat,Wellness,Esterilla Yoga,130,True,,130.0,,2025,11,9,Sunday,6,4,45,30,1,0,0,0,0,0,0,0,21,52,52,,,,,,,,,0.0,,,Manduka PRO Yoga Mat,Wellness,Esterilla Yoga,,0,,0,,0,,0,,0,,0,,0,,0,,0,,0,,0,,1,,0,,0,,0,,0,,0,,0,,0,,0,,0,,0,,0,,0,,0,,0,,0,,1,,0,,0,,0,,0,,0,,0,,1,,0,,0,,0,,0,,0,,0,,0,,0,,0
2025-11-10,PROD_021,Manduka PRO Yoga Mat,Wellness,Esterilla Yoga,130,True,,130.0,,2025,11,10,Monday,0,4,46,30,0,0,0,0,0,0,0,0,20,51,51,,,,,,,,,0.0,,,Manduka PRO Yoga Mat,Wellness,Esterilla Yoga,,0,,0,,0,,0,,0,,0,,0,,0,,0,,0,,0,,1,,0,,0,,0,,0,,0,,0,,0,,0,,0,,0,,0,,0,,0,,0,,0,,1,,0,,0,,0,,0,,0,,0,,1,,0,,0,,0,,0,,0,,0,,0,,0,,0
2025-11-11,PROD_021,Manduka PRO Yoga Mat,Wellness,Esterilla Yoga,130,True,,130.0,,2025,11,11,Tuesday,1,4,46,30,0,0,0,0,0,0,0,0,19,50,50,,,,,,,,,0.0,,,Manduka PRO Yoga Mat,Wellness,Esterilla Yoga,,0,,0,,0,,0,,0,,0,,0,,0,,0,,0,,0,,1,,0,,0,,0,,0,,0,,0,,0,,0,,0,,0,,0,,0,,0,,0,,0,,1,,0,,0,,0,,0,,0,,0,,1,,0,,0,,0,,0,,0,,0,,0,,0,,0
2025-11-12,PROD_021,Manduka PRO Yoga Mat,Wellness,Esterilla Yoga,130,True,,130.0,,2025,11,12,Wednesday,2,4,46,30,0,0,0,0,0,0,0,0,18,49,49,,,,,,,,,0.0,,,Manduka PRO Yoga Mat,Wellness,Esterilla Yoga,,0,,0,,0,,0,,0,,0,,0,,0,,0,,0,,0,,1,,0,,0,,0,,0,,0,,0,,0,,0,,0,,0,,0,,0,,0,,0,,0,,1,,0,,0,,0,,0,,0,,0,,1,,0,,0,,0,,0,,0,,0,,0,,0,,0
2025-11-13,PROD_021,Manduka PRO Yoga Mat,Wellness,Esterilla Yoga,130,True,,130.0,,2025,11,13,Thursday,3,4,46,30,0,0,0,0,0,0,0,0,17,48,48,,,,,,,,,0.0,,,Manduka PRO Yoga Mat,Wellness,Esterilla Yoga,,0,,0,,0,,0,,0,,0,,0,,0,,0,,0,,0,,1,,0,,0,,0,,0,,0,,0,,0,,0,,0,,0,,0,,0,,0,,0,,0,,1,,0,,0,,0,,0,,0,,0,,1,,0,,0,,0,,0,,0,,0,,0,,0,,0
2025-11-14,PROD_021,Manduka PRO Yoga Mat,Wellness,Esterilla Yoga,130,True,,130.0,,2025,11,14,Friday,4,4,46,30,0,0,0,0,0,0,0,0,16,47,47,,,,,,,,,0.0,,,Manduka PRO Yoga Mat,Wellness,Esterilla Yoga,,0,,0,,0,,0,,0,,0,,0,,0,,0,,0,,0,,1,,0,,0,,0,,0,,0,,0,,0,,0,,0,,0,,0,,0,,0,,0,,0,,1,,0,,0,,0,,0,,0,,0,,1,,0,,0,,0,,0,,0,,0,,0,,0,,0
2025-11-15,PROD_021,Manduka PRO Yoga Mat,Wellness,Esterilla Yoga,130,True,,130.0,,2025,11,15,Saturday,5,4,46,30,1,0,0,0,0,0,0,0,15,46,46,,,,,,,,,0.0,,,Manduka PRO Yoga Mat,Wellness,Esterilla Yoga,,0,,0,,0,,0,,0,,0,,0,,0,,0,,0,,0,,1,,0,,0,,0,,0,,0,,0,,0,,0,,0,,0,,0,,0,,0,,0,,0,,1,,0,,0,,0,,0,,0,,0,,1,,0,,0,,0,,0,,0,,0,,0,,0,,0
2025-11-16,PROD_021,Manduka PRO Yoga Mat,Wellness,Esterilla Yoga,130,True,,130.0,,2025,11,16,Sunday,6,4,46,30,1,0,0,0,0,0,0,0,14,45,45,,,,,,,,,0.0,,,Manduka PRO Yoga Mat,Wellness,Esterilla Yoga,,0,,0,,0,,0,,0,,0,,0,,0,,0,,0,,0,,1,,0,,0,,0,,0,,0,,0,,0,,0,,0,,0,,0,,0,,0,,0,,0,,1,,0,,0,,0,,0,,0,,0,,1,,0,,0,,0,,0,,0,,0,,0,,0,,0
2025-11-17,PROD_021,Manduka PRO Yoga Mat,Wellness,Esterilla Yoga,130,True,,130.0,,2025,11,17,Monday,0,4,47,30,0,0,0,0,0,0,0,0,13,44,44,,,,,,,,,0.0,,,Manduka PRO Yoga Mat,Wellness,Esterilla Yoga,,0,,0,,0,,0,,0,,0,,0,,0,,0,,0,,0,,1,,0,,0,,0,,0,,0,,0,,0,,0,,0,,0,,0,,0,,0,,0,,0,,1,,0,,0,,0,,0,,0,,0,,1,,0,,0,,0,,0,,0,,0,,0,,0,,0
2025-11-18,PROD_021,Manduka PRO Yoga Mat,Wellness,Esterilla Yoga,130,True,,130.0,,2025,11,18,Tuesday,1,4,47,30,0,0,0,0,0,0,0,0,12,43,43,,,,,,,,,0.0,,,Manduka PRO Yoga Mat,Wellness,Esterilla Yoga,,0,,0,,0,,0,,0,,0,,0,,0,,0,,0,,0,,1,,0,,0,,0,,0,,0,,0,,0,,0,,0,,0,,0,,0,,0,,0,,0,,1,,0,,0,,0,,0,,0,,0,,1,,0,,0,,0,,0,,0,,0,,0,,0,,0
2025-11-19,PROD_021,Manduka PRO Yoga Mat,Wellness,Esterilla Yoga,130,True,,130.0,,2025,11,19,Wednesday,2,4,47,30,0,0,0,0,0,0,0,0,11,42,42,,,,,,,,,0.0,,,Manduka PRO Yoga Mat,Wellness,Esterilla Yoga,,0,,0,,0,,0,,0,,0,,0,,0,,0,,0,,0,,1,,0,,0,,0,,0,,0,,0,,0,,0,,0,,0,,0,,0,,0,,0,,0,,1,,0,,0,,0,,0,,0,,0,,1,,0,,0,,0,,0,,0,,0,,0,,0,,0
2025-11-20,PROD_021,Manduka PRO Yoga Mat,Wellness,Esterilla Yoga,130,True,,130.0,,2025,11,20,Thursday,3,4,47,30,0,0,0,0,0,0,0,0,10,41,41,,,,,,,,,0.0,,,Manduka PRO Yoga Mat,Wellness,Esterilla Yoga,,0,,0,,0,,0,,0,,0,,0,,0,,0,,0,,0,,1,,0,,0,,0,,0,,0,,0,,0,,0,,0,,0,,0,,0,,0,,0,,0,,1,,0,,0,,0,,0,,0,,0,,1,,0,,0,,0,,0,,0,,0,,0,,0,,0
2025-11-21,PROD_021,Manduka PRO Yoga Mat,Wellness,Esterilla Yoga,130,True,,130.0,,2025,11,21,Friday,4,4,47,30,0,0,0,0,0,0,0,0,9,40,40,,,,,,,,,0.0,,,Manduka PRO Yoga Mat,Wellness,Esterilla Yoga,,0,,0,,0,,0,,0,,0,,0,,0,,0,,0,,0,,1,,0,,0,,0,,0,,0,,0,,0,,0,,0,,0,,0,,0,,0,,0,,0,,1,,0,,0,,0,,0,,0,,0,,1,,0,,0,,0,,0,,0,,0,,0,,0,,0
2025-11-22,PROD_021,Manduka PRO Yoga Mat,Wellness,Esterilla Yoga,130,True,,130.0,,2025,11,22,Saturday,5,4,47,30,1,0,0,0,0,0,0,0,8,39,39,,,,,,,,,0.0,,,Manduka PRO Yoga Mat,Wellness,Esterilla Yoga,,0,,0,,0,,0,,0,,0,,0,,0,,0,,0,,0,,1,,0,,0,,0,,0,,0,,0,,0,,0,,0,,0,,0,,0,,0,,0,,0,,1,,0,,0,,0,,0,,0,,0,,1,,0,,0,,0,,0,,0,,0,,0,,0,,0
2025-11-23,PROD_021,Manduka PRO Yoga Mat,Wellness,Esterilla Yoga,130,True,,130.0,,2025,11,23,Sunday,6,4,47,30,1,0,0,0,0,0,0,0,7,38,38,,,,,,,,,0.0,,,Manduka PRO Yoga Mat,Wellness,Esterilla Yoga,,0,,0,,0,,0,,0,,0,,0,,0,,0,,0,,0,,1,,0,,0,,0,,0,,0,,0,,0,,0,,0,,0,,0,,0,,0,,0,,0,,1,,0,,0,,0,,0,,0,,0,,1,,0,,0,,0,,0,,0,,0,,0,,0,,0
2025-11-24,PROD_021,Manduka PRO Yoga Mat,Wellness,Esterilla Yoga,130,True,,130.0,,2025,11,24,Monday,0,4,48,30,0,0,0,0,0,0,0,0,6,37,37,,,,,,,,,0.0,,,Manduka PRO Yoga Mat,Wellness,Esterilla Yoga,,0,,0,,0,,0,,0,,0,,0,,0,,0,,0,,0,,1,,0,,0,,0,,0,,0,,0,,0,,0,,0,,0,,0,,0,,0,,0,,0,,1,,0,,0,,0,,0,,0,,0,,1,,0,,0,,0,,0,,0,,0,,0,,0,,0
2025-11-25,PROD_021,Manduka PRO Yoga Mat,Wellness,Esterilla Yoga,130,True,,130.0,,2025,11,25,Tuesday,1,4,48,30,0,0,0,0,0,0,0,0,5,36,36,,,,,,,,,0.0,,,Manduka PRO Yoga Mat,Wellness,Esterilla Yoga,,0,,0,,0,,0,,0,,0,,0,,0,,0,,0,,0,,1,,0,,0,,0,,0,,0,,0,,0,,0,,0,,0,,0,,0,,0,,0,,0,,1,,0,,0,,0,,0,,0,,0,,1,,0,,0,,0,,0,,0,,0,,0,,0,,0
2025-11-26,PROD_021,Manduka PRO Yoga Mat,Wellness,Esterilla Yoga,130,True,,130.0,,2025,11,26,Wednesday,2,4,48,30,0,0,0,0,0,0,0,0,4,35,35,,,,,,,,,0.0,,,Manduka PRO Yoga Mat,Wellness,Esterilla Yoga,,0,,0,,0,,0,,0,,0,,0,,0,,0,,0,,0,,1,,0,,0,,0,,0,,0,,0,,0,,0,,0,,0,,0,,0,,0,,0,,0,,1,,0,,0,,0,,0,,0,,0,,1,,0,,0,,0,,0,,0,,0,,0,,0,,0
2025-11-27,PROD_021,Manduka PRO Yoga Mat,Wellness,Esterilla Yoga,130,True,,130.0,,2025,11,27,Thursday,3,4,48,30,0,0,0,0,0,0,0,0,3,34,34,,,,,,,,,0.0,,,Manduka PRO Yoga Mat,Wellness,Esterilla Yoga,,0,,0,,0,,0,,0,,0,,0,,0,,0,,0,,0,,1,,0,,0,,0,,0,,0,,0,,0,,0,,0,,0,,0,,0,,0,,0,,0,,1,,0,,0,,0,,0,,0,,0,,1,,0,,0,,0,,0,,0,,0,,0,,0,,0
2025-11-28,PROD_021,Manduka PRO Yoga Mat,Wellness,Esterilla Yoga,130,True,,110.5,,2025,11,28,Friday,4,4,48,30,0,0,1,0,0,0,0,0,2,33,33,,,,,,,,,-15.0,,,Manduka PRO Yoga Mat,Wellness,Esterilla Yoga,,0,,0,,0,,0,,0,,0,,0,,0,,0,,0,,0,,1,,0,,0,,0,,0,,0,,0,,0,,0,,0,,0,,0,,0,,0,,0,,0,,1,,0,,0,,0,,0,,0,,0,,1,,0,,0,,0,,0,,0,,0,,0,,0,,0
2025-11-29,PROD_021,Manduka PRO Yoga Mat,Wellness,Esterilla Yoga,130,True,,130.0,,2025,11,29,Saturday,5,4,48,30,1,0,0,0,0,0,0,0,1,32,32,,,,,,,,,0.0,,,Manduka PRO Yoga Mat,Wellness,Esterilla Yoga,,0,,0,,0,,0,,0,,0,,0,,0,,0,,0,,0,,1,,0,,0,,0,,0,,0,,0,,0,,0,,0,,0,,0,,0,,0,,0,,0,,1,,0,,0,,0,,0,,0,,0,,1,,0,,0,,0,,0,,0,,0,,0,,0,,0
2025-11-30,PROD_021,Manduka PRO Yoga Mat,Wellness,Esterilla Yoga,130,True,,130.0,,2025,11,30,Sunday,6,4,48,30,1,0,0,0,0,0,0,0,0,31,31,,,,,,,,,0.0,,,Manduka PRO Yoga Mat,Wellness,Esterilla Yoga,,0,,0,,0,,0,,0,,0,,0,,0,,0,,0,,0,,1,,0,,0,,0,,0,,0,,0,,0,,0,,0,,0,,0,,0,,0,,0,,0,,1,,0,,0,,0,,0,,0,,0,,1,,0,,0,,0,,0,,0,,0,,0,,0,,0
2025-11-01,PROD_022,Gaiam Premium Yoga Block,Wellness,Bloque Yoga,20,False,,19.92,,2025,11,1,Saturday,5,4,44,30,1,1,0,0,0,0,0,0,29,60,60,3.0,2.0,3.0,1.0,2.0,2.0,3.0,2.2857142857142856,-0.39999999999999153,,,Gaiam Premium Yoga Block,Wellness,Bloque Yoga,,0,,0,,0,,0,,0,,0,,0,,0,,1,,0,,0,,0,,0,,0,,0,,0,,0,,0,,0,,0,,0,,0,,0,,0,,0,,0,,0,,1,,0,,0,,0,,1,,0,,0,,0,,0,,0,,0,,0,,0,,0,,0,,0,,0
2025-11-02,PROD_022,Gaiam Premium Yoga Block,Wellness,Bloque Yoga,20,False,,19.89,,2025,11,2,Sunday,6,4,44,30,1,0,0,0,0,0,0,0,28,59,59,,3.0,2.0,3.0,1.0,2.0,2.0,2.1666666666666665,-0.5499999999999972,,,Gaiam Premium Yoga Block,Wellness,Bloque Yoga,,0,,0,,0,,0,,0,,0,,0,,0,,1,,0,,0,,0,,0,,0,,0,,0,,0,,0,,0,,0,,0,,0,,0,,0,,0,,0,,0,,1,,0,,0,,0,,1,,0,,0,,0,,0,,0,,0,,0,,0,,0,,0,,0,,0
2025-11-03,PROD_022,Gaiam Premium Yoga Block,Wellness,Bloque Yoga,20,False,,20.27,,2025,11,3,Monday,0,4,45,30,0,0,0,0,0,0,0,0,27,58,58,,,3.0,2.0,3.0,1.0,2.0,2.2,1.3499999999999979,,,Gaiam Premium Yoga Block,Wellness,Bloque Yoga,,0,,0,,0,,0,,0,,0,,0,,0,,1,,0,,0,,0,,0,,0,,0,,0,,0,,0,,0,,0,,0,,0,,0,,0,,0,,0,,0,,1,,0,,0,,0,,1,,0,,0,,0,,0,,0,,0,,0,,0,,0,,0,,0,,0
2025-11-04,PROD_022,Gaiam Premium Yoga Block,Wellness,Bloque Yoga,20,False,,20.02,,2025,11,4,Tuesday,1,4,45,30,0,0,0,0,0,0,0,0,26,57,57,,,,3.0,2.0,3.0,1.0,2.25,0.09999999999999788,,,Gaiam Premium Yoga Block,Wellness,Bloque Yoga,,0,,0,,0,,0,,0,,0,,0,,0,,1,,0,,0,,0,,0,,0,,0,,0,,0,,0,,0,,0,,0,,0,,0,,0,,0,,0,,0,,1,,0,,0,,0,,1,,0,,0,,0,,0,,0,,0,,0,,0,,0,,0,,0,,0
2025-11-05,PROD_022,Gaiam Premium Yoga Block,Wellness,Bloque Yoga,20,False,,19.97,,2025,11,5,Wednesday,2,4,45,30,0,0,0,0,0,0,0,0,25,56,56,,,,,3.0,2.0,3.0,2.6666666666666665,-0.15000000000000568,,,Gaiam Premium Yoga Block,Wellness,Bloque Yoga,,0,,0,,0,,0,,0,,0,,0,,0,,1,,0,,0,,0,,0,,0,,0,,0,,0,,0,,0,,0,,0,,0,,0,,0,,0,,0,,0,,1,,0,,0,,0,,1,,0,,0,,0,,0,,0,,0,,0,,0,,0,,0,,0,,0
2025-11-06,PROD_022,Gaiam Premium Yoga Block,Wellness,Bloque Yoga,20,False,,20.22,,2025,11,6,Thursday,3,4,45,30,0,0,0,0,0,0,0,0,24,55,55,,,,,,3.0,2.0,2.5,1.0999999999999943,,,Gaiam Premium Yoga Block,Wellness,Bloque Yoga,,0,,0,,0,,0,,0,,0,,0,,0,,1,,0,,0,,0,,0,,0,,0,,0,,0,,0,,0,,0,,0,,0,,0,,0,,0,,0,,0,,1,,0,,0,,0,,1,,0,,0,,0,,0,,0,,0,,0,,0,,0,,0,,0,,0
2025-11-07,PROD_022,Gaiam Premium Yoga Block,Wellness,Bloque Yoga,20,False,,20.38,,2025,11,7,Friday,4,4,45,30,0,0,0,0,0,0,0,0,23,54,54,,,,,,,3.0,3.0,1.899999999999995,,,Gaiam Premium Yoga Block,Wellness,Bloque Yoga,,0,,0,,0,,0,,0,,0,,0,,0,,1,,0,,0,,0,,0,,0,,0,,0,,0,,0,,0,,0,,0,,0,,0,,0,,0,,0,,0,,1,,0,,0,,0,,1,,0,,0,,0,,0,,0,,0,,0,,0,,0,,0,,0,,0
2025-11-08,PROD_022,Gaiam Premium Yoga Block,Wellness,Bloque Yoga,20,False,,19.61,,2025,11,8,Saturday,5,4,45,30,1,0,0,0,0,0,0,0,22,53,53,,,,,,,,,-1.9500000000000028,,,Gaiam Premium Yoga Block,Wellness,Bloque Yoga,,0,,0,,0,,0,,0,,0,,0,,0,,1,,0,,0,,0,,0,,0,,0,,0,,0,,0,,0,,0,,0,,0,,0,,0,,0,,0,,0,,1,,0,,0,,0,,1,,0,,0,,0,,0,,0,,0,,0,,0,,0,,0,,0,,0
2025-11-09,PROD_022,Gaiam Premium Yoga Block,Wellness,Bloque Yoga,20,False,,20.01,,2025,11,9,Sunday,6,4,45,30,1,0,0,0,0,0,0,0,21,52,52,,,,,,,,,0.050000000000007816,,,Gaiam Premium Yoga Block,Wellness,Bloque Yoga,,0,,0,,0,,0,,0,,0,,0,,0,,1,,0,,0,,0,,0,,0,,0,,0,,0,,0,,0,,0,,0,,0,,0,,0,,0,,0,,0,,1,,0,,0,,0,,1,,0,,0,,0,,0,,0,,0,,0,,0,,0,,0,,0,,0
2025-11-10,PROD_022,Gaiam Premium Yoga Block,Wellness,Bloque Yoga,20,False,,20.28,,2025,11,10,Monday,0,4,46,30,0,0,0,0,0,0,0,0,20,51,51,,,,,,,,,1.4000000000000057,,,Gaiam Premium Yoga Block,Wellness,Bloque Yoga,,0,,0,,0,,0,,0,,0,,0,,0,,1,,0,,0,,0,,0,,0,,0,,0,,0,,0,,0,,0,,0,,0,,0,,0,,0,,0,,0,,1,,0,,0,,0,,1,,0,,0,,0,,0,,0,,0,,0,,0,,0,,0,,0,,0
2025-11-11,PROD_022,Gaiam Premium Yoga Block,Wellness,Bloque Yoga,20,False,,19.97,,2025,11,11,Tuesday,1,4,46,30,0,0,0,0,0,0,0,0,19,50,50,,,,,,,,,-0.15000000000000568,,,Gaiam Premium Yoga Block,Wellness,Bloque Yoga,,0,,0,,0,,0,,0,,0,,0,,0,,1,,0,,0,,0,,0,,0,,0,,0,,0,,0,,0,,0,,0,,0,,0,,0,,0,,0,,0,,1,,0,,0,,0,,1,,0,,0,,0,,0,,0,,0,,0,,0,,0,,0,,0,,0
2025-11-12,PROD_022,Gaiam Premium Yoga Block,Wellness,Bloque Yoga,20,False,,20.2,,2025,11,12,Wednesday,2,4,46,30,0,0,0,0,0,0,0,0,18,49,49,,,,,,,,,0.9999999999999963,,,Gaiam Premium Yoga Block,Wellness,Bloque Yoga,,0,,0,,0,,0,,0,,0,,0,,0,,1,,0,,0,,0,,0,,0,,0,,0,,0,,0,,0,,0,,0,,0,,0,,0,,0,,0,,0,,1,,0,,0,,0,,1,,0,,0,,0,,0,,0,,0,,0,,0,,0,,0,,0,,0
2025-11-13,PROD_022,Gaiam Premium Yoga Block,Wellness,Bloque Yoga,20,False,,20.37,,2025,11,13,Thursday,3,4,46,30,0,0,0,0,0,0,0,0,17,48,48,,,,,,,,,1.8500000000000052,,,Gaiam Premium Yoga Block,Wellness,Bloque Yoga,,0,,0,,0,,0,,0,,0,,0,,0,,1,,0,,0,,0,,0,,0,,0,,0,,0,,0,,0,,0,,0,,0,,0,,0,,0,,0,,0,,1,,0,,0,,0,,1,,0,,0,,0,,0,,0,,0,,0,,0,,0,,0,,0,,0
2025-11-14,PROD_022,Gaiam Premium Yoga Block,Wellness,Bloque Yoga,20,False,,19.76,,2025,11,14,Friday,4,4,46,30,0,0,0,0,0,0,0,0,16,47,47,,,,,,,,,-1.1999999999999922,,,Gaiam Premium Yoga Block,Wellness,Bloque Yoga,,0,,0,,0,,0,,0,,0,,0,,0,,1,,0,,0,,0,,0,,0,,0,,0,,0,,0,,0,,0,,0,,0,,0,,0,,0,,0,,0,,1,,0,,0,,0,,1,,0,,0,,0,,0,,0,,0,,0,,0,,0,,0,,0,,0
2025-11-15,PROD_022,Gaiam Premium Yoga Block,Wellness,Bloque Yoga,20,False,,20.23,,2025,11,15,Saturday,5,4,46,30,1,0,0,0,0,0,0,0,15,46,46,,,,,,,,,1.1500000000000021,,,Gaiam Premium Yoga Block,Wellness,Bloque Yoga,,0,,0,,0,,0,,0,,0,,0,,0,,1,,0,,0,,0,,0,,0,,0,,0,,0,,0,,0,,0,,0,,0,,0,,0,,0,,0,,0,,1,,0,,0,,0,,1,,0,,0,,0,,0,,0,,0,,0,,0,,0,,0,,0,,0
2025-11-16,PROD_022,Gaiam Premium Yoga Block,Wellness,Bloque Yoga,20,False,,19.91,,2025,11,16,Sunday,6,4,46,30,1,0,0,0,0,0,0,0,14,45,45,,,,,,,,,-0.4499999999999993,,,Gaiam Premium Yoga Block,Wellness,Bloque Yoga,,0,,0,,0,,0,,0,,0,,0,,0,,1,,0,,0,,0,,0,,0,,0,,0,,0,,0,,0,,0,,0,,0,,0,,0,,0,,0,,0,,1,,0,,0,,0,,1,,0,,0,,0,,0,,0,,0,,0,,0,,0,,0,,0,,0
2025-11-17,PROD_022,Gaiam Premium Yoga Block,Wellness,Bloque Yoga,20,False,,19.88,,2025,11,17,Monday,0,4,47,30,0,0,0,0,0,0,0,0,13,44,44,,,,,,,,,-0.600000000000005,,,Gaiam Premium Yoga Block,Wellness,Bloque Yoga,,0,,0,,0,,0,,0,,0,,0,,0,,1,,0,,0,,0,,0,,0,,0,,0,,0,,0,,0,,0,,0,,0,,0,,0,,0,,0,,0,,1,,0,,0,,0,,1,,0,,0,,0,,0,,0,,0,,0,,0,,0,,0,,0,,0
2025-11-18,PROD_022,Gaiam Premium Yoga Block,Wellness,Bloque Yoga,20,False,,20.17,,2025,11,18,Tuesday,1,4,47,30,0,0,0,0,0,0,0,0,12,43,43,,,,,,,,,0.8500000000000085,,,Gaiam Premium Yoga Block,Wellness,Bloque Yoga,,0,,0,,0,,0,,0,,0,,0,,0,,1,,0,,0,,0,,0,,0,,0,,0,,0,,0,,0,,0,,0,,0,,0,,0,,0,,0,,0,,1,,0,,0,,0,,1,,0,,0,,0,,0,,0,,0,,0,,0,,0,,0,,0,,0
2025-11-19,PROD_022,Gaiam Premium Yoga Block,Wellness,Bloque Yoga,20,False,,20.37,,2025,11,19,Wednesday,2,4,47,30,0,0,0,0,0,0,0,0,11,42,42,,,,,,,,,1.8500000000000052,,,Gaiam Premium Yoga Block,Wellness,Bloque Yoga,,0,,0,,0,,0,,0,,0,,0,,0,,1,,0,,0,,0,,0,,0,,0,,0,,0,,0,,0,,0,,0,,0,,0,,0,,0,,0,,0,,1,,0,,0,,0,,1,,0,,0,,0,,0,,0,,0,,0,,0,,0,,0,,0,,0
2025-11-20,PROD_022,Gaiam Premium Yoga Block,Wellness,Bloque Yoga,20,False,,19.66,,2025,11,20,Thursday,3,4,47,30,0,0,0,0,0,0,0,0,10,41,41,,,,,,,,,-1.6999999999999995,,,Gaiam Premium Yoga Block,Wellness,Bloque Yoga,,0,,0,,0,,0,,0,,0,,0,,0,,1,,0,,0,,0,,0,,0,,0,,0,,0,,0,,0,,0,,0,,0,,0,,0,,0,,0,,0,,1,,0,,0,,0,,1,,0,,0,,0,,0,,0,,0,,0,,0,,0,,0,,0,,0
2025-11-21,PROD_022,Gaiam Premium Yoga Block,Wellness,Bloque Yoga,20,False,,19.97,,2025,11,21,Friday,4,4,47,30,0,0,0,0,0,0,0,0,9,40,40,,,,,,,,,-0.15000000000000568,,,Gaiam Premium Yoga Block,Wellness,Bloque Yoga,,0,,0,,0,,0,,0,,0,,0,,0,,1,,0,,0,,0,,0,,0,,0,,0,,0,,0,,0,,0,,0,,0,,0,,0,,0,,0,,0,,1,,0,,0,,0,,1,,0,,0,,0,,0,,0,,0,,0,,0,,0,,0,,0,,0
2025-11-22,PROD_022,Gaiam Premium Yoga Block,Wellness,Bloque Yoga,20,False,,19.64,,2025,11,22,Saturday,5,4,47,30,1,0,0,0,0,0,0,0,8,39,39,,,,,,,,,-1.7999999999999972,,,Gaiam Premium Yoga Block,Wellness,Bloque Yoga,,0,,0,,0,,0,,0,,0,,0,,0,,1,,0,,0,,0,,0,,0,,0,,0,,0,,0,,0,,0,,0,,0,,0,,0,,0,,0,,0,,1,,0,,0,,0,,1,,0,,0,,0,,0,,0,,0,,0,,0,,0,,0,,0,,0
2025-11-23,PROD_022,Gaiam Premium Yoga Block,Wellness,Bloque Yoga,20,False,,19.79,,2025,11,23,Sunday,6,4,47,30,1,0,0,0,0,0,0,0,7,38,38,,,,,,,,,-1.0500000000000043,,,Gaiam Premium Yoga Block,Wellness,Bloque Yoga,,0,,0,,0,,0,,0,,0,,0,,0,,1,,0,,0,,0,,0,,0,,0,,0,,0,,0,,0,,0,,0,,0,,0,,0,,0,,0,,0,,1,,0,,0,,0,,1,,0,,0,,0,,0,,0,,0,,0,,0,,0,,0,,0,,0
2025-11-24,PROD_022,Gaiam Premium Yoga Block,Wellness,Bloque Yoga,20,False,,19.66,,2025,11,24,Monday,0,4,48,30,0,0,0,0,0,0,0,0,6,37,37,,,,,,,,,-1.6999999999999995,,,Gaiam Premium Yoga Block,Wellness,Bloque Yoga,,0,,0,,0,,0,,0,,0,,0,,0,,1,,0,,0,,0,,0,,0,,0,,0,,0,,0,,0,,0,,0,,0,,0,,0,,0,,0,,0,,1,,0,,0,,0,,1,,0,,0,,0,,0,,0,,0,,0,,0,,0,,0,,0,,0
2025-11-25,PROD_022,Gaiam Premium Yoga Block,Wellness,Bloque Yoga,20,False,,19.75,,2025,11,25,Tuesday,1,4,48,30,0,0,0,0,0,0,0,0,5,36,36,,,,,,,,,-1.25,,,Gaiam Premium Yoga Block,Wellness,Bloque Yoga,,0,,0,,0,,0,,0,,0,,0,,0,,1,,0,,0,,0,,0,,0,,0,,0,,0,,0,,0,,0,,0,,0,,0,,0,,0,,0,,0,,1,,0,,0,,0,,1,,0,,0,,0,,0,,0,,0,,0,,0,,0,,0,,0,,0
2025-11-26,PROD_022,Gaiam Premium Yoga Block,Wellness,Bloque Yoga,20,False,,19.98,,2025,11,26,Wednesday,2,4,48,30,0,0,0,0,0,0,0,0,4,35,35,,,,,,,,,-0.09999999999999788,,,Gaiam Premium Yoga Block,Wellness,Bloque Yoga,,0,,0,,0,,0,,0,,0,,0,,0,,1,,0,,0,,0,,0,,0,,0,,0,,0,,0,,0,,0,,0,,0,,0,,0,,0,,0,,0,,1,,0,,0,,0,,1,,0,,0,,0,,0,,0,,0,,0,,0,,0,,0,,0,,0
2025-11-27,PROD_022,Gaiam Premium Yoga Block,Wellness,Bloque Yoga,20,False,,20.11,,2025,11,27,Thursday,3,4,48,30,0,0,0,0,0,0,0,0,3,34,34,,,,,,,,,0.5499999999999972,,,Gaiam Premium Yoga Block,Wellness,Bloque Yoga,,0,,0,,0,,0,,0,,0,,0,,0,,1,,0,,0,,0,,0,,0,,0,,0,,0,,0,,0,,0,,0,,0,,0,,0,,0,,0,,0,,1,,0,,0,,0,,1,,0,,0,,0,,0,,0,,0,,0,,0,,0,,0,,0,,0
2025-11-28,PROD_022,Gaiam Premium Yoga Block,Wellness,Bloque Yoga,20,False,,17.0,,2025,11,28,Friday,4,4,48,30,0,0,1,0,0,0,0,0,2,33,33,,,,,,,,,-15.0,,,Gaiam Premium Yoga Block,Wellness,Bloque Yoga,,0,,0,,0,,0,,0,,0,,0,,0,,1,,0,,0,,0,,0,,0,,0,,0,,0,,0,,0,,0,,0,,0,,0,,0,,0,,0,,0,,1,,0,,0,,0,,1,,0,,0,,0,,0,,0,,0,,0,,0,,0,,0,,0,,0
2025-11-29,PROD_022,Gaiam Premium Yoga Block,Wellness,Bloque Yoga,20,False,,19.78,,2025,11,29,Saturday,5,4,48,30,1,0,0,0,0,0,0,0,1,32,32,,,,,,,,,-1.0999999999999943,,,Gaiam Premium Yoga Block,Wellness,Bloque Yoga,,0,,0,,0,,0,,0,,0,,0,,0,,1,,0,,0,,0,,0,,0,,0,,0,,0,,0,,0,,0,,0,,0,,0,,0,,0,,0,,0,,1,,0,,0,,0,,1,,0,,0,,0,,0,,0,,0,,0,,0,,0,,0,,0,,0
2025-11-30,PROD_022,Gaiam Premium Yoga Block,Wellness,Bloque Yoga,20,False,,20.18,,2025,11,30,Sunday,6,4,48,30,1,0,0,0,0,0,0,0,0,31,31,,,,,,,,,0.8999999999999986,,,Gaiam Premium Yoga Block,Wellness,Bloque Yoga,,0,,0,,0,,0,,0,,0,,0,,0,,1,,0,,0,,0,,0,,0,,0,,0,,0,,0,,0,,0,,0,,0,,0,,0,,0,,0,,0,,1,,0,,0,,0,,1,,0,,0,,0,,0,,0,,0,,0,,0,,0,,0,,0,,0
2025-11-01,PROD_023,Liforme Yoga Pad,Wellness,Rodillera Yoga,35,False,,35.39,,2025,11,1,Saturday,5,4,44,30,1,1,0,0,0,0,0,0,29,60,60,6.0,3.0,1.0,3.0,2.0,2.0,1.0,2.5714285714285716,1.1142857142857159,,,Liforme Yoga Pad,Wellness,Rodillera Yoga,,0,,0,,0,,0,,0,,0,,0,,0,,0,,1,,0,,0,,0,,0,,0,,0,,0,,0,,0,,0,,0,,0,,0,,0,,0,,0,,0,,1,,0,,0,,0,,0,,0,,0,,0,,0,,0,,0,,0,,1,,0,,0,,0,,0
2025-11-02,PROD_023,Liforme Yoga Pad,Wellness,Rodillera Yoga,35,False,,34.59,,2025,11,2,Sunday,6,4,44,30,1,0,0,0,0,0,0,0,28,59,59,,6.0,3.0,1.0,3.0,2.0,2.0,2.8333333333333335,-1.1714285714285617,,,Liforme Yoga Pad,Wellness,Rodillera Yoga,,0,,0,,0,,0,,0,,0,,0,,0,,0,,1,,0,,0,,0,,0,,0,,0,,0,,0,,0,,0,,0,,0,,0,,0,,0,,0,,0,,1,,0,,0,,0,,0,,0,,0,,0,,0,,0,,0,,0,,1,,0,,0,,0,,0
2025-11-03,PROD_023,Liforme Yoga Pad,Wellness,Rodillera Yoga,35,False,,34.59,,2025,11,3,Monday,0,4,45,30,0,0,0,0,0,0,0,0,27,58,58,,,6.0,3.0,1.0,3.0,2.0,3.0,-1.1714285714285617,,,Liforme Yoga Pad,Wellness,Rodillera Yoga,,0,,0,,0,,0,,0,,0,,0,,0,,0,,1,,0,,0,,0,,0,,0,,0,,0,,0,,0,,0,,0,,0,,0,,0,,0,,0,,0,,1,,0,,0,,0,,0,,0,,0,,0,,0,,0,,0,,0,,1,,0,,0,,0,,0
2025-11-04,PROD_023,Liforme Yoga Pad,Wellness,Rodillera Yoga,35,False,,34.87,,2025,11,4,Tuesday,1,4,45,30,0,0,0,0,0,0,0,0,26,57,57,,,,6.0,3.0,1.0,3.0,3.25,-0.37142857142857877,,,Liforme Yoga Pad,Wellness,Rodillera Yoga,,0,,0,,0,,0,,0,,0,,0,,0,,0,,1,,0,,0,,0,,0,,0,,0,,0,,0,,0,,0,,0,,0,,0,,0,,0,,0,,0,,1,,0,,0,,0,,0,,0,,0,,0,,0,,0,,0,,0,,1,,0,,0,,0,,0
2025-11-05,PROD_023,Liforme Yoga Pad,Wellness,Rodillera Yoga,35,False,,35.38,,2025,11,5,Wednesday,2,4,45,30,0,0,0,0,0,0,0,0,25,56,56,,,,,6.0,3.0,1.0,3.3333333333333335,1.085714285714293,,,Liforme Yoga Pad,Wellness,Rodillera Yoga,,0,,0,,0,,0,,0,,0,,0,,0,,0,,1,,0,,0,,0,,0,,0,,0,,0,,0,,0,,0,,0,,0,,0,,0,,0,,0,,0,,1,,0,,0,,0,,0,,0,,0,,0,,0,,0,,0,,0,,1,,0,,0,,0,,0
2025-11-06,PROD_023,Liforme Yoga Pad,Wellness,Rodillera Yoga,35,False,,35.53,,2025,11,6,Thursday,3,4,45,30,0,0,0,0,0,0,0,0,24,55,55,,,,,,6.0,3.0,4.5,1.5142857142857176,,,Liforme Yoga Pad,Wellness,Rodillera Yoga,,0,,0,,0,,0,,0,,0,,0,,0,,0,,1,,0,,0,,0,,0,,0,,0,,0,,0,,0,,0,,0,,0,,0,,0,,0,,0,,0,,1,,0,,0,,0,,0,,0,,0,,0,,0,,0,,0,,0,,1,,0,,0,,0,,0
2025-11-07,PROD_023,Liforme Yoga Pad,Wellness,Rodillera Yoga,35,False,,34.48,,2025,11,7,Friday,4,4,45,30,0,0,0,0,0,0,0,0,23,54,54,,,,,,,6.0,6.0,-1.4857142857142946,,,Liforme Yoga Pad,Wellness,Rodillera Yoga,,0,,0,,0,,0,,0,,0,,0,,0,,0,,1,,0,,0,,0,,0,,0,,0,,0,,0,,0,,0,,0,,0,,0,,0,,0,,0,,0,,1,,0,,0,,0,,0,,0,,0,,0,,0,,0,,0,,0,,1,,0,,0,,0,,0
2025-11-08,PROD_023,Liforme Yoga Pad,Wellness,Rodillera Yoga,35,False,,34.38,,2025,11,8,Saturday,5,4,45,30,1,0,0,0,0,0,0,0,22,53,53,,,,,,,,,-1.771428571428564,,,Liforme Yoga Pad,Wellness,Rodillera Yoga,,0,,0,,0,,0,,0,,0,,0,,0,,0,,1,,0,,0,,0,,0,,0,,0,,0,,0,,0,,0,,0,,0,,0,,0,,0,,0,,0,,1,,0,,0,,0,,0,,0,,0,,0,,0,,0,,0,,0,,1,,0,,0,,0,,0
2025-11-09,PROD_023,Liforme Yoga Pad,Wellness,Rodillera Yoga,35,False,,35.34,,2025,11,9,Sunday,6,4,45,30,1,0,0,0,0,0,0,0,21,52,52,,,,,,,,,0.9714285714285812,,,Liforme Yoga Pad,Wellness,Rodillera Yoga,,0,,0,,0,,0,,0,,0,,0,,0,,0,,1,,0,,0,,0,,0,,0,,0,,0,,0,,0,,0,,0,,0,,0,,0,,0,,0,,0,,1,,0,,0,,0,,0,,0,,0,,0,,0,,0,,0,,0,,1,,0,,0,,0,,0
2025-11-10,PROD_023,Liforme Yoga Pad,Wellness,Rodillera Yoga,35,False,,34.72,,2025,11,10,Monday,0,4,46,30,0,0,0,0,0,0,0,0,20,51,51,,,,,,,,,-0.8000000000000033,,,Liforme Yoga Pad,Wellness,Rodillera Yoga,,0,,0,,0,,0,,0,,0,,0,,0,,0,,1,,0,,0,,0,,0,,0,,0,,0,,0,,0,,0,,0,,0,,0,,0,,0,,0,,0,,1,,0,,0,,0,,0,,0,,0,,0,,0,,0,,0,,0,,1,,0,,0,,0,,0
2025-11-11,PROD_023,Liforme Yoga Pad,Wellness,Rodillera Yoga,35,False,,34.82,,2025,11,11,Tuesday,1,4,46,30,0,0,0,0,0,0,0,0,19,50,50,,,,,,,,,-0.5142857142857135,,,Liforme Yoga Pad,Wellness,Rodillera Yoga,,0,,0,,0,,0,,0,,0,,0,,0,,0,,1,,0,,0,,0,,0,,0,,0,,0,,0,,0,,0,,0,,0,,0,,0,,0,,0,,0,,1,,0,,0,,0,,0,,0,,0,,0,,0,,0,,0,,0,,1,,0,,0,,0,,0
2025-11-12,PROD_023,Liforme Yoga Pad,Wellness,Rodillera Yoga,35,False,,35.23,,2025,11,12,Wednesday,2,4,46,30,0,0,0,0,0,0,0,0,18,49,49,,,,,,,,,0.6571428571428483,,,Liforme Yoga Pad,Wellness,Rodillera Yoga,,0,,0,,0,,0,,0,,0,,0,,0,,0,,1,,0,,0,,0,,0,,0,,0,,0,,0,,0,,0,,0,,0,,0,,0,,0,,0,,0,,1,,0,,0,,0,,0,,0,,0,,0,,0,,0,,0,,0,,1,,0,,0,,0,,0
2025-11-13,PROD_023,Liforme Yoga Pad,Wellness,Rodillera Yoga,35,False,,35.39,,2025,11,13,Thursday,3,4,46,30,0,0,0,0,0,0,0,0,17,48,48,,,,,,,,,1.1142857142857159,,,Liforme Yoga Pad,Wellness,Rodillera Yoga,,0,,0,,0,,0,,0,,0,,0,,0,,0,,1,,0,,0,,0,,0,,0,,0,,0,,0,,0,,0,,0,,0,,0,,0,,0,,0,,0,,1,,0,,0,,0,,0,,0,,0,,0,,0,,0,,0,,0,,1,,0,,0,,0,,0
2025-11-14,PROD_023,Liforme Yoga Pad,Wellness,Rodillera Yoga,35,False,,34.36,,2025,11,14,Friday,4,4,46,30,0,0,0,0,0,0,0,0,16,47,47,,,,,,,,,-1.82857142857143,,,Liforme Yoga Pad,Wellness,Rodillera Yoga,,0,,0,,0,,0,,0,,0,,0,,0,,0,,1,,0,,0,,0,,0,,0,,0,,0,,0,,0,,0,,0,,0,,0,,0,,0,,0,,0,,1,,0,,0,,0,,0,,0,,0,,0,,0,,0,,0,,0,,1,,0,,0,,0,,0
2025-11-15,PROD_023,Liforme Yoga Pad,Wellness,Rodillera Yoga,35,False,,35.36,,2025,11,15,Saturday,5,4,46,30,1,0,0,0,0,0,0,0,15,46,46,,,,,,,,,1.028571428571427,,,Liforme Yoga Pad,Wellness,Rodillera Yoga,,0,,0,,0,,0,,0,,0,,0,,0,,0,,1,,0,,0,,0,,0,,0,,0,,0,,0,,0,,0,,0,,0,,0,,0,,0,,0,,0,,1,,0,,0,,0,,0,,0,,0,,0,,0,,0,,0,,0,,1,,0,,0,,0,,0
2025-11-16,PROD_023,Liforme Yoga Pad,Wellness,Rodillera Yoga,35,False,,35.01,,2025,11,16,Sunday,6,4,46,30,1,0,0,0,0,0,0,0,14,45,45,,,,,,,,,0.028571428571422888,,,Liforme Yoga Pad,Wellness,Rodillera Yoga,,0,,0,,0,,0,,0,,0,,0,,0,,0,,1,,0,,0,,0,,0,,0,,0,,0,,0,,0,,0,,0,,0,,0,,0,,0,,0,,0,,1,,0,,0,,0,,0,,0,,0,,0,,0,,0,,0,,0,,1,,0,,0,,0,,0
2025-11-17,PROD_023,Liforme Yoga Pad,Wellness,Rodillera Yoga,35,False,,35.3,,2025,11,17,Monday,0,4,47,30,0,0,0,0,0,0,0,0,13,44,44,,,,,,,,,0.857142857142849,,,Liforme Yoga Pad,Wellness,Rodillera Yoga,,0,,0,,0,,0,,0,,0,,0,,0,,0,,1,,0,,0,,0,,0,,0,,0,,0,,0,,0,,0,,0,,0,,0,,0,,0,,0,,0,,1,,0,,0,,0,,0,,0,,0,,0,,0,,0,,0,,0,,1,,0,,0,,0,,0
2025-11-18,PROD_023,Liforme Yoga Pad,Wellness,Rodillera Yoga,35,False,,35.27,,2025,11,18,Tuesday,1,4,47,30,0,0,0,0,0,0,0,0,12,43,43,,,,,,,,,0.7714285714285803,,,Liforme Yoga Pad,Wellness,Rodillera Yoga,,0,,0,,0,,0,,0,,0,,0,,0,,0,,1,,0,,0,,0,,0,,0,,0,,0,,0,,0,,0,,0,,0,,0,,0,,0,,0,,0,,1,,0,,0,,0,,0,,0,,0,,0,,0,,0,,0,,0,,1,,0,,0,,0,,0
2025-11-19,PROD_023,Liforme Yoga Pad,Wellness,Rodillera Yoga,35,False,,34.57,,2025,11,19,Wednesday,2,4,47,30,0,0,0,0,0,0,0,0,11,42,42,,,,,,,,,-1.2285714285714278,,,Liforme Yoga Pad,Wellness,Rodillera Yoga,,0,,0,,0,,0,,0,,0,,0,,0,,0,,1,,0,,0,,0,,0,,0,,0,,0,,0,,0,,0,,0,,0,,0,,0,,0,,0,,0,,1,,0,,0,,0,,0,,0,,0,,0,,0,,0,,0,,0,,1,,0,,0,,0,,0
2025-11-20,PROD_023,Liforme Yoga Pad,Wellness,Rodillera Yoga,35,False,,35.67,,2025,11,20,Thursday,3,4,47,30,0,0,0,0,0,0,0,0,10,41,41,,,,,,,,,1.914285714285719,,,Liforme Yoga Pad,Wellness,Rodillera Yoga,,0,,0,,0,,0,,0,,0,,0,,0,,0,,1,,0,,0,,0,,0,,0,,0,,0,,0,,0,,0,,0,,0,,0,,0,,0,,0,,0,,1,,0,,0,,0,,0,,0,,0,,0,,0,,0,,0,,0,,1,,0,,0,,0,,0
2025-11-21,PROD_023,Liforme Yoga Pad,Wellness,Rodillera Yoga,35,False,,35.63,,2025,11,21,Friday,4,4,47,30,0,0,0,0,0,0,0,0,9,40,40,,,,,,,,,1.8000000000000071,,,Liforme Yoga Pad,Wellness,Rodillera Yoga,,0,,0,,0,,0,,0,,0,,0,,0,,0,,1,,0,,0,,0,,0,,0,,0,,0,,0,,0,,0,,0,,0,,0,,0,,0,,0,,0,,1,,0,,0,,0,,0,,0,,0,,0,,0,,0,,0,,0,,1,,0,,0,,0,,0
2025-11-22,PROD_023,Liforme Yoga Pad,Wellness,Rodillera Yoga,35,False,,34.53,,2025,11,22,Saturday,5,4,47,30,1,0,0,0,0,0,0,0,8,39,39,,,,,,,,,-1.3428571428571396,,,Liforme Yoga Pad,Wellness,Rodillera Yoga,,0,,0,,0,,0,,0,,0,,0,,0,,0,,1,,0,,0,,0,,0,,0,,0,,0,,0,,0,,0,,0,,0,,0,,0,,0,,0,,0,,1,,0,,0,,0,,0,,0,,0,,0,,0,,0,,0,,0,,1,,0,,0,,0,,0
2025-11-23,PROD_023,Liforme Yoga Pad,Wellness,Rodillera Yoga,35,False,,35.47,,2025,11,23,Sunday,6,4,47,30,1,0,0,0,0,0,0,0,7,38,38,,,,,,,,,1.3428571428571396,,,Liforme Yoga Pad,Wellness,Rodillera Yoga,,0,,0,,0,,0,,0,,0,,0,,0,,0,,1,,0,,0,,0,,0,,0,,0,,0,,0,,0,,0,,0,,0,,0,,0,,0,,0,,0,,1,,0,,0,,0,,0,,0,,0,,0,,0,,0,,0,,0,,1,,0,,0,,0,,0
2025-11-24,PROD_023,Liforme Yoga Pad,Wellness,Rodillera Yoga,35,False,,34.63,,2025,11,24,Monday,0,4,48,30,0,0,0,0,0,0,0,0,6,37,37,,,,,,,,,-1.0571428571428498,,,Liforme Yoga Pad,Wellness,Rodillera Yoga,,0,,0,,0,,0,,0,,0,,0,,0,,0,,1,,0,,0,,0,,0,,0,,0,,0,,0,,0,,0,,0,,0,,0,,0,,0,,0,,0,,1,,0,,0,,0,,0,,0,,0,,0,,0,,0,,0,,0,,1,,0,,0,,0,,0
2025-11-25,PROD_023,Liforme Yoga Pad,Wellness,Rodillera Yoga,35,False,,34.37,,2025,11,25,Tuesday,1,4,48,30,0,0,0,0,0,0,0,0,5,36,36,,,,,,,,,-1.8000000000000071,,,Liforme Yoga Pad,Wellness,Rodillera Yoga,,0,,0,,0,,0,,0,,0,,0,,0,,0,,1,,0,,0,,0,,0,,0,,0,,0,,0,,0,,0,,0,,0,,0,,0,,0,,0,,0,,1,,0,,0,,0,,0,,0,,0,,0,,0,,0,,0,,0,,1,,0,,0,,0,,0
2025-11-26,PROD_023,Liforme Yoga Pad,Wellness,Rodillera Yoga,35,False,,35.51,,2025,11,26,Wednesday,2,4,48,30,0,0,0,0,0,0,0,0,4,35,35,,,,,,,,,1.4571428571428515,,,Liforme Yoga Pad,Wellness,Rodillera Yoga,,0,,0,,0,,0,,0,,0,,0,,0,,0,,1,,0,,0,,0,,0,,0,,0,,0,,0,,0,,0,,0,,0,,0,,0,,0,,0,,0,,1,,0,,0,,0,,0,,0,,0,,0,,0,,0,,0,,0,,1,,0,,0,,0,,0
2025-11-27,PROD_023,Liforme Yoga Pad,Wellness,Rodillera Yoga,35,False,,34.48,,2025,11,27,Thursday,3,4,48,30,0,0,0,0,0,0,0,0,3,34,34,,,,,,,,,-1.4857142857142946,,,Liforme Yoga Pad,Wellness,Rodillera Yoga,,0,,0,,0,,0,,0,,0,,0,,0,,0,,1,,0,,0,,0,,0,,0,,0,,0,,0,,0,,0,,0,,0,,0,,0,,0,,0,,0,,1,,0,,0,,0,,0,,0,,0,,0,,0,,0,,0,,0,,1,,0,,0,,0,,0
2025-11-28,PROD_023,Liforme Yoga Pad,Wellness,Rodillera Yoga,35,False,,29.75,,2025,11,28,Friday,4,4,48,30,0,0,1,0,0,0,0,0,2,33,33,,,,,,,,,-15.0,,,Liforme Yoga Pad,Wellness,Rodillera Yoga,,0,,0,,0,,0,,0,,0,,0,,0,,0,,1,,0,,0,,0,,0,,0,,0,,0,,0,,0,,0,,0,,0,,0,,0,,0,,0,,0,,1,,0,,0,,0,,0,,0,,0,,0,,0,,0,,0,,0,,1,,0,,0,,0,,0
2025-11-29,PROD_023,Liforme Yoga Pad,Wellness,Rodillera Yoga,35,False,,35.1,,2025,11,29,Saturday,5,4,48,30,1,0,0,0,0,0,0,0,1,32,32,,,,,,,,,0.2857142857142898,,,Liforme Yoga Pad,Wellness,Rodillera Yoga,,0,,0,,0,,0,,0,,0,,0,,0,,0,,1,,0,,0,,0,,0,,0,,0,,0,,0,,0,,0,,0,,0,,0,,0,,0,,0,,0,,1,,0,,0,,0,,0,,0,,0,,0,,0,,0,,0,,0,,1,,0,,0,,0,,0
2025-11-30,PROD_023,Liforme Yoga Pad,Wellness,Rodillera Yoga,35,False,,34.79,,2025,11,30,Sunday,6,4,48,30,1,0,0,0,0,0,0,0,0,31,31,,,,,,,,,-0.6000000000000024,,,Liforme Yoga Pad,Wellness,Rodillera Yoga,,0,,0,,0,,0,,0,,0,,0,,0,,0,,1,,0,,0,,0,,0,,0,,0,,0,,0,,0,,0,,0,,0,,0,,0,,0,,0,,0,,1,,0,,0,,0,,0,,0,,0,,0,,0,,0,,0,,0,,1,,0,,0,,0,,0
2025-11-01,PROD_024,Lotuscrafts Yoga Bolster,Wellness,Cojín Yoga,50,False,,49.57,,2025,11,1,Saturday,5,4,44,30,1,1,0,0,0,0,0,0,29,60,60,1.0,4.0,2.0,4.0,2.0,4.0,1.0,2.5714285714285716,-0.8599999999999994,,,Lotuscrafts Yoga Bolster,Wellness,Cojín Yoga,,0,,0,,0,,0,,0,,0,,0,,0,,0,,0,,1,,0,,0,,0,,0,,0,,0,,0,,0,,0,,0,,0,,0,,0,,0,,0,,0,,1,,0,,0,,0,,0,,1,,0,,0,,0,,0,,0,,0,,0,,0,,0,,0,,0
2025-11-02,PROD_024,Lotuscrafts Yoga Bolster,Wellness,Cojín Yoga,50,False,,49.15,,2025,11,2,Sunday,6,4,44,30,1,0,0,0,0,0,0,0,28,59,59,,1.0,4.0,2.0,4.0,2.0,4.0,2.8333333333333335,-1.7000000000000028,,,Lotuscrafts Yoga Bolster,Wellness,Cojín Yoga,,0,,0,,0,,0,,0,,0,,0,,0,,0,,0,,1,,0,,0,,0,,0,,0,,0,,0,,0,,0,,0,,0,,0,,0,,0,,0,,0,,1,,0,,0,,0,,0,,1,,0,,0,,0,,0,,0,,0,,0,,0,,0,,0,,0
2025-11-03,PROD_024,Lotuscrafts Yoga Bolster,Wellness,Cojín Yoga,50,False,,49.18,,2025,11,3,Monday,0,4,45,30,0,0,0,0,0,0,0,0,27,58,58,,,1.0,4.0,2.0,4.0,2.0,2.6,-1.6400000000000006,,,Lotuscrafts Yoga Bolster,Wellness,Cojín Yoga,,0,,0,,0,,0,,0,,0,,0,,0,,0,,0,,1,,0,,0,,0,,0,,0,,0,,0,,0,,0,,0,,0,,0,,0,,0,,0,,0,,1,,0,,0,,0,,0,,1,,0,,0,,0,,0,,0,,0,,0,,0,,0,,0,,0
2025-11-04,PROD_024,Lotuscrafts Yoga Bolster,Wellness,Cojín Yoga,50,False,,49.03,,2025,11,4,Tuesday,1,4,45,30,0,0,0,0,0,0,0,0,26,57,57,,,,1.0,4.0,2.0,4.0,2.75,-1.9399999999999977,,,Lotuscrafts Yoga Bolster,Wellness,Cojín Yoga,,0,,0,,0,,0,,0,,0,,0,,0,,0,,0,,1,,0,,0,,0,,0,,0,,0,,0,,0,,0,,0,,0,,0,,0,,0,,0,,0,,1,,0,,0,,0,,0,,1,,0,,0,,0,,0,,0,,0,,0,,0,,0,,0,,0
2025-11-05,PROD_024,Lotuscrafts Yoga Bolster,Wellness,Cojín Yoga,50,False,,50.22,,2025,11,5,Wednesday,2,4,45,30,0,0,0,0,0,0,0,0,25,56,56,,,,,1.0,4.0,2.0,2.3333333333333335,0.43999999999999767,,,Lotuscrafts Yoga Bolster,Wellness,Cojín Yoga,,0,,0,,0,,0,,0,,0,,0,,0,,0,,0,,1,,0,,0,,0,,0,,0,,0,,0,,0,,0,,0,,0,,0,,0,,0,,0,,0,,1,,0,,0,,0,,0,,1,,0,,0,,0,,0,,0,,0,,0,,0,,0,,0,,0
2025-11-06,PROD_024,Lotuscrafts Yoga Bolster,Wellness,Cojín Yoga,50,False,,50.89,,2025,11,6,Thursday,3,4,45,30,0,0,0,0,0,0,0,0,24,55,55,,,,,,1.0,4.0,2.5,1.7800000000000011,,,Lotuscrafts Yoga Bolster,Wellness,Cojín Yoga,,0,,0,,0,,0,,0,,0,,0,,0,,0,,0,,1,,0,,0,,0,,0,,0,,0,,0,,0,,0,,0,,0,,0,,0,,0,,0,,0,,1,,0,,0,,0,,0,,1,,0,,0,,0,,0,,0,,0,,0,,0,,0,,0,,0
2025-11-07,PROD_024,Lotuscrafts Yoga Bolster,Wellness,Cojín Yoga,50,False,,50.18,,2025,11,7,Friday,4,4,45,30,0,0,0,0,0,0,0,0,23,54,54,,,,,,,1.0,1.0,0.35999999999999943,,,Lotuscrafts Yoga Bolster,Wellness,Cojín Yoga,,0,,0,,0,,0,,0,,0,,0,,0,,0,,0,,1,,0,,0,,0,,0,,0,,0,,0,,0,,0,,0,,0,,0,,0,,0,,0,,0,,1,,0,,0,,0,,0,,1,,0,,0,,0,,0,,0,,0,,0,,0,,0,,0,,0
2025-11-08,PROD_024,Lotuscrafts Yoga Bolster,Wellness,Cojín Yoga,50,False,,50.17,,2025,11,8,Saturday,5,4,45,30,1,0,0,0,0,0,0,0,22,53,53,,,,,,,,,0.3400000000000034,,,Lotuscrafts Yoga Bolster,Wellness,Cojín Yoga,,0,,0,,0,,0,,0,,0,,0,,0,,0,,0,,1,,0,,0,,0,,0,,0,,0,,0,,0,,0,,0,,0,,0,,0,,0,,0,,0,,1,,0,,0,,0,,0,,1,,0,,0,,0,,0,,0,,0,,0,,0,,0,,0,,0
2025-11-09,PROD_024,Lotuscrafts Yoga Bolster,Wellness,Cojín Yoga,50,False,,50.92,,2025,11,9,Sunday,6,4,45,30,1,0,0,0,0,0,0,0,21,52,52,,,,,,,,,1.8400000000000034,,,Lotuscrafts Yoga Bolster,Wellness,Cojín Yoga,,0,,0,,0,,0,,0,,0,,0,,0,,0,,0,,1,,0,,0,,0,,0,,0,,0,,0,,0,,0,,0,,0,,0,,0,,0,,0,,0,,1,,0,,0,,0,,0,,1,,0,,0,,0,,0,,0,,0,,0,,0,,0,,0,,0
2025-11-10,PROD_024,Lotuscrafts Yoga Bolster,Wellness,Cojín Yoga,50,False,,50.95,,2025,11,10,Monday,0,4,46,30,0,0,0,0,0,0,0,0,20,51,51,,,,,,,,,1.900000000000006,,,Lotuscrafts Yoga Bolster,Wellness,Cojín Yoga,,0,,0,,0,,0,,0,,0,,0,,0,,0,,0,,1,,0,,0,,0,,0,,0,,0,,0,,0,,0,,0,,0,,0,,0,,0,,0,,0,,1,,0,,0,,0,,0,,1,,0,,0,,0,,0,,0,,0,,0,,0,,0,,0,,0
2025-11-11,PROD_024,Lotuscrafts Yoga Bolster,Wellness,Cojín Yoga,50,False,,50.5,,2025,11,11,Tuesday,1,4,46,30,0,0,0,0,0,0,0,0,19,50,50,,,,,,,,,1.0,,,Lotuscrafts Yoga Bolster,Wellness,Cojín Yoga,,0,,0,,0,,0,,0,,0,,0,,0,,0,,0,,1,,0,,0,,0,,0,,0,,0,,0,,0,,0,,0,,0,,0,,0,,0,,0,,0,,1,,0,,0,,0,,0,,1,,0,,0,,0,,0,,0,,0,,0,,0,,0,,0,,0
2025-11-12,PROD_024,Lotuscrafts Yoga Bolster,Wellness,Cojín Yoga,50,False,,50.45,,2025,11,12,Wednesday,2,4,46,30,0,0,0,0,0,0,0,0,18,49,49,,,,,,,,,0.9000000000000057,,,Lotuscrafts Yoga Bolster,Wellness,Cojín Yoga,,0,,0,,0,,0,,0,,0,,0,,0,,0,,0,,1,,0,,0,,0,,0,,0,,0,,0,,0,,0,,0,,0,,0,,0,,0,,0,,0,,1,,0,,0,,0,,0,,1,,0,,0,,0,,0,,0,,0,,0,,0,,0,,0,,0
2025-11-13,PROD_024,Lotuscrafts Yoga Bolster,Wellness,Cojín Yoga,50,False,,50.23,,2025,11,13,Thursday,3,4,46,30,0,0,0,0,0,0,0,0,17,48,48,,,,,,,,,0.45999999999999375,,,Lotuscrafts Yoga Bolster,Wellness,Cojín Yoga,,0,,0,,0,,0,,0,,0,,0,,0,,0,,0,,1,,0,,0,,0,,0,,0,,0,,0,,0,,0,,0,,0,,0,,0,,0,,0,,0,,1,,0,,0,,0,,0,,1,,0,,0,,0,,0,,0,,0,,0,,0,,0,,0,,0
2025-11-14,PROD_024,Lotuscrafts Yoga Bolster,Wellness,Cojín Yoga,50,False,,49.4,,2025,11,14,Friday,4,4,46,30,0,0,0,0,0,0,0,0,16,47,47,,,,,,,,,-1.2000000000000028,,,Lotuscrafts Yoga Bolster,Wellness,Cojín Yoga,,0,,0,,0,,0,,0,,0,,0,,0,,0,,0,,1,,0,,0,,0,,0,,0,,0,,0,,0,,0,,0,,0,,0,,0,,0,,0,,0,,1,,0,,0,,0,,0,,1,,0,,0,,0,,0,,0,,0,,0,,0,,0,,0,,0
2025-11-15,PROD_024,Lotuscrafts Yoga Bolster,Wellness,Cojín Yoga,50,False,,49.03,,2025,11,15,Saturday,5,4,46,30,1,0,0,0,0,0,0,0,15,46,46,,,,,,,,,-1.9399999999999977,,,Lotuscrafts Yoga Bolster,Wellness,Cojín Yoga,,0,,0,,0,,0,,0,,0,,0,,0,,0,,0,,1,,0,,0,,0,,0,,0,,0,,0,,0,,0,,0,,0,,0,,0,,0,,0,,0,,1,,0,,0,,0,,0,,1,,0,,0,,0,,0,,0,,0,,0,,0,,0,,0,,0
2025-11-16,PROD_024,Lotuscrafts Yoga Bolster,Wellness,Cojín Yoga,50,False,,49.13,,2025,11,16,Sunday,6,4,46,30,1,0,0,0,0,0,0,0,14,45,45,,,,,,,,,-1.739999999999995,,,Lotuscrafts Yoga Bolster,Wellness,Cojín Yoga,,0,,0,,0,,0,,0,,0,,0,,0,,0,,0,,1,,0,,0,,0,,0,,0,,0,,0,,0,,0,,0,,0,,0,,0,,0,,0,,0,,1,,0,,0,,0,,0,,1,,0,,0,,0,,0,,0,,0,,0,,0,,0,,0,,0
2025-11-17,PROD_024,Lotuscrafts Yoga Bolster,Wellness,Cojín Yoga,50,False,,50.21,,2025,11,17,Monday,0,4,47,30,0,0,0,0,0,0,0,0,13,44,44,,,,,,,,,0.4200000000000017,,,Lotuscrafts Yoga Bolster,Wellness,Cojín Yoga,,0,,0,,0,,0,,0,,0,,0,,0,,0,,0,,1,,0,,0,,0,,0,,0,,0,,0,,0,,0,,0,,0,,0,,0,,0,,0,,0,,1,,0,,0,,0,,0,,1,,0,,0,,0,,0,,0,,0,,0,,0,,0,,0,,0
2025-11-18,PROD_024,Lotuscrafts Yoga Bolster,Wellness,Cojín Yoga,50,False,,50.87,,2025,11,18,Tuesday,1,4,47,30,0,0,0,0,0,0,0,0,12,43,43,,,,,,,,,1.739999999999995,,,Lotuscrafts Yoga Bolster,Wellness,Cojín Yoga,,0,,0,,0,,0,,0,,0,,0,,0,,0,,0,,1,,0,,0,,0,,0,,0,,0,,0,,0,,0,,0,,0,,0,,0,,0,,0,,0,,1,,0,,0,,0,,0,,1,,0,,0,,0,,0,,0,,0,,0,,0,,0,,0,,0
2025-11-19,PROD_024,Lotuscrafts Yoga Bolster,Wellness,Cojín Yoga,50,False,,50.23,,2025,11,19,Wednesday,2,4,47,30,0,0,0,0,0,0,0,0,11,42,42,,,,,,,,,0.45999999999999375,,,Lotuscrafts Yoga Bolster,Wellness,Cojín Yoga,,0,,0,,0,,0,,0,,0,,0,,0,,0,,0,,1,,0,,0,,0,,0,,0,,0,,0,,0,,0,,0,,0,,0,,0,,0,,0,,0,,1,,0,,0,,0,,0,,1,,0,,0,,0,,0,,0,,0,,0,,0,,0,,0,,0
2025-11-20,PROD_024,Lotuscrafts Yoga Bolster,Wellness,Cojín Yoga,50,False,,49.74,,2025,11,20,Thursday,3,4,47,30,0,0,0,0,0,0,0,0,10,41,41,,,,,,,,,-0.519999999999996,,,Lotuscrafts Yoga Bolster,Wellness,Cojín Yoga,,0,,0,,0,,0,,0,,0,,0,,0,,0,,0,,1,,0,,0,,0,,0,,0,,0,,0,,0,,0,,0,,0,,0,,0,,0,,0,,0,,1,,0,,0,,0,,0,,1,,0,,0,,0,,0,,0,,0,,0,,0,,0,,0,,0
2025-11-21,PROD_024,Lotuscrafts Yoga Bolster,Wellness,Cojín Yoga,50,False,,50.08,,2025,11,21,Friday,4,4,47,30,0,0,0,0,0,0,0,0,9,40,40,,,,,,,,,0.1599999999999966,,,Lotuscrafts Yoga Bolster,Wellness,Cojín Yoga,,0,,0,,0,,0,,0,,0,,0,,0,,0,,0,,1,,0,,0,,0,,0,,0,,0,,0,,0,,0,,0,,0,,0,,0,,0,,0,,0,,1,,0,,0,,0,,0,,1,,0,,0,,0,,0,,0,,0,,0,,0,,0,,0,,0
2025-11-22,PROD_024,Lotuscrafts Yoga Bolster,Wellness,Cojín Yoga,50,False,,50.57,,2025,11,22,Saturday,5,4,47,30,1,0,0,0,0,0,0,0,8,39,39,,,,,,,,,1.1400000000000006,,,Lotuscrafts Yoga Bolster,Wellness,Cojín Yoga,,0,,0,,0,,0,,0,,0,,0,,0,,0,,0,,1,,0,,0,,0,,0,,0,,0,,0,,0,,0,,0,,0,,0,,0,,0,,0,,0,,1,,0,,0,,0,,0,,1,,0,,0,,0,,0,,0,,0,,0,,0,,0,,0,,0
2025-11-23,PROD_024,Lotuscrafts Yoga Bolster,Wellness,Cojín Yoga,50,False,,49.5,,2025,11,23,Sunday,6,4,47,30,1,0,0,0,0,0,0,0,7,38,38,,,,,,,,,-1.0,,,Lotuscrafts Yoga Bolster,Wellness,Cojín Yoga,,0,,0,,0,,0,,0,,0,,0,,0,,0,,0,,1,,0,,0,,0,,0,,0,,0,,0,,0,,0,,0,,0,,0,,0,,0,,0,,0,,1,,0,,0,,0,,0,,1,,0,,0,,0,,0,,0,,0,,0,,0,,0,,0,,0
2025-11-24,PROD_024,Lotuscrafts Yoga Bolster,Wellness,Cojín Yoga,50,False,,50.87,,2025,11,24,Monday,0,4,48,30,0,0,0,0,0,0,0,0,6,37,37,,,,,,,,,1.739999999999995,,,Lotuscrafts Yoga Bolster,Wellness,Cojín Yoga,,0,,0,,0,,0,,0,,0,,0,,0,,0,,0,,1,,0,,0,,0,,0,,0,,0,,0,,0,,0,,0,,0,,0,,0,,0,,0,,0,,1,,0,,0,,0,,0,,1,,0,,0,,0,,0,,0,,0,,0,,0,,0,,0,,0
2025-11-25,PROD_024,Lotuscrafts Yoga Bolster,Wellness,Cojín Yoga,50,False,,49.04,,2025,11,25,Tuesday,1,4,48,30,0,0,0,0,0,0,0,0,5,36,36,,,,,,,,,-1.9200000000000015,,,Lotuscrafts Yoga Bolster,Wellness,Cojín Yoga,,0,,0,,0,,0,,0,,0,,0,,0,,0,,0,,1,,0,,0,,0,,0,,0,,0,,0,,0,,0,,0,,0,,0,,0,,0,,0,,0,,1,,0,,0,,0,,0,,1,,0,,0,,0,,0,,0,,0,,0,,0,,0,,0,,0
2025-11-26,PROD_024,Lotuscrafts Yoga Bolster,Wellness,Cojín Yoga,50,False,,50.85,,2025,11,26,Wednesday,2,4,48,30,0,0,0,0,0,0,0,0,4,35,35,,,,,,,,,1.7000000000000028,,,Lotuscrafts Yoga Bolster,Wellness,Cojín Yoga,,0,,0,,0,,0,,0,,0,,0,,0,,0,,0,,1,,0,,0,,0,,0,,0,,0,,0,,0,,0,,0,,0,,0,,0,,0,,0,,0,,1,,0,,0,,0,,0,,1,,0,,0,,0,,0,,0,,0,,0,,0,,0,,0,,0
2025-11-27,PROD_024,Lotuscrafts Yoga Bolster,Wellness,Cojín Yoga,50,False,,49.82,,2025,11,27,Thursday,3,4,48,30,0,0,0,0,0,0,0,0,3,34,34,,,,,,,,,-0.35999999999999943,,,Lotuscrafts Yoga Bolster,Wellness,Cojín Yoga,,0,,0,,0,,0,,0,,0,,0,,0,,0,,0,,1,,0,,0,,0,,0,,0,,0,,0,,0,,0,,0,,0,,0,,0,,0,,0,,0,,1,,0,,0,,0,,0,,1,,0,,0,,0,,0,,0,,0,,0,,0,,0,,0,,0
2025-11-28,PROD_024,Lotuscrafts Yoga Bolster,Wellness,Cojín Yoga,50,False,,42.5,,2025,11,28,Friday,4,4,48,30,0,0,1,0,0,0,0,0,2,33,33,,,,,,,,,-15.0,,,Lotuscrafts Yoga Bolster,Wellness,Cojín Yoga,,0,,0,,0,,0,,0,,0,,0,,0,,0,,0,,1,,0,,0,,0,,0,,0,,0,,0,,0,,0,,0,,0,,0,,0,,0,,0,,0,,1,,0,,0,,0,,0,,1,,0,,0,,0,,0,,0,,0,,0,,0,,0,,0,,0
2025-11-29,PROD_024,Lotuscrafts Yoga Bolster,Wellness,Cojín Yoga,50,False,,50.37,,2025,11,29,Saturday,5,4,48,30,1,0,0,0,0,0,0,0,1,32,32,,,,,,,,,0.7399999999999949,,,Lotuscrafts Yoga Bolster,Wellness,Cojín Yoga,,0,,0,,0,,0,,0,,0,,0,,0,,0,,0,,1,,0,,0,,0,,0,,0,,0,,0,,0,,0,,0,,0,,0,,0,,0,,0,,0,,1,,0,,0,,0,,0,,1,,0,,0,,0,,0,,0,,0,,0,,0,,0,,0,,0
2025-11-30,PROD_024,Lotuscrafts Yoga Bolster,Wellness,Cojín Yoga,50,False,,49.62,,2025,11,30,Sunday,6,4,48,30,1,0,0,0,0,0,0,0,0,31,31,,,,,,,,,-0.7600000000000051,,,Lotuscrafts Yoga Bolster,Wellness,Cojín Yoga,,0,,0,,0,,0,,0,,0,,0,,0,,0,,0,,1,,0,,0,,0,,0,,0,,0,,0,,0,,0,,0,,0,,0,,0,,0,,0,,0,,1,,0,,0,,0,,0,,1,,0,,0,,0,,0,,0,,0,,0,,0,,0,,0,,0
